accession	model_version	source_url	local_path	retrieved_at	size_bytes	sha256	downloader_version
A0A067Y2H7	v6	https://alphafold.ebi.ac.uk/files/AF-A0A067Y2H7-F1-model_v6.pdb	../raw/alphafold/AF-A0A067Y2H7-F1-model.pdb	2026-07-23T02:52:12.774183+00:00	131462	a81775a64e2ef646fb7f85e0b21174dd89eece7f033e81bfabe095fae62f47af	plantpersulf/0.0.0
A0A0N7KE93	v6	https://alphafold.ebi.ac.uk/files/AF-A0A0N7KE93-F1-model_v6.pdb	../raw/alphafold/AF-A0A0N7KE93-F1-model.pdb	2026-07-23T02:52:15.889094+00:00	160541	48fb1e41aef54f87d84d8208654c354e4c110f5dc58db65f26e1332a5e71dbbc	plantpersulf/0.0.0
A0A0N7KEN0	v6	https://alphafold.ebi.ac.uk/files/AF-A0A0N7KEN0-F1-model_v6.pdb	../raw/alphafold/AF-A0A0N7KEN0-F1-model.pdb	2026-07-23T02:52:19.118097+00:00	214892	e3f7f388cb48910474f937bd20d039ed4f8555c750f065d3689c7669db75bd1a	plantpersulf/0.0.0
A0A0N7KEV9	v6	https://alphafold.ebi.ac.uk/files/AF-A0A0N7KEV9-F1-model_v6.pdb	../raw/alphafold/AF-A0A0N7KEV9-F1-model.pdb	2026-07-23T02:52:22.264204+00:00	197072	9cd8d0e6763f4d024e357e623cf8233d6ca95d91a6c422e7527559ced9264eef	plantpersulf/0.0.0
A0A0N7KEW9	v6	https://alphafold.ebi.ac.uk/files/AF-A0A0N7KEW9-F1-model_v6.pdb	../raw/alphafold/AF-A0A0N7KEW9-F1-model.pdb	2026-07-23T02:52:25.644111+00:00	404432	de9fc274870cff7f2b7f5b9c2bddd8d10ea451cba93d217e1ba3db3543a96c3b	plantpersulf/0.0.0
A0A0N7KGV0	v6	https://alphafold.ebi.ac.uk/files/AF-A0A0N7KGV0-F1-model_v6.pdb	../raw/alphafold/AF-A0A0N7KGV0-F1-model.pdb	2026-07-23T02:52:28.541133+00:00	135836	224a498e338f5f409570889d574a8e4df3a72a8c10ec3452c0826f5c6d68f73c	plantpersulf/0.0.0
A0A0N7KJ94	v6	https://alphafold.ebi.ac.uk/files/AF-A0A0N7KJ94-F1-model_v6.pdb	../raw/alphafold/AF-A0A0N7KJ94-F1-model.pdb	2026-07-23T02:52:31.523103+00:00	186056	004f7f1c64e5be1ad910bff4f13330afd1a5728e8bc74f246e1f2684577d5946	plantpersulf/0.0.0
A0A0N7KJF4	v6	https://alphafold.ebi.ac.uk/files/AF-A0A0N7KJF4-F1-model_v6.pdb	../raw/alphafold/AF-A0A0N7KJF4-F1-model.pdb	2026-07-23T02:52:34.329115+00:00	96794	99d24e1465e6f54f8f5e6ffb3393b0f6e394d532487be89e88b82245bb643699	plantpersulf/0.0.0
A0A0N7KJP5	v6	https://alphafold.ebi.ac.uk/files/AF-A0A0N7KJP5-F1-model_v6.pdb	../raw/alphafold/AF-A0A0N7KJP5-F1-model.pdb	2026-07-23T02:52:37.366107+00:00	246239	21bcc9b29fc570342728ade761b0b137dfff6f65091ebdd529e00800c466e246	plantpersulf/0.0.0
A0A0N7KLX5	v6	https://alphafold.ebi.ac.uk/files/AF-A0A0N7KLX5-F1-model_v6.pdb	../raw/alphafold/AF-A0A0N7KLX5-F1-model.pdb	2026-07-23T02:52:40.708921+00:00	388718	205e485a301868430f372bd2b98aba9b3298fc77cc58cd4563a9f9f18a425f8d	plantpersulf/0.0.0
A0A0N7KNC0	v6	https://alphafold.ebi.ac.uk/files/AF-A0A0N7KNC0-F1-model_v6.pdb	../raw/alphafold/AF-A0A0N7KNC0-F1-model.pdb	2026-07-23T02:53:04.370136+00:00	203147	80430b1a9b2c7c78ac7805bd7656e23cdb79ec26d757a0cac1adea21c6ee192e	plantpersulf/0.0.0
A0A0N7KRA5	v6	https://alphafold.ebi.ac.uk/files/AF-A0A0N7KRA5-F1-model_v6.pdb	../raw/alphafold/AF-A0A0N7KRA5-F1-model.pdb	2026-07-23T02:53:07.352673+00:00	140777	2557e65923460ba18f236f155607473f7240a80a1d76077db91289f2d1a56e2a	plantpersulf/0.0.0
A0A0N7KS13	v6	https://alphafold.ebi.ac.uk/files/AF-A0A0N7KS13-F1-model_v6.pdb	../raw/alphafold/AF-A0A0N7KS13-F1-model.pdb	2026-07-23T02:53:10.396018+00:00	178847	e1c4f3d81a104174c80c613aed37bdba7575bad7307ccbab7bd216175d173f0b	plantpersulf/0.0.0
A0A0N7KS95	v6	https://alphafold.ebi.ac.uk/files/AF-A0A0N7KS95-F1-model_v6.pdb	../raw/alphafold/AF-A0A0N7KS95-F1-model.pdb	2026-07-23T02:53:13.663565+00:00	596402	4889d390dffb127943247a3e21c4012da536963fd99afa8603c8d2c22339ceac	plantpersulf/0.0.0
A0A0P0UXC4	v6	https://alphafold.ebi.ac.uk/files/AF-A0A0P0UXC4-F1-model_v6.pdb	../raw/alphafold/AF-A0A0P0UXC4-F1-model.pdb	2026-07-23T02:53:17.035316+00:00	391553	6cab8ecbe60c7013c235bc4ecb82f81c0c83875c31f64d187a7599051ab9881c	plantpersulf/0.0.0
A0A0P0UYY1	v6	https://alphafold.ebi.ac.uk/files/AF-A0A0P0UYY1-F1-model_v6.pdb	../raw/alphafold/AF-A0A0P0UYY1-F1-model.pdb	2026-07-23T02:53:20.213638+00:00	427355	adebd74d24b35ce555feabc335bf2364efaabfb180bc20ab4ecf74f810627007	plantpersulf/0.0.0
A0A0P0V1D7	v6	https://alphafold.ebi.ac.uk/files/AF-A0A0P0V1D7-F1-model_v6.pdb	../raw/alphafold/AF-A0A0P0V1D7-F1-model.pdb	2026-07-23T02:53:23.409133+00:00	164186	fd2e0530bb6d9745156886d537db3f2799913b85d47ad7347dc1acd77f645bc1	plantpersulf/0.0.0
A0A0P0V1F6	v6	https://alphafold.ebi.ac.uk/files/AF-A0A0P0V1F6-F1-model_v6.pdb	../raw/alphafold/AF-A0A0P0V1F6-F1-model.pdb	2026-07-23T02:53:26.278795+00:00	122228	9cc2f7206fbbb3de3774d9e8b0231a58f8712b4e0f487c71298543dd41a681cc	plantpersulf/0.0.0
A0A0P0V281	v6	https://alphafold.ebi.ac.uk/files/AF-A0A0P0V281-F1-model_v6.pdb	../raw/alphafold/AF-A0A0P0V281-F1-model.pdb	2026-07-23T02:53:29.795796+00:00	507869	113b4e065677e6a91c7042fe5ff274a72326bd1ac84db905b726cf0652710110	plantpersulf/0.0.0
A0A0P0V2T4	v6	https://alphafold.ebi.ac.uk/files/AF-A0A0P0V2T4-F1-model_v6.pdb	../raw/alphafold/AF-A0A0P0V2T4-F1-model.pdb	2026-07-23T02:53:33.044830+00:00	317114	c464a3f4a7931091afcf0029fc625a9ffc2aa524f6fd2a69887d9f44e212e092	plantpersulf/0.0.0
A0A0P0V3C7	v6	https://alphafold.ebi.ac.uk/files/AF-A0A0P0V3C7-F1-model_v6.pdb	../raw/alphafold/AF-A0A0P0V3C7-F1-model.pdb	2026-07-23T02:53:36.338205+00:00	334448	726e458ef58e360c31b85ee2b1b6b76f92ecb23b2b1c98ad0ff6251fcb2e4f20	plantpersulf/0.0.0
A0A0P0V5F0	v6	https://alphafold.ebi.ac.uk/files/AF-A0A0P0V5F0-F1-model_v6.pdb	../raw/alphafold/AF-A0A0P0V5F0-F1-model.pdb	2026-07-23T02:53:39.490685+00:00	263006	94991ab1d7a6a2af9de7ff8f80bcb40f56636bfa85cbf56d6b0788340ad816d1	plantpersulf/0.0.0
A0A0P0V627	v6	https://alphafold.ebi.ac.uk/files/AF-A0A0P0V627-F1-model_v6.pdb	../raw/alphafold/AF-A0A0P0V627-F1-model.pdb	2026-07-23T02:53:42.906790+00:00	435941	60b56254dbeb8be4bbcb409e2a103737ddd15210b92cb97c0c5a2e25bc8a6b7f	plantpersulf/0.0.0
A0A0P0V6T5	v6	https://alphafold.ebi.ac.uk/files/AF-A0A0P0V6T5-F1-model_v6.pdb	../raw/alphafold/AF-A0A0P0V6T5-F1-model.pdb	2026-07-23T02:53:46.169051+00:00	247616	84eb080837d408bc491964da8657f9d9fe36e324bcc59aa240b7b3ca677a3a5a	plantpersulf/0.0.0
A0A0P0V9R0	v6	https://alphafold.ebi.ac.uk/files/AF-A0A0P0V9R0-F1-model_v6.pdb	../raw/alphafold/AF-A0A0P0V9R0-F1-model.pdb	2026-07-23T02:53:48.949573+00:00	145394	568fc3c47658a7179829701ab32aeb3ec0c0c7bf7f241988cf41b57e408069eb	plantpersulf/0.0.0
A0A0P0VB29	v6	https://alphafold.ebi.ac.uk/files/AF-A0A0P0VB29-F1-model_v6.pdb	../raw/alphafold/AF-A0A0P0VB29-F1-model.pdb	2026-07-23T02:53:52.027268+00:00	253043	e7bfb667eb4be348983e96c84c7de20c426aa69b4b1c5236baaa5e63fbc53258	plantpersulf/0.0.0
A0A0P0VB73	v6	https://alphafold.ebi.ac.uk/files/AF-A0A0P0VB73-F1-model_v6.pdb	../raw/alphafold/AF-A0A0P0VB73-F1-model.pdb	2026-07-23T02:53:54.562387+00:00	140615	c2178887ebbbf70dd6904676affa97636930b1a1ae40c5713364854336cfeee9	plantpersulf/0.0.0
A0A0P0VBX1	v6	https://alphafold.ebi.ac.uk/files/AF-A0A0P0VBX1-F1-model_v6.pdb	../raw/alphafold/AF-A0A0P0VBX1-F1-model.pdb	2026-07-23T02:53:57.643471+00:00	269000	523364c95afa3f9297d1b48aef9be6a4154a6704496dcc10322dc58962089df1	plantpersulf/0.0.0
A0A0P0VD92	v6	https://alphafold.ebi.ac.uk/files/AF-A0A0P0VD92-F1-model_v6.pdb	../raw/alphafold/AF-A0A0P0VD92-F1-model.pdb	2026-07-23T02:54:01.198389+00:00	672623	2d9884633c4b3f714888f96750a3d1bb29e36a705ca51694bfbde461ba859196	plantpersulf/0.0.0
A0A0P0VDZ0	v6	https://alphafold.ebi.ac.uk/files/AF-A0A0P0VDZ0-F1-model_v6.pdb	../raw/alphafold/AF-A0A0P0VDZ0-F1-model.pdb	2026-07-23T02:54:03.800346+00:00	86507	1dc7d352ed1bf7887055bc3fdac88ac3480d19e2bcb309614cacbf1f2df12a33	plantpersulf/0.0.0
A0A0P0VEE0	v6	https://alphafold.ebi.ac.uk/files/AF-A0A0P0VEE0-F1-model_v6.pdb	../raw/alphafold/AF-A0A0P0VEE0-F1-model.pdb	2026-07-23T02:54:06.887371+00:00	155276	127087c048757d28221ba28a32e79b55eec0ae77fbc5714258ced4defb277a99	plantpersulf/0.0.0
A0A0P0VEX6	v6	https://alphafold.ebi.ac.uk/files/AF-A0A0P0VEX6-F1-model_v6.pdb	../raw/alphafold/AF-A0A0P0VEX6-F1-model.pdb	2026-07-23T02:54:09.947838+00:00	135755	177dac404e434915e1ccafbb7b6a9061f290dd7150a66333e872de09dff8be2c	plantpersulf/0.0.0
A0A0P0VFF6	v6	https://alphafold.ebi.ac.uk/files/AF-A0A0P0VFF6-F1-model_v6.pdb	../raw/alphafold/AF-A0A0P0VFF6-F1-model.pdb	2026-07-23T02:54:12.612139+00:00	93392	2b0aaf25607da544b2d525d37a944635b7b1ff0cc984763e335719d3482b9432	plantpersulf/0.0.0
A0A0P0VHR8	v6	https://alphafold.ebi.ac.uk/files/AF-A0A0P0VHR8-F1-model_v6.pdb	../raw/alphafold/AF-A0A0P0VHR8-F1-model.pdb	2026-07-23T02:54:15.804314+00:00	228824	5649a815738318784c30adae74f4d11b28b55211f0406958f893f79001853cb5	plantpersulf/0.0.0
A0A0P0VIA6	v6	https://alphafold.ebi.ac.uk/files/AF-A0A0P0VIA6-F1-model_v6.pdb	../raw/alphafold/AF-A0A0P0VIA6-F1-model.pdb	2026-07-23T02:54:19.002786+00:00	230363	67987980241f5e2412281d9babf4567ab99f7895fdf756597dd5d18043ee56e8	plantpersulf/0.0.0
A0A0P0VK57	v6	https://alphafold.ebi.ac.uk/files/AF-A0A0P0VK57-F1-model_v6.pdb	../raw/alphafold/AF-A0A0P0VK57-F1-model.pdb	2026-07-23T02:54:22.051103+00:00	187514	32412a2c24b42ef1354aef0c0a21e65108e8693141efd605165c78f940eb4ad8	plantpersulf/0.0.0
A0A0P0VKN4	v6	https://alphafold.ebi.ac.uk/files/AF-A0A0P0VKN4-F1-model_v6.pdb	../raw/alphafold/AF-A0A0P0VKN4-F1-model.pdb	2026-07-23T02:54:25.180804+00:00	257336	f4d5604d14bca51cda1288281c6099227b2fa3d956297780047ead410cc14402	plantpersulf/0.0.0
A0A0P0VLX4	v6	https://alphafold.ebi.ac.uk/files/AF-A0A0P0VLX4-F1-model_v6.pdb	../raw/alphafold/AF-A0A0P0VLX4-F1-model.pdb	2026-07-23T02:54:28.467399+00:00	261305	9141ae43364b73e24736283ec9e30eead0f9166babd9001aa7149f49a1b5868c	plantpersulf/0.0.0
A0A0P0VM43	v6	https://alphafold.ebi.ac.uk/files/AF-A0A0P0VM43-F1-model_v6.pdb	../raw/alphafold/AF-A0A0P0VM43-F1-model.pdb	2026-07-23T02:54:31.388482+00:00	81566	1c0979696e1eb4994c356839638b29c830e6b9fd4942c69b01d6f6e92b271451	plantpersulf/0.0.0
A0A0P0VMR6	v6	https://alphafold.ebi.ac.uk/files/AF-A0A0P0VMR6-F1-model_v6.pdb	../raw/alphafold/AF-A0A0P0VMR6-F1-model.pdb	2026-07-23T02:54:34.457842+00:00	157625	1efd1bfa6737ccb15bbd9e20e382aa8cbd792a79fafd9a8fd30b54d143a8e159	plantpersulf/0.0.0
A0A0P0VN80	v6	https://alphafold.ebi.ac.uk/files/AF-A0A0P0VN80-F1-model_v6.pdb	../raw/alphafold/AF-A0A0P0VN80-F1-model.pdb	2026-07-23T02:54:37.762698+00:00	409616	02bcf7aa4d073b997a4f794e2a364a8d012b7b820a2c9630325e639a459c23bc	plantpersulf/0.0.0
A0A0P0VNP5	v6	https://alphafold.ebi.ac.uk/files/AF-A0A0P0VNP5-F1-model_v6.pdb	../raw/alphafold/AF-A0A0P0VNP5-F1-model.pdb	2026-07-23T02:54:40.998254+00:00	258389	3fc90db9849a453d8d23d869e05ce48cf2134e11d861cef980570eca3919d20d	plantpersulf/0.0.0
A0A0P0VNW0	v6	https://alphafold.ebi.ac.uk/files/AF-A0A0P0VNW0-F1-model_v6.pdb	../raw/alphafold/AF-A0A0P0VNW0-F1-model.pdb	2026-07-23T02:54:44.198752+00:00	222911	f9d1168a65d06ddd3f961e81a876e0999ba07c754a1a4c32c4db8e9abc0b3c93	plantpersulf/0.0.0
A0A0P0VQS0	v6	https://alphafold.ebi.ac.uk/files/AF-A0A0P0VQS0-F1-model_v6.pdb	../raw/alphafold/AF-A0A0P0VQS0-F1-model.pdb	2026-07-23T02:54:47.387569+00:00	270701	f7ef11fedf70fd7d718182665438200086baf9ea9409097af92ef0b88fe84176	plantpersulf/0.0.0
A0A0P0VR67	v6	https://alphafold.ebi.ac.uk/files/AF-A0A0P0VR67-F1-model_v6.pdb	../raw/alphafold/AF-A0A0P0VR67-F1-model.pdb	2026-07-23T02:54:50.430725+00:00	189782	b8d6340a8dd5de41ec420de5db4af935e5c15db8514c4d3331689a3e3c1358e3	plantpersulf/0.0.0
A0A0P0VT53	v6	https://alphafold.ebi.ac.uk/files/AF-A0A0P0VT53-F1-model_v6.pdb	../raw/alphafold/AF-A0A0P0VT53-F1-model.pdb	2026-07-23T02:54:53.760380+00:00	296297	00a9dce4ed3ffd203f6d5d00ade6c11e6d079d16624c9e1ca59915b1de32765c	plantpersulf/0.0.0
A0A0P0VUA6	v6	https://alphafold.ebi.ac.uk/files/AF-A0A0P0VUA6-F1-model_v6.pdb	../raw/alphafold/AF-A0A0P0VUA6-F1-model.pdb	2026-07-23T02:54:56.858874+00:00	170666	227be0795dbdd629b93f7a0902547a3a1ce732b984ef6de5bf27ea4e9c72f48e	plantpersulf/0.0.0
A0A0P0VUV1	v6	https://alphafold.ebi.ac.uk/files/AF-A0A0P0VUV1-F1-model_v6.pdb	../raw/alphafold/AF-A0A0P0VUV1-F1-model.pdb	2026-07-23T02:55:00.246075+00:00	318086	bd0341f013eba26332cb492083f0c491a0020058595298f78f84561479942fba	plantpersulf/0.0.0
A0A0P0VVF6	v6	https://alphafold.ebi.ac.uk/files/AF-A0A0P0VVF6-F1-model_v6.pdb	../raw/alphafold/AF-A0A0P0VVF6-F1-model.pdb	2026-07-23T02:55:03.480512+00:00	310715	64dd3cb8093010b7622fa04737ee6d9ee414a7772d9824e088d378cc912187c9	plantpersulf/0.0.0
A0A0P0VVQ5	v6	https://alphafold.ebi.ac.uk/files/AF-A0A0P0VVQ5-F1-model_v6.pdb	../raw/alphafold/AF-A0A0P0VVQ5-F1-model.pdb	2026-07-23T02:55:06.890292+00:00	297755	904aaf75f3f1fc79e67b671e405498d865ceb965f5d42e7853efb1f0ec41cc37	plantpersulf/0.0.0
A0A0P0VVX9	v6	https://alphafold.ebi.ac.uk/files/AF-A0A0P0VVX9-F1-model_v6.pdb	../raw/alphafold/AF-A0A0P0VVX9-F1-model.pdb	2026-07-23T02:55:10.215398+00:00	240488	b878a097a3b8a858c3b867408eb874460a782e3a592e421406931ed038b6d19a	plantpersulf/0.0.0
A0A0P0VWK1	v6	https://alphafold.ebi.ac.uk/files/AF-A0A0P0VWK1-F1-model_v6.pdb	../raw/alphafold/AF-A0A0P0VWK1-F1-model.pdb	2026-07-23T02:55:14.125498+00:00	717335	a0fca8789175114fe792beffe9dbd52d2b5b84d89aa1d40e3c7c7c2b3f42e2c4	plantpersulf/0.0.0
A0A0P0VYN8	v6	https://alphafold.ebi.ac.uk/files/AF-A0A0P0VYN8-F1-model_v6.pdb	../raw/alphafold/AF-A0A0P0VYN8-F1-model.pdb	2026-07-23T02:55:17.098771+00:00	136079	00e97e107772f9fe8db08cbf1611c3d11669f056143ab1ea7b1ba02403824774	plantpersulf/0.0.0
A0A0P0W2C2	v6	https://alphafold.ebi.ac.uk/files/AF-A0A0P0W2C2-F1-model_v6.pdb	../raw/alphafold/AF-A0A0P0W2C2-F1-model.pdb	2026-07-23T02:55:20.505175+00:00	353240	263b26f323fdd06949df77acb2c145d88de6501eade747b303f883d0a3d294db	plantpersulf/0.0.0
A0A0P0W399	v6	https://alphafold.ebi.ac.uk/files/AF-A0A0P0W399-F1-model_v6.pdb	../raw/alphafold/AF-A0A0P0W399-F1-model.pdb	2026-07-23T02:55:24.009194+00:00	587087	4e8649140f9b42f285b2b88a063321421a04d141fc54c442dcb39d674166939b	plantpersulf/0.0.0
A0A0P0W429	v6	https://alphafold.ebi.ac.uk/files/AF-A0A0P0W429-F1-model_v6.pdb	../raw/alphafold/AF-A0A0P0W429-F1-model.pdb	2026-07-23T02:55:27.522297+00:00	616895	7fd3e146b59f665c4e66c7a34997a760bd2104a124bb3f32beb1e1b40a97c695	plantpersulf/0.0.0
A0A0P0W4H7	v6	https://alphafold.ebi.ac.uk/files/AF-A0A0P0W4H7-F1-model_v6.pdb	../raw/alphafold/AF-A0A0P0W4H7-F1-model.pdb	2026-07-23T02:55:30.667389+00:00	130571	b91f621110bcef99b92b20281e395b00ffb1bd56ba1931740d06ed82548f3a2c	plantpersulf/0.0.0
A0A0P0W4W6	v6	https://alphafold.ebi.ac.uk/files/AF-A0A0P0W4W6-F1-model_v6.pdb	../raw/alphafold/AF-A0A0P0W4W6-F1-model.pdb	2026-07-23T02:55:34.142917+00:00	383453	4279fb87aff7a102911e22858691608b48f501d14f2ffbc4243741eb78bb37af	plantpersulf/0.0.0
A0A0P0W632	v6	https://alphafold.ebi.ac.uk/files/AF-A0A0P0W632-F1-model_v6.pdb	../raw/alphafold/AF-A0A0P0W632-F1-model.pdb	2026-07-23T02:55:36.910961+00:00	98090	e802d3b31d4a62c63b95e81a24f6c77dfd78991f20ea9246a7cbb0a163894465	plantpersulf/0.0.0
A0A0P0W7H6	v6	https://alphafold.ebi.ac.uk/files/AF-A0A0P0W7H6-F1-model_v6.pdb	../raw/alphafold/AF-A0A0P0W7H6-F1-model.pdb	2026-07-23T02:55:39.522359+00:00	87155	3074929c961be4f13944ff1ac197a8cb62477560bc50f2b119a002d723fb82e5	plantpersulf/0.0.0
A0A0P0W896	v6	https://alphafold.ebi.ac.uk/files/AF-A0A0P0W896-F1-model_v6.pdb	../raw/alphafold/AF-A0A0P0W896-F1-model.pdb	2026-07-23T02:55:42.153842+00:00	195128	766a677f74ed0386497cbe90db9d471f1069d66566e0dc85b8af5d1e8d95a957	plantpersulf/0.0.0
A0A0P0WAP9	v6	https://alphafold.ebi.ac.uk/files/AF-A0A0P0WAP9-F1-model_v6.pdb	../raw/alphafold/AF-A0A0P0WAP9-F1-model.pdb	2026-07-23T02:55:44.972101+00:00	94850	c99b7bb40e416e60b24896695f416c150b8ae55b23c63891966936f64cbe27f9	plantpersulf/0.0.0
A0A0P0WC35	v6	https://alphafold.ebi.ac.uk/files/AF-A0A0P0WC35-F1-model_v6.pdb	../raw/alphafold/AF-A0A0P0WC35-F1-model.pdb	2026-07-23T02:55:48.140062+00:00	310634	0867969081b19d7c6ba43fd65dc2078423caf7490c6f7cc942d617ca783ecc0a	plantpersulf/0.0.0
A0A0P0WCX8	v6	https://alphafold.ebi.ac.uk/files/AF-A0A0P0WCX8-F1-model_v6.pdb	../raw/alphafold/AF-A0A0P0WCX8-F1-model.pdb	2026-07-23T02:55:51.376756+00:00	312983	ebb46395f1ee76f87800203e2f070f17a2beac2177fdcba8cb15d7e830da5c32	plantpersulf/0.0.0
A0A0P0WD13	v6	https://alphafold.ebi.ac.uk/files/AF-A0A0P0WD13-F1-model_v6.pdb	../raw/alphafold/AF-A0A0P0WD13-F1-model.pdb	2026-07-23T02:55:54.178874+00:00	124415	e4f31e71f52faea49c752822159edb851af70d6f66817e39af9739d7f5f2db09	plantpersulf/0.0.0
A0A0P0WGR6	v6	https://alphafold.ebi.ac.uk/files/AF-A0A0P0WGR6-F1-model_v6.pdb	../raw/alphafold/AF-A0A0P0WGR6-F1-model.pdb	2026-07-23T02:55:56.927333+00:00	52325	9162e62df0ffb27cfa03025939778eef9a9a5684ff99c456524fb4a31f5a164a	plantpersulf/0.0.0
A0A0P0WGW6	v6	https://alphafold.ebi.ac.uk/files/AF-A0A0P0WGW6-F1-model_v6.pdb	../raw/alphafold/AF-A0A0P0WGW6-F1-model.pdb	2026-07-23T02:55:59.678255+00:00	66014	cf09f029ed6150875a3d86aadf8aeaffb62be6af2f2118ea098e4f430da84452	plantpersulf/0.0.0
A0A0P0WHC7	v6	https://alphafold.ebi.ac.uk/files/AF-A0A0P0WHC7-F1-model_v6.pdb	../raw/alphafold/AF-A0A0P0WHC7-F1-model.pdb	2026-07-23T02:56:02.595752+00:00	131300	95d90f0022e0724b892eb5c49bdc178a86ab70fc43aeb2c492a75646d36d56c4	plantpersulf/0.0.0
A0A0P0WHN0	v6	https://alphafold.ebi.ac.uk/files/AF-A0A0P0WHN0-F1-model_v6.pdb	../raw/alphafold/AF-A0A0P0WHN0-F1-model.pdb	2026-07-23T02:56:05.793886+00:00	205658	a4d6ca171a579b4bac680402c4aa9a7da78c28889322019b136f6aa529a69c7e	plantpersulf/0.0.0
A0A0P0WIB7	v6	https://alphafold.ebi.ac.uk/files/AF-A0A0P0WIB7-F1-model_v6.pdb	../raw/alphafold/AF-A0A0P0WIB7-F1-model.pdb	2026-07-23T02:56:09.167259+00:00	393416	dd6445dd26497f7b0c3268a6176aafe650e03164e3d3ba5c8e7aeaf89867b5b5	plantpersulf/0.0.0
A0A0P0WJ39	v6	https://alphafold.ebi.ac.uk/files/AF-A0A0P0WJ39-F1-model_v6.pdb	../raw/alphafold/AF-A0A0P0WJ39-F1-model.pdb	2026-07-23T02:56:12.606391+00:00	242189	fad8b913a7d0a52cca6f6a89faf189eeabb7231dc1dc58c6181424be91a7585d	plantpersulf/0.0.0
A0A0P0WJ70	v6	https://alphafold.ebi.ac.uk/files/AF-A0A0P0WJ70-F1-model_v6.pdb	../raw/alphafold/AF-A0A0P0WJ70-F1-model.pdb	2026-07-23T02:56:15.679152+00:00	122147	81144178e3a97c5e1a63a76f8288384a7cc5944ace5716f31d42c60d57d15ae8	plantpersulf/0.0.0
A0A0P0WJT6	v6	https://alphafold.ebi.ac.uk/files/AF-A0A0P0WJT6-F1-model_v6.pdb	../raw/alphafold/AF-A0A0P0WJT6-F1-model.pdb	2026-07-23T02:56:19.099605+00:00	475145	f5c40ca95307cc2121747ff7c11a813ca830eb6a0452278c41ec3a393cd9c376	plantpersulf/0.0.0
A0A0P0WLR9	v6	https://alphafold.ebi.ac.uk/files/AF-A0A0P0WLR9-F1-model_v6.pdb	../raw/alphafold/AF-A0A0P0WLR9-F1-model.pdb	2026-07-23T02:56:22.255594+00:00	207197	23f9d025d738b8ba00de333f2fc962720203eddf52cd6c96862d5e56810b2ff1	plantpersulf/0.0.0
A0A0P0WMJ3	v6	https://alphafold.ebi.ac.uk/files/AF-A0A0P0WMJ3-F1-model_v6.pdb	../raw/alphafold/AF-A0A0P0WMJ3-F1-model.pdb	2026-07-23T02:56:25.047336+00:00	130247	d2ba5de532cb3a62f1173c4307b2f1678a760087985eb2d53d58dfe08f43e5c7	plantpersulf/0.0.0
A0A0P0WR87	v6	https://alphafold.ebi.ac.uk/files/AF-A0A0P0WR87-F1-model_v6.pdb	../raw/alphafold/AF-A0A0P0WR87-F1-model.pdb	2026-07-23T02:56:28.001869+00:00	213758	35433ddf7db3efc3a3d6e855782825c9125d318a2f843653b3eb257296416aaf	plantpersulf/0.0.0
A0A0P0WTA4	v6	https://alphafold.ebi.ac.uk/files/AF-A0A0P0WTA4-F1-model_v6.pdb	../raw/alphafold/AF-A0A0P0WTA4-F1-model.pdb	2026-07-23T02:56:30.959716+00:00	89666	41c529ad5142528111d6597d97b157b7b6b3b55aa08715f80b452256919723e4	plantpersulf/0.0.0
A0A0P0WTF4	v6	https://alphafold.ebi.ac.uk/files/AF-A0A0P0WTF4-F1-model_v6.pdb	../raw/alphafold/AF-A0A0P0WTF4-F1-model.pdb	2026-07-23T02:56:34.109219+00:00	209222	bd39c5fe1357b59b2e0cc5fbe84afe4e6071cc29fb47c3380db464e5fa720843	plantpersulf/0.0.0
A0A0P0WUV5	v6	https://alphafold.ebi.ac.uk/files/AF-A0A0P0WUV5-F1-model_v6.pdb	../raw/alphafold/AF-A0A0P0WUV5-F1-model.pdb	2026-07-23T02:56:36.687305+00:00	199340	3479c8890806ebb407095cd7ca2bcab2915fc4eb0f61251bce092d34c4b5917b	plantpersulf/0.0.0
A0A0P0WV74	v6	https://alphafold.ebi.ac.uk/files/AF-A0A0P0WV74-F1-model_v6.pdb	../raw/alphafold/AF-A0A0P0WV74-F1-model.pdb	2026-07-23T02:56:39.187859+00:00	522530	6e708496d088faf27a4617f5399220c671bf306147289655e848495ba8b87910	plantpersulf/0.0.0
A0A0P0WVA0	v6	https://alphafold.ebi.ac.uk/files/AF-A0A0P0WVA0-F1-model_v6.pdb	../raw/alphafold/AF-A0A0P0WVA0-F1-model.pdb	2026-07-23T02:56:42.749341+00:00	423791	dfa0f285f6670dc5330f3398ced71dd0d310e9f138b9859574b703c9ad8ad340	plantpersulf/0.0.0
A0A0P0WXE9	v6	https://alphafold.ebi.ac.uk/files/AF-A0A0P0WXE9-F1-model_v6.pdb	../raw/alphafold/AF-A0A0P0WXE9-F1-model.pdb	2026-07-23T02:56:45.898432+00:00	181277	fc62305623aee1c4e4730d2a313fad3f2f6349c409c0e9e51c1322286b122073	plantpersulf/0.0.0
A0A0P0WXN6	v6	https://alphafold.ebi.ac.uk/files/AF-A0A0P0WXN6-F1-model_v6.pdb	../raw/alphafold/AF-A0A0P0WXN6-F1-model.pdb	2026-07-23T02:56:49.145629+00:00	328373	d49a26d1ad8741d5a5cc309b653d74ebdf0a01ceea063312dbb66f67de87482c	plantpersulf/0.0.0
A0A0P0WXV2	v6	https://alphafold.ebi.ac.uk/files/AF-A0A0P0WXV2-F1-model_v6.pdb	../raw/alphafold/AF-A0A0P0WXV2-F1-model.pdb	2026-07-23T02:56:52.065022+00:00	233846	56783ed17f0e68544ac13bc3fcdd72521ff4564778f97abb15cab84c052f2434	plantpersulf/0.0.0
A0A0P0WY29	v6	https://alphafold.ebi.ac.uk/files/AF-A0A0P0WY29-F1-model_v6.pdb	../raw/alphafold/AF-A0A0P0WY29-F1-model.pdb	2026-07-23T02:56:55.030119+00:00	105380	3e26043651b9c4a9f2b34ae274371b7242fdf71ddfbee0da7dde64f8850b0002	plantpersulf/0.0.0
A0A0P0WYA9	v6	https://alphafold.ebi.ac.uk/files/AF-A0A0P0WYA9-F1-model_v6.pdb	../raw/alphafold/AF-A0A0P0WYA9-F1-model.pdb	2026-07-23T02:56:58.159098+00:00	246644	57b35090802b424b544d74154a58665e7c9f605d2534c9d77365be431bfa8102	plantpersulf/0.0.0
A0A0P0WYN1	v6	https://alphafold.ebi.ac.uk/files/AF-A0A0P0WYN1-F1-model_v6.pdb	../raw/alphafold/AF-A0A0P0WYN1-F1-model.pdb	2026-07-23T02:57:01.008371+00:00	100682	2f6a263a0e0795347146d543fa7fdb344c46eeb2c928268e17e38d15a42b6c2f	plantpersulf/0.0.0
A0A0P0X045	v6	https://alphafold.ebi.ac.uk/files/AF-A0A0P0X045-F1-model_v6.pdb	../raw/alphafold/AF-A0A0P0X045-F1-model.pdb	2026-07-23T02:57:03.872891+00:00	90557	7d668e5de759b04d43928d414a5ae5fa85b2acf8b0b071e7a4a7fd5ad857d132	plantpersulf/0.0.0
A0A0P0X0E4	v6	https://alphafold.ebi.ac.uk/files/AF-A0A0P0X0E4-F1-model_v6.pdb	../raw/alphafold/AF-A0A0P0X0E4-F1-model.pdb	2026-07-23T02:57:07.043815+00:00	216026	ece4c374aa3451b3ef93f26e07a392074d3349ea7bcc734e45e5a0b53d419811	plantpersulf/0.0.0
A0A0P0X1Z2	v6	https://alphafold.ebi.ac.uk/files/AF-A0A0P0X1Z2-F1-model_v6.pdb	../raw/alphafold/AF-A0A0P0X1Z2-F1-model.pdb	2026-07-23T02:57:10.587392+00:00	503414	c17768061f921782443b96d328bca700ddaea865f6ec056e9a4f026035ab2596	plantpersulf/0.0.0
A0A0P0X2D8	v6	https://alphafold.ebi.ac.uk/files/AF-A0A0P0X2D8-F1-model_v6.pdb	../raw/alphafold/AF-A0A0P0X2D8-F1-model.pdb	2026-07-23T02:57:13.723331+00:00	263978	ccc470c5b4712827873efcbf6791feba9bc462e824c7b7b15fd936b41b28e616	plantpersulf/0.0.0
A0A0P0X477	v6	https://alphafold.ebi.ac.uk/files/AF-A0A0P0X477-F1-model_v6.pdb	../raw/alphafold/AF-A0A0P0X477-F1-model.pdb	2026-07-23T02:57:17.067962+00:00	241703	e68209c97d1a5cf8659cc14781d0db211f80155a7be74f44f94ce1575bc5e998	plantpersulf/0.0.0
A0A0P0X4Q8	v6	https://alphafold.ebi.ac.uk/files/AF-A0A0P0X4Q8-F1-model_v6.pdb	../raw/alphafold/AF-A0A0P0X4Q8-F1-model.pdb	2026-07-23T02:57:20.060080+00:00	131219	3ccd4dea2d94d149c6c971df3c3da30801ced65c1aa2bbe31a0f4f74a57808f0	plantpersulf/0.0.0
A0A0P0X5E8	v6	https://alphafold.ebi.ac.uk/files/AF-A0A0P0X5E8-F1-model_v6.pdb	../raw/alphafold/AF-A0A0P0X5E8-F1-model.pdb	2026-07-23T02:57:22.616621+00:00	54917	56eadc561381eb1561ff144003ae4508658bd8f6c1e1c757d4e2022dc50939d0	plantpersulf/0.0.0
A0A0P0X7F9	v6	https://alphafold.ebi.ac.uk/files/AF-A0A0P0X7F9-F1-model_v6.pdb	../raw/alphafold/AF-A0A0P0X7F9-F1-model.pdb	2026-07-23T02:57:25.445494+00:00	109025	811b90f22f8f90d10036e2ab1bfd345468bd4f1a5351f10eceb23770fee57970	plantpersulf/0.0.0
A0A0P0XAE2	v6	https://alphafold.ebi.ac.uk/files/AF-A0A0P0XAE2-F1-model_v6.pdb	../raw/alphafold/AF-A0A0P0XAE2-F1-model.pdb	2026-07-23T02:57:29.270944+00:00	560357	bcfe701c97f9b928bd8f79c43773a3f32a7b211fd8ab9bd3266cd36d6b47b9d6	plantpersulf/0.0.0
A0A0P0XB45	v6	https://alphafold.ebi.ac.uk/files/AF-A0A0P0XB45-F1-model_v6.pdb	../raw/alphafold/AF-A0A0P0XB45-F1-model.pdb	2026-07-23T02:57:31.986432+00:00	175283	760331bb16f58f353634257a0d85999d3b956c8f8e146c86e863a29d45806390	plantpersulf/0.0.0
A0A0P0XBE3	v6	https://alphafold.ebi.ac.uk/files/AF-A0A0P0XBE3-F1-model_v6.pdb	../raw/alphafold/AF-A0A0P0XBE3-F1-model.pdb	2026-07-23T02:57:34.594921+00:00	58481	3f089dc948ca840c3007ba12bcbec972f284a31837e32598176dd0dab2c88ba8	plantpersulf/0.0.0
A0A0P0XED4	v6	https://alphafold.ebi.ac.uk/files/AF-A0A0P0XED4-F1-model_v6.pdb	../raw/alphafold/AF-A0A0P0XED4-F1-model.pdb	2026-07-23T02:57:37.776000+00:00	264788	cfe323d2322c4f1b562c00064c775993ad4ccc8aa58701a6ae269db7859118f1	plantpersulf/0.0.0
A0A0P0XFW6	v6	https://alphafold.ebi.ac.uk/files/AF-A0A0P0XFW6-F1-model_v6.pdb	../raw/alphafold/AF-A0A0P0XFW6-F1-model.pdb	2026-07-23T02:57:41.122486+00:00	271187	9e4b001f1a08d1061479c5bda66b4fef2b64cfc7d09023860941b75d441eb427	plantpersulf/0.0.0
A0A0P0XGD0	v6	https://alphafold.ebi.ac.uk/files/AF-A0A0P0XGD0-F1-model_v6.pdb	../raw/alphafold/AF-A0A0P0XGD0-F1-model.pdb	2026-07-23T02:57:44.050107+00:00	82619	9d96044813e3e6ba2c0c7f308a60f26a471f373c0816f9a1cc8159dc978e7bea	plantpersulf/0.0.0
A0A0P0XGY2	v6	https://alphafold.ebi.ac.uk/files/AF-A0A0P0XGY2-F1-model_v6.pdb	../raw/alphafold/AF-A0A0P0XGY2-F1-model.pdb	2026-07-23T02:57:47.257601+00:00	214973	86cac963f0fc384cd549283dd57027a22d7df11cd9c2d9b91062f5ab96539f20	plantpersulf/0.0.0
A0A0P0XH61	v6	https://alphafold.ebi.ac.uk/files/AF-A0A0P0XH61-F1-model_v6.pdb	../raw/alphafold/AF-A0A0P0XH61-F1-model.pdb	2026-07-23T02:57:50.640101+00:00	370088	3a995937b0513f60029c1dd7170ac219fc6bf716c00c74c0b6978731420ed8fe	plantpersulf/0.0.0
A0A0P0XIV5	v6	https://alphafold.ebi.ac.uk/files/AF-A0A0P0XIV5-F1-model_v6.pdb	../raw/alphafold/AF-A0A0P0XIV5-F1-model.pdb	2026-07-23T02:57:53.931792+00:00	204200	a387ce821a935d71ea1cabc39709272bd0791a7e7f00ba08d6497d3f35be613a	plantpersulf/0.0.0
A0A0P0XJR1	v6	https://alphafold.ebi.ac.uk/files/AF-A0A0P0XJR1-F1-model_v6.pdb	../raw/alphafold/AF-A0A0P0XJR1-F1-model.pdb	2026-07-23T02:57:57.211000+00:00	277991	36b9ea6fff756ac75a3f78eb5f7959588746928ad1c1f8656746c3357baaa788	plantpersulf/0.0.0
A0A0P0XMB6	v6	https://alphafold.ebi.ac.uk/files/AF-A0A0P0XMB6-F1-model_v6.pdb	../raw/alphafold/AF-A0A0P0XMB6-F1-model.pdb	2026-07-23T02:58:00.644200+00:00	636254	0c0e5266b6f7998d39d7d4f9e4bc09dae904b167740e0a572d6b8d0f7d6875b5	plantpersulf/0.0.0
A0A0P0XMI4	v6	https://alphafold.ebi.ac.uk/files/AF-A0A0P0XMI4-F1-model_v6.pdb	../raw/alphafold/AF-A0A0P0XMI4-F1-model.pdb	2026-07-23T02:58:04.123249+00:00	542699	8df1f887421f263ab953b92871953b92429a01badb01c90c1c4a58bd4311998f	plantpersulf/0.0.0
A0A0P0XNU8	v6	https://alphafold.ebi.ac.uk/files/AF-A0A0P0XNU8-F1-model_v6.pdb	../raw/alphafold/AF-A0A0P0XNU8-F1-model.pdb	2026-07-23T02:58:07.545732+00:00	317276	c5a24fca00034932d243f9be5567f2efb0897613fc7edd33880198647163421b	plantpersulf/0.0.0
A0A0P0XQR7	v6	https://alphafold.ebi.ac.uk/files/AF-A0A0P0XQR7-F1-model_v6.pdb	../raw/alphafold/AF-A0A0P0XQR7-F1-model.pdb	2026-07-23T02:58:10.527326+00:00	210113	ce1893434f3bfab9eae70696944603661525d78c5989cd040e110666484903f0	plantpersulf/0.0.0
A0A0P0XV76	v6	https://alphafold.ebi.ac.uk/files/AF-A0A0P0XV76-F1-model_v6.pdb	../raw/alphafold/AF-A0A0P0XV76-F1-model.pdb	2026-07-23T02:58:13.738488+00:00	312254	6aa4c641f22b16bf81e9f706112d0e0b9d4379476a06fe2431252705081f8186	plantpersulf/0.0.0
A0A0P0XXF8	v6	https://alphafold.ebi.ac.uk/files/AF-A0A0P0XXF8-F1-model_v6.pdb	../raw/alphafold/AF-A0A0P0XXF8-F1-model.pdb	2026-07-23T02:58:16.711436+00:00	114290	00ca31994d18ac0866acca2861a01feea60d3e3ed2aa4dcb6c540e5961c889e9	plantpersulf/0.0.0
A0A0P0XXH4	v6	https://alphafold.ebi.ac.uk/files/AF-A0A0P0XXH4-F1-model_v6.pdb	../raw/alphafold/AF-A0A0P0XXH4-F1-model.pdb	2026-07-23T02:58:19.281748+00:00	108458	d252dab7875058a880835089e34119df92e55b7c31b247345f715a3d9baf117e	plantpersulf/0.0.0
A0A0P0Y285	v6	https://alphafold.ebi.ac.uk/files/AF-A0A0P0Y285-F1-model_v6.pdb	../raw/alphafold/AF-A0A0P0Y285-F1-model.pdb	2026-07-23T02:58:22.598444+00:00	287063	c45b7acd91da370063b9e5746ea9970e910f92ccb38c0e820a68bc3e905084a3	plantpersulf/0.0.0
A0A0P0Y2A9	v6	https://alphafold.ebi.ac.uk/files/AF-A0A0P0Y2A9-F1-model_v6.pdb	../raw/alphafold/AF-A0A0P0Y2A9-F1-model.pdb	2026-07-23T02:58:25.609046+00:00	106676	732b7177aa43454dc61196a64a4a0ae45d97bd60cf498657e4c11185f78bd53e	plantpersulf/0.0.0
A0A0P0Y2K3	v6	https://alphafold.ebi.ac.uk/files/AF-A0A0P0Y2K3-F1-model_v6.pdb	../raw/alphafold/AF-A0A0P0Y2K3-F1-model.pdb	2026-07-23T02:58:28.489963+00:00	107324	37d5b9797e7da22e6b03a9021fefe436ece1435ca2b5276aa1b94ebf7340fa2d	plantpersulf/0.0.0
A0A0P0Y677	v6	https://alphafold.ebi.ac.uk/files/AF-A0A0P0Y677-F1-model_v6.pdb	../raw/alphafold/AF-A0A0P0Y677-F1-model.pdb	2026-07-23T02:58:31.645770+00:00	247535	d246838ee93df4e919dc62897934f5a78dc8444c6c77fc14cd5c5483c2cebf78	plantpersulf/0.0.0
A0A0P0Y8L8	v6	https://alphafold.ebi.ac.uk/files/AF-A0A0P0Y8L8-F1-model_v6.pdb	../raw/alphafold/AF-A0A0P0Y8L8-F1-model.pdb	2026-07-23T02:58:34.891572+00:00	238058	1ea50f53ae5c393145aa5ac8f03d2e6bf2dd42c7d02151a150b341646bd843b6	plantpersulf/0.0.0
A0A0P0Y9Y8	v6	https://alphafold.ebi.ac.uk/files/AF-A0A0P0Y9Y8-F1-model_v6.pdb	../raw/alphafold/AF-A0A0P0Y9Y8-F1-model.pdb	2026-07-23T02:58:38.464600+00:00	680480	465c4ed39c00ad1d4a98f2cd8a305e60997eb8895938b2296fc956f94322f513	plantpersulf/0.0.0
A0A0P0YAL3	v6	https://alphafold.ebi.ac.uk/files/AF-A0A0P0YAL3-F1-model_v6.pdb	../raw/alphafold/AF-A0A0P0YAL3-F1-model.pdb	2026-07-23T02:58:41.966291+00:00	426950	af4f58c0d96551e8410c9ee127fcdd0d951b2fab5c3b00c3e6958fb17ad76b8f	plantpersulf/0.0.0
A0A0P0YBQ1	v6	https://alphafold.ebi.ac.uk/files/AF-A0A0P0YBQ1-F1-model_v6.pdb	../raw/alphafold/AF-A0A0P0YBQ1-F1-model.pdb	2026-07-23T02:58:45.431106+00:00	565622	647c63747b582f85619d26e2bc62fa5a93e1fdc3d3d528272c7026d2f762d16c	plantpersulf/0.0.0
A0A0P0YCG8	v6	https://alphafold.ebi.ac.uk/files/AF-A0A0P0YCG8-F1-model_v6.pdb	../raw/alphafold/AF-A0A0P0YCG8-F1-model.pdb	2026-07-23T02:58:48.452786+00:00	107000	058483652438ab3673f5fac52e12b23cfee95126c67a21897c45445e5714fc0a	plantpersulf/0.0.0
A0A151V4S6	v6	https://alphafold.ebi.ac.uk/files/AF-A0A151V4S6-F1-model_v6.pdb	../raw/alphafold/AF-A0A151V4S6-F1-model.pdb	2026-07-23T02:58:51.124065+00:00	353726	03559e41862487b3a5e2ba5d2896e3966f833d119f23555cfd92576d6b7849e5	plantpersulf/0.0.0
A0A1P8APX1	v6	https://alphafold.ebi.ac.uk/files/AF-A0A1P8APX1-F1-model_v6.pdb	../raw/alphafold/AF-A0A1P8APX1-F1-model_v6.pdb	2026-07-21T08:40:06.275450+00:00	902501	b1890516223111e964d91933d99aa0a3dd585b38c1becdf1f931d3f8deedb5f7	plantpersulf/0.0.0
A0A1P8B1I9	alphafold-server-local	local AlphaFold Server (DeepMind/Isomorphic Labs) — not AlphaFold DB	../raw/alphafold/fold_a0a1p8b1i9_model_0.cif	2026-07-21T09:19:35.597544+00:00	1664110	a434c26c804c837f1ae982a6f8e90a5bfc074cf53fe940883ec5b99485200287	plantpersulf/0.0.0
A0A1P8B7Y0	v6	https://alphafold.ebi.ac.uk/files/AF-A0A1P8B7Y0-F1-model_v6.pdb	../raw/alphafold/AF-A0A1P8B7Y0-F1-model.pdb	2026-07-23T02:58:54.566745+00:00	534680	d7220775ef9d162e66a1dbd7a4b449c327539ee899eeeb1ebba99b891742843b	plantpersulf/0.0.0
A0A345YV63	v6	https://alphafold.ebi.ac.uk/files/AF-A0A345YV63-F1-model_v6.pdb	../raw/alphafold/AF-A0A345YV63-F1-model.pdb	2026-07-23T02:58:57.874671+00:00	242027	f22aa650bac186d4db20cc3a96da81a16c8a3a7557dbd7647d84bee3ea28e397	plantpersulf/0.0.0
A0A345YV75	v6	https://alphafold.ebi.ac.uk/files/AF-A0A345YV75-F1-model_v6.pdb	../raw/alphafold/AF-A0A345YV75-F1-model.pdb	2026-07-23T02:59:00.842261+00:00	160460	9b7c25b5a3d2813b7de0924a65cba30491e731325172e34e16d6ed9875ac36a9	plantpersulf/0.0.0
A0A5S6RCP5	v6	https://alphafold.ebi.ac.uk/files/AF-A0A5S6RCP5-F1-model_v6.pdb	../raw/alphafold/AF-A0A5S6RCP5-F1-model.pdb	2026-07-23T02:59:04.561245+00:00	195938	9e2314afa5075fe28f77b4e3a8ecaa5fc52bf6f19fdb785d2a894480f858a3ec	plantpersulf/0.0.0
A0A7D0HZM7	v6	https://alphafold.ebi.ac.uk/files/AF-A0A7D0HZM7-F1-model_v6.pdb	../raw/alphafold/AF-A0A7D0HZM7-F1-model.pdb	2026-07-23T02:59:07.660367+00:00	148877	75c7c77679b95a7e13b825219b0288bfb35e11ed48569e2a5e6b7f42157c9919	plantpersulf/0.0.0
A0JQ78	v6	https://alphafold.ebi.ac.uk/files/AF-A0JQ78-F1-model_v6.pdb	../raw/alphafold/AF-A0JQ78-F1-model.pdb	2026-07-23T02:59:10.425082+00:00	138590	a1f38f95d72da997af3c339b45e5e52963eeb55db46e572156c4f9bd877d05ed	plantpersulf/0.0.0
A2RVN3	v6	https://alphafold.ebi.ac.uk/files/AF-A2RVN3-F1-model_v6.pdb	../raw/alphafold/AF-A2RVN3-F1-model.pdb	2026-07-23T02:59:13.577304+00:00	254906	168869d91e25246feb20bbb7ba00079e4e5b45efdbff4df1acbdb78fbbd8dd73	plantpersulf/0.0.0
A2ZVI7	v6	https://alphafold.ebi.ac.uk/files/AF-A2ZVI7-F1-model_v6.pdb	../raw/alphafold/AF-A2ZVI7-F1-model.pdb	2026-07-23T02:59:16.769532+00:00	341900	c2ae56d201e29e3bccfb7812b4ba633174cbff7c4cfa87834f603aecc35c8253	plantpersulf/0.0.0
A3C4S4	v6	https://alphafold.ebi.ac.uk/files/AF-A3C4S4-F1-model_v6.pdb	../raw/alphafold/AF-A3C4S4-F1-model.pdb	2026-07-23T02:59:19.222302+00:00	249884	0414fde28af3f6d1f0f67bb61765220d8e66276410188bb0259a36cf8e357b64	plantpersulf/0.0.0
A3C994	v6	https://alphafold.ebi.ac.uk/files/AF-A3C994-F1-model_v6.pdb	../raw/alphafold/AF-A3C994-F1-model.pdb	2026-07-23T02:59:22.563872+00:00	278558	39c58f57e6439faa3db1cb718e74e4e739a8969c417bb796a571cfa0f6215038	plantpersulf/0.0.0
A4QR21	v6	https://alphafold.ebi.ac.uk/files/AF-A4QR21-F1-model_v6.pdb	../raw/alphafold/AF-A4QR21-F1-model.pdb	2026-07-23T02:59:26.107222+00:00	214649	0151ae4e5e5a765bd0cc5f3a715136e62203244061abd3f58d2d3ea86f54bc13	plantpersulf/0.0.0
A4QTQ9	v6	https://alphafold.ebi.ac.uk/files/AF-A4QTQ9-F1-model_v6.pdb	../raw/alphafold/AF-A4QTQ9-F1-model.pdb	2026-07-23T02:59:29.668627+00:00	1143800	a64765db24c0ce9fd91786daa87eb35827cf42e5f92120323a97507089aa129e	plantpersulf/0.0.0
A4QTY2	v6	https://alphafold.ebi.ac.uk/files/AF-A4QTY2-F1-model_v6.pdb	../raw/alphafold/AF-A4QTY2-F1-model.pdb	2026-07-23T02:59:32.979680+00:00	255149	debed0eb15383a98db034672e3aac3395c34e7442abb692646e65dd48a640479	plantpersulf/0.0.0
A4QUC1	v6	https://alphafold.ebi.ac.uk/files/AF-A4QUC1-F1-model_v6.pdb	../raw/alphafold/AF-A4QUC1-F1-model.pdb	2026-07-23T02:59:36.412336+00:00	403055	0e5128dac092c717819a24acd96ca63285eeb852bdb054b9555871295ff65528	plantpersulf/0.0.0
A4QUF0	v6	https://alphafold.ebi.ac.uk/files/AF-A4QUF0-F1-model_v6.pdb	../raw/alphafold/AF-A4QUF0-F1-model.pdb	2026-07-23T02:59:39.928242+00:00	475145	3be32fbb0eb3b2b18e0c44c9dd14d4fb78d26a1b577526bf86b9e48c74add00e	plantpersulf/0.0.0
A4QUI2	v6	https://alphafold.ebi.ac.uk/files/AF-A4QUI2-F1-model_v6.pdb	../raw/alphafold/AF-A4QUI2-F1-model.pdb	2026-07-23T02:59:42.900414+00:00	220724	c3bd9b67405197ceac609dadaa11bd64e3ef253beab00a4fef52afab7f9bd0ca	plantpersulf/0.0.0
A4QUL1	v6	https://alphafold.ebi.ac.uk/files/AF-A4QUL1-F1-model_v6.pdb	../raw/alphafold/AF-A4QUL1-F1-model.pdb	2026-07-23T02:59:46.521773+00:00	607256	a4423d74836eb9a44913cf9fad40be92a1fd59defbd54c15043906d03fa8f99c	plantpersulf/0.0.0
A4QUT2	v6	https://alphafold.ebi.ac.uk/files/AF-A4QUT2-F1-model_v6.pdb	../raw/alphafold/AF-A4QUT2-F1-model.pdb	2026-07-23T02:59:49.843855+00:00	497582	848e593208cd86a0651b18ec1ce6df399e5682d343311544cc78fc5227502908	plantpersulf/0.0.0
A4QVH4	v6	https://alphafold.ebi.ac.uk/files/AF-A4QVH4-F1-model_v6.pdb	../raw/alphafold/AF-A4QVH4-F1-model.pdb	2026-07-23T02:59:53.053517+00:00	234332	da337f16b56dbecfc2b10324e51a4651f5b22b2b036e70249aab7947c12dd15f	plantpersulf/0.0.0
A4QVI3	v6	https://alphafold.ebi.ac.uk/files/AF-A4QVI3-F1-model_v6.pdb	../raw/alphafold/AF-A4QVI3-F1-model.pdb	2026-07-23T02:59:55.991080+00:00	130895	57c04dc7af29f75963f0d4f03fdceaf7c8bd13bf2f451c9e0ceb289bbe6578f4	plantpersulf/0.0.0
A4QZL9	v6	https://alphafold.ebi.ac.uk/files/AF-A4QZL9-F1-model_v6.pdb	../raw/alphafold/AF-A4QZL9-F1-model.pdb	2026-07-23T02:59:59.525006+00:00	498959	ceb13acb1f7abcc18c0cae63069bd3692db8e8852e6ae39f114c010df63a4651	plantpersulf/0.0.0
A4R0E5	v6	https://alphafold.ebi.ac.uk/files/AF-A4R0E5-F1-model_v6.pdb	../raw/alphafold/AF-A4R0E5-F1-model.pdb	2026-07-23T03:00:02.802805+00:00	236438	625e1a65e629fca4a34fe0b97a4eabf2984ea9ec2b421bbeeee9ffab32eb29f7	plantpersulf/0.0.0
A4R188	v6	https://alphafold.ebi.ac.uk/files/AF-A4R188-F1-model_v6.pdb	../raw/alphafold/AF-A4R188-F1-model.pdb	2026-07-23T03:00:05.818422+00:00	184355	8a068757a9e138e19ae953e196faf8362edcdfcb2d73b7e7062a9392a406b52a	plantpersulf/0.0.0
A4R1J7	v6	https://alphafold.ebi.ac.uk/files/AF-A4R1J7-F1-model_v6.pdb	../raw/alphafold/AF-A4R1J7-F1-model.pdb	2026-07-23T03:00:09.208109+00:00	497663	0332033a0b1e58908ac493da6b66bff8fa712152355bd45cc81f6034eb26a904	plantpersulf/0.0.0
A4R2Q6	v6	https://alphafold.ebi.ac.uk/files/AF-A4R2Q6-F1-model_v6.pdb	../raw/alphafold/AF-A4R2Q6-F1-model.pdb	2026-07-23T03:00:12.503403+00:00	304640	e696ab3182bb6dbaefe7020fd87ab4e6a8c1802330697bf0d597c9f7a32c1017	plantpersulf/0.0.0
A4R3M4	v6	https://alphafold.ebi.ac.uk/files/AF-A4R3M4-F1-model_v6.pdb	../raw/alphafold/AF-A4R3M4-F1-model.pdb	2026-07-23T03:00:15.705974+00:00	295973	a1f7de7317b897387ac831684cd491f903eacce62ca9e604181e021661734901	plantpersulf/0.0.0
A4R5F6	v6	https://alphafold.ebi.ac.uk/files/AF-A4R5F6-F1-model_v6.pdb	../raw/alphafold/AF-A4R5F6-F1-model.pdb	2026-07-23T03:00:18.861529+00:00	285362	27a4b332c795406e6340e94ebb84fbaabf575c4203fe1acce4572a42a5f1027b	plantpersulf/0.0.0
A4R715	v6	https://alphafold.ebi.ac.uk/files/AF-A4R715-F1-model_v6.pdb	../raw/alphafold/AF-A4R715-F1-model.pdb	2026-07-23T03:00:22.241323+00:00	349190	e70cc8014e2097a4bafec1f518e956970a7ed70b41ba769765b10cfe651c8146	plantpersulf/0.0.0
A4R796	v6	https://alphafold.ebi.ac.uk/files/AF-A4R796-F1-model_v6.pdb	../raw/alphafold/AF-A4R796-F1-model.pdb	2026-07-23T03:00:25.577455+00:00	301076	6cd96310dd2f3c7475a5dd777ab2a5eea43097371a216a880688c8cba1ab91b5	plantpersulf/0.0.0
A4RAE9	v6	https://alphafold.ebi.ac.uk/files/AF-A4RAE9-F1-model_v6.pdb	../raw/alphafold/AF-A4RAE9-F1-model.pdb	2026-07-23T03:00:28.833387+00:00	302696	5878c184789de2568a7d7a572d5bc2598943991620e4300339e338b8f4106180	plantpersulf/0.0.0
A4RD09	v6	https://alphafold.ebi.ac.uk/files/AF-A4RD09-F1-model_v6.pdb	../raw/alphafold/AF-A4RD09-F1-model.pdb	2026-07-23T03:00:32.660957+00:00	988604	6e56aaeb8900549c1efa3dd9c465ea353b740064a58c88d058de6ad07e72850f	plantpersulf/0.0.0
A4RD35	v6	https://alphafold.ebi.ac.uk/files/AF-A4RD35-F1-model_v6.pdb	../raw/alphafold/AF-A4RD35-F1-model.pdb	2026-07-23T03:00:36.650838+00:00	784646	f35fd556a3b048a66f69be8404dc0b15c192b7489c1c881f8d10f5f5a03ee9fc	plantpersulf/0.0.0
A4RDD7	v6	https://alphafold.ebi.ac.uk/files/AF-A4RDD7-F1-model_v6.pdb	../raw/alphafold/AF-A4RDD7-F1-model.pdb	2026-07-23T03:00:40.180048+00:00	224288	2673c034537a856c6bf339b87bcabafbf95feda878fb6804b47bdbabcd9ceeb2	plantpersulf/0.0.0
A4RE47	v6	https://alphafold.ebi.ac.uk/files/AF-A4RE47-F1-model_v6.pdb	../raw/alphafold/AF-A4RE47-F1-model.pdb	2026-07-23T03:00:43.635373+00:00	411236	9432cae985d1c3f4182ba05acd071102f7de014d2fb17f0c4b386a9d4ac885e4	plantpersulf/0.0.0
A4RE77	v6	https://alphafold.ebi.ac.uk/files/AF-A4RE77-F1-model_v6.pdb	../raw/alphafold/AF-A4RE77-F1-model.pdb	2026-07-23T03:00:47.441550+00:00	778166	43e126b7d57aadc7ec901fde936f7a442e43cc07d902372ab8eb0bf807346f35	plantpersulf/0.0.0
A4RE85	v6	https://alphafold.ebi.ac.uk/files/AF-A4RE85-F1-model_v6.pdb	../raw/alphafold/AF-A4RE85-F1-model.pdb	2026-07-23T03:00:50.960169+00:00	378512	47cec6a7ab2f3ab9e92fb8efa2d9a6766bad0f65200888768caed510106cd5b4	plantpersulf/0.0.0
A4REK3	v6	https://alphafold.ebi.ac.uk/files/AF-A4REK3-F1-model_v6.pdb	../raw/alphafold/AF-A4REK3-F1-model.pdb	2026-07-23T03:00:54.075136+00:00	188648	656e9dba49c78ca77f4116e37cc06aca6d89b4ca89e643da228ab31dd12574c1	plantpersulf/0.0.0
A4REV8	v6	https://alphafold.ebi.ac.uk/files/AF-A4REV8-F1-model_v6.pdb	../raw/alphafold/AF-A4REV8-F1-model.pdb	2026-07-23T03:00:56.681885+00:00	123443	15b88bf45de42a8ad2c7a2295b35f73fe02c4a4bc6e1a8d26396fde36e44e8d2	plantpersulf/0.0.0
A4RF05	v6	https://alphafold.ebi.ac.uk/files/AF-A4RF05-F1-model_v6.pdb	../raw/alphafold/AF-A4RF05-F1-model.pdb	2026-07-23T03:01:00.426672+00:00	980342	90c23431a12cd5b060566c40ed246ee52408bffd1eb12778883afb349fae478d	plantpersulf/0.0.0
A4RF25	v6	https://alphafold.ebi.ac.uk/files/AF-A4RF25-F1-model_v6.pdb	../raw/alphafold/AF-A4RF25-F1-model.pdb	2026-07-23T03:01:03.856079+00:00	524231	b549780cc7784f3b1545d16ed7fc38c418cca177369bc583cdc2f12da1a38c79	plantpersulf/0.0.0
A4RF31	v6	https://alphafold.ebi.ac.uk/files/AF-A4RF31-F1-model_v6.pdb	../raw/alphafold/AF-A4RF31-F1-model.pdb	2026-07-23T03:01:07.128582+00:00	185813	8449fea6c348b3e2b8b2f39f1dc4387fb10a94c8ac0a2ad90a19b668f5679d8a	plantpersulf/0.0.0
A4RHF1	v6	https://alphafold.ebi.ac.uk/files/AF-A4RHF1-F1-model_v6.pdb	../raw/alphafold/AF-A4RHF1-F1-model.pdb	2026-07-23T03:01:10.583986+00:00	411884	ffcb93e458443143c0a9fe36a52c9d3ac4aa8c67ad4790c0ee6d3ee9fda0e8e4	plantpersulf/0.0.0
A4RIF1	v6	https://alphafold.ebi.ac.uk/files/AF-A4RIF1-F1-model_v6.pdb	../raw/alphafold/AF-A4RIF1-F1-model.pdb	2026-07-23T03:01:13.951794+00:00	299861	bd3645543969d7885dcf8cbef51f4117b7d2be7bb4625ef3cdebab01030d1c8c	plantpersulf/0.0.0
A4RK52	v6	https://alphafold.ebi.ac.uk/files/AF-A4RK52-F1-model_v6.pdb	../raw/alphafold/AF-A4RK52-F1-model.pdb	2026-07-23T03:01:17.119964+00:00	167264	903e28989585dadfbf95e281ce6b814fabf2a48a1507d98cbabd1eafe8df82cc	plantpersulf/0.0.0
A4RLF4	v6	https://alphafold.ebi.ac.uk/files/AF-A4RLF4-F1-model_v6.pdb	../raw/alphafold/AF-A4RLF4-F1-model.pdb	2026-07-23T03:01:20.590582+00:00	479357	a9ad1656d078204b2734fffaf69ab82381717367beb21b671e2012a436fd4b46	plantpersulf/0.0.0
A4RM69	v6	https://alphafold.ebi.ac.uk/files/AF-A4RM69-F1-model_v6.pdb	../raw/alphafold/AF-A4RM69-F1-model.pdb	2026-07-23T03:01:24.302117+00:00	706562	645726627bd0d92ff7161e7b050bde32db03890285e349df13224e1cb8c20aea	plantpersulf/0.0.0
A4RMB1	v6	https://alphafold.ebi.ac.uk/files/AF-A4RMB1-F1-model_v6.pdb	../raw/alphafold/AF-A4RMB1-F1-model.pdb	2026-07-23T03:01:27.770254+00:00	664928	6b005447194458e0bf05a769d9ec3ff1e29c66108fa8625211c8b9595d1f157a	plantpersulf/0.0.0
A4RN19	v6	https://alphafold.ebi.ac.uk/files/AF-A4RN19-F1-model_v6.pdb	../raw/alphafold/AF-A4RN19-F1-model.pdb	2026-07-23T03:01:30.688382+00:00	429461	84d701c4d1716f37f6212d6eafaccfbade226febc6f37463b3606e4c57ddc68e	plantpersulf/0.0.0
A4RPM5	v6	https://alphafold.ebi.ac.uk/files/AF-A4RPM5-F1-model_v6.pdb	../raw/alphafold/AF-A4RPM5-F1-model.pdb	2026-07-23T03:01:33.828368+00:00	305126	709e150876ecc6e9a25747b519bb92e65f19747e7705cb5a640e541bc48697de	plantpersulf/0.0.0
A4RPY8	v6	https://alphafold.ebi.ac.uk/files/AF-A4RPY8-F1-model_v6.pdb	../raw/alphafold/AF-A4RPY8-F1-model.pdb	2026-07-23T03:01:37.286115+00:00	359477	686098530db8bec42af3e00f193eb99ee0f375e1ad3ee8dde589913c1d54173e	plantpersulf/0.0.0
A4UBV5	v6	https://alphafold.ebi.ac.uk/files/AF-A4UBV5-F1-model_v6.pdb	../raw/alphafold/AF-A4UBV5-F1-model.pdb	2026-07-23T03:01:40.609580+00:00	318086	05542f2faa7ae59a07ea6ada8ee8d83252f459cc011585f2e92e85ace7021362	plantpersulf/0.0.0
A5HEI1	v6	https://alphafold.ebi.ac.uk/files/AF-A5HEI1-F1-model_v6.pdb	../raw/alphafold/AF-A5HEI1-F1-model.pdb	2026-07-23T03:01:44.510086+00:00	1189808	ad94884b58805fd16490ffd69e886a230671ed1f396e9ce37f34eb018bffb259	plantpersulf/0.0.0
A7UMR2	v6	https://alphafold.ebi.ac.uk/files/AF-A7UMR2-F1-model_v6.pdb	../raw/alphafold/AF-A7UMR2-F1-model.pdb	2026-07-23T03:01:47.962894+00:00	537434	c8922f608aac3ef9e524e821a852038f3e18107e8524d26a4660318a45737642	plantpersulf/0.0.0
A8MQG6	v6	https://alphafold.ebi.ac.uk/files/AF-A8MQG6-F1-model_v6.pdb	../raw/alphafold/AF-A8MQG6-F1-model.pdb	2026-07-23T03:01:51.038434+00:00	149120	01cde17774b0307034b6e917922a01acc425a1818b22bc234269112100087ab6	plantpersulf/0.0.0
A8MQP1	v6	https://alphafold.ebi.ac.uk/files/AF-A8MQP1-F1-model_v6.pdb	../raw/alphafold/AF-A8MQP1-F1-model.pdb	2026-07-23T03:01:54.196700+00:00	207521	801cf92622c6fae06b51f513b998e86f99865594f073ad4951a559988e4c57de	plantpersulf/0.0.0
B0F9L4	v6	https://alphafold.ebi.ac.uk/files/AF-B0F9L4-F1-model_v6.pdb	../raw/alphafold/AF-B0F9L4-F1-model.pdb	2026-07-23T03:01:57.539232+00:00	587006	328eb1d5e40b079c11c6d891d792d5601be055c954fde46420a46be4a4a9f8d5	plantpersulf/0.0.0
B1NEV2	v6	https://alphafold.ebi.ac.uk/files/AF-B1NEV2-F1-model_v6.pdb	../raw/alphafold/AF-B1NEV2-F1-model.pdb	2026-07-23T03:02:00.602225+00:00	109997	dded90a452da5c0d5ccac6ea47b01dd0ff820f62860cc32716966742084a2169	plantpersulf/0.0.0
B3H5S2	v6	https://alphafold.ebi.ac.uk/files/AF-B3H5S2-F1-model_v6.pdb	../raw/alphafold/AF-B3H5S2-F1-model.pdb	2026-07-23T03:02:03.680313+00:00	124010	1c9578c9525bc673b68ef55063ac54b6bd140c0ae7c311193774b7a003a456c2	plantpersulf/0.0.0
B3H775	v6	https://alphafold.ebi.ac.uk/files/AF-B3H775-F1-model_v6.pdb	../raw/alphafold/AF-B3H775-F1-model.pdb	2026-07-23T03:02:06.604607+00:00	50948	5bdec7a9bc707ba0586e20ba8f8950440f800da44429d7f184e0fa71f9c594ed	plantpersulf/0.0.0
B7E4J4	v6	https://alphafold.ebi.ac.uk/files/AF-B7E4J4-F1-model_v6.pdb	../raw/alphafold/AF-B7E4J4-F1-model.pdb	2026-07-23T03:02:09.670973+00:00	207845	67e5fb5b0683bd11f7848be527c96ca8b6b0650c9758939919985a23c081499e	plantpersulf/0.0.0
B7E5F1	v6	https://alphafold.ebi.ac.uk/files/AF-B7E5F1-F1-model_v6.pdb	../raw/alphafold/AF-B7E5F1-F1-model.pdb	2026-07-23T03:02:12.591009+00:00	131462	1aeb00024d40cd014792cc33ad4fb1538403c1b69717b644f5c6dee6eb08ac15	plantpersulf/0.0.0
B7E778	v6	https://alphafold.ebi.ac.uk/files/AF-B7E778-F1-model_v6.pdb	../raw/alphafold/AF-B7E778-F1-model.pdb	2026-07-23T03:02:15.744520+00:00	218375	b4d420b72b1d6103ec7107109d687a670030aff2d7a65b052889f1c0f18c96a1	plantpersulf/0.0.0
B7EAG5	v6	https://alphafold.ebi.ac.uk/files/AF-B7EAG5-F1-model_v6.pdb	../raw/alphafold/AF-B7EAG5-F1-model.pdb	2026-07-23T03:02:19.008905+00:00	228014	d53790c189a1c489e4fabd62245c22d7d0f37b311c66b1f83b8f69fee389b58c	plantpersulf/0.0.0
B7EE89	v6	https://alphafold.ebi.ac.uk/files/AF-B7EE89-F1-model_v6.pdb	../raw/alphafold/AF-B7EE89-F1-model.pdb	2026-07-23T03:02:22.148865+00:00	151712	04c5595854894562469e1330b20077f7be795bc6c0194e7c959f485cee617d23	plantpersulf/0.0.0
B7EHI6	v6	https://alphafold.ebi.ac.uk/files/AF-B7EHI6-F1-model_v6.pdb	../raw/alphafold/AF-B7EHI6-F1-model.pdb	2026-07-23T03:02:24.910004+00:00	90881	1ad9cc2706d7c03e1fb22c4cdd22117e0985e9322038b5de472a49cf44f8d487	plantpersulf/0.0.0
B7EQC1	v6	https://alphafold.ebi.ac.uk/files/AF-B7EQC1-F1-model_v6.pdb	../raw/alphafold/AF-B7EQC1-F1-model.pdb	2026-07-23T03:02:28.013171+00:00	164186	22cbb28195dcb879fc6f1cc01e70ce6f19e2e22cc7e06307e5304577ff318da0	plantpersulf/0.0.0
B7ER70	v6	https://alphafold.ebi.ac.uk/files/AF-B7ER70-F1-model_v6.pdb	../raw/alphafold/AF-B7ER70-F1-model.pdb	2026-07-23T03:02:31.502469+00:00	261791	1f327daf65e27fa63cddf24fae19f4e1715a9d02b491593194aef2154368dc7c	plantpersulf/0.0.0
B7F517	v6	https://alphafold.ebi.ac.uk/files/AF-B7F517-F1-model_v6.pdb	../raw/alphafold/AF-B7F517-F1-model.pdb	2026-07-23T03:02:34.800426+00:00	130166	c187758c615d67d8193363c2115d04ff913af08c21668b104a582fd487cc947f	plantpersulf/0.0.0
B7F6S9	v6	https://alphafold.ebi.ac.uk/files/AF-B7F6S9-F1-model_v6.pdb	../raw/alphafold/AF-B7F6S9-F1-model.pdb	2026-07-23T03:02:38.035117+00:00	226070	74bd6dac8993d8dcdb934ba503acd8e467e8b90e9d6fc2f922743114d7f0b695	plantpersulf/0.0.0
B7F722	v6	https://alphafold.ebi.ac.uk/files/AF-B7F722-F1-model_v6.pdb	../raw/alphafold/AF-B7F722-F1-model.pdb	2026-07-23T03:02:41.031702+00:00	166130	2a16a8026b917a08528350fa5eebc5858a32e61e1d5c58471e3daa77edeb44b9	plantpersulf/0.0.0
B7ZWR9	v6	https://alphafold.ebi.ac.uk/files/AF-B7ZWR9-F1-model_v6.pdb	../raw/alphafold/AF-B7ZWR9-F1-model.pdb	2026-07-23T03:02:44.720430+00:00	445823	ee86fec6dbe2e216b67c096d57b8d9d06a80351b1532343d9f480cea3007490e	plantpersulf/0.0.0
B9DFQ9	v6	https://alphafold.ebi.ac.uk/files/AF-B9DFQ9-F1-model_v6.pdb	../raw/alphafold/AF-B9DFQ9-F1-model.pdb	2026-07-23T03:02:48.161322+00:00	469394	a478b8120e3a7f39e267d2f1e034d663e06ea0862e8de7d3472cf56a3eca4f30	plantpersulf/0.0.0
B9DFZ0	v6	https://alphafold.ebi.ac.uk/files/AF-B9DFZ0-F1-model_v6.pdb	../raw/alphafold/AF-B9DFZ0-F1-model.pdb	2026-07-23T03:02:51.413860+00:00	247211	ac19eba69c70175ba7cbc15b1d01480de120d426af38a26b354091c50f122ff3	plantpersulf/0.0.0
B9DGD6	v6	https://alphafold.ebi.ac.uk/files/AF-B9DGD6-F1-model_v6.pdb	../raw/alphafold/AF-B9DGD6-F1-model.pdb	2026-07-23T03:02:55.034304+00:00	475712	cec039913ee006dc33135a4c22c1e3bfbe376c51ce1984ab607cdef2f8cd03d8	plantpersulf/0.0.0
B9FDE0	v6	https://alphafold.ebi.ac.uk/files/AF-B9FDE0-F1-model_v6.pdb	../raw/alphafold/AF-B9FDE0-F1-model.pdb	2026-07-23T03:02:58.107437+00:00	321488	932c2ec19c705bc82927ab1c169998996560c413aef7152312a16e2a8c1528b0	plantpersulf/0.0.0
B9FDR3	v6	https://alphafold.ebi.ac.uk/files/AF-B9FDR3-F1-model_v6.pdb	../raw/alphafold/AF-B9FDR3-F1-model.pdb	2026-07-23T03:03:01.676262+00:00	569915	9170fb23fe2f1c894e9cb3aa2f9a3e66a7ad0854d03ad5f4892a4287196523d4	plantpersulf/0.0.0
B9FIN4	v6	https://alphafold.ebi.ac.uk/files/AF-B9FIN4-F1-model_v6.pdb	../raw/alphafold/AF-B9FIN4-F1-model.pdb	2026-07-23T03:03:04.120418+00:00	79298	26dd7ea3168d90cb04ed81a6f3d069d3cc5500b34aa28a0ae97f2853608e0fb5	plantpersulf/0.0.0
B9FK36	v6	https://alphafold.ebi.ac.uk/files/AF-B9FK36-F1-model_v6.pdb	../raw/alphafold/AF-B9FK36-F1-model.pdb	2026-07-23T03:03:08.600021+00:00	1486025	046cf5cb285f7ee23ac5331df39199ce34b7531dcf659b3696797f43a2e4ee71	plantpersulf/0.0.0
B9G693	v6	https://alphafold.ebi.ac.uk/files/AF-B9G693-F1-model_v6.pdb	../raw/alphafold/AF-B9G693-F1-model.pdb	2026-07-23T03:03:11.661859+00:00	620621	69582506acb796975b8c0db1b6211b6b44e55516d8733335c114e3b49138caa9	plantpersulf/0.0.0
C0LGL4	v6	https://alphafold.ebi.ac.uk/files/AF-C0LGL4-F1-model_v6.pdb	../raw/alphafold/AF-C0LGL4-F1-model.pdb	2026-07-23T03:03:15.282323+00:00	574208	32a61eac3cd40083f46fe0a965d5228d9aaf6f3134e1e8749a33d1e822731dd1	plantpersulf/0.0.0
C0LGR3	v6	https://alphafold.ebi.ac.uk/files/AF-C0LGR3-F1-model_v6.pdb	../raw/alphafold/AF-C0LGR3-F1-model.pdb	2026-07-23T03:03:18.924697+00:00	691172	afdfe7b1c2ede167e1cb95ff8131d07ad73ac248a71af5cb6dd935a4f06f82ea	plantpersulf/0.0.0
C7IX78	v6	https://alphafold.ebi.ac.uk/files/AF-C7IX78-F1-model_v6.pdb	../raw/alphafold/AF-C7IX78-F1-model.pdb	2026-07-23T03:03:21.582982+00:00	44711	20b61c390beef03fa8a76abdf9695b4ef45c52ab0efbaa61dbdc1f83ed195699	plantpersulf/0.0.0
C7IZ14	v6	https://alphafold.ebi.ac.uk/files/AF-C7IZ14-F1-model_v6.pdb	../raw/alphafold/AF-C7IZ14-F1-model.pdb	2026-07-23T03:03:24.414405+00:00	85940	70f2b3b53fdfe281112954e6bd033c2a562e2d400e766c56c8e888a0022b80c3	plantpersulf/0.0.0
C7J895	v6	https://alphafold.ebi.ac.uk/files/AF-C7J895-F1-model_v6.pdb	../raw/alphafold/AF-C7J895-F1-model.pdb	2026-07-23T03:03:27.902833+00:00	427112	bfd147e5d4d0900cd5f0943e65ededdbd1eba34ce83828bb9338afbe63eee959	plantpersulf/0.0.0
D4NXE7	v6	https://alphafold.ebi.ac.uk/files/AF-D4NXE7-F1-model_v6.pdb	../raw/alphafold/AF-D4NXE7-F1-model.pdb	2026-07-23T03:03:31.056894+00:00	172610	48ef732f92f0c95531caf781bc60b5c3c108d878e3db3a6a43a81d3f7dc21db1	plantpersulf/0.0.0
D5K228	v6	https://alphafold.ebi.ac.uk/files/AF-D5K228-F1-model_v6.pdb	../raw/alphafold/AF-D5K228-F1-model.pdb	2026-07-23T03:03:34.097068+00:00	199745	1897398c7e0aaa5a0bdc3b73834c333712d1519cf385b94df4937e3d21d82af9	plantpersulf/0.0.0
E0X9N4	v6	https://alphafold.ebi.ac.uk/files/AF-E0X9N4-F1-model_v6.pdb	../raw/alphafold/AF-E0X9N4-F1-model.pdb	2026-07-23T03:03:37.359797+00:00	227933	b18546fe6bd16f4a7fb74e2bd8ed774e020224e0a018895a8ea8c3fa060994e1	plantpersulf/0.0.0
E2DXA4	v6	https://alphafold.ebi.ac.uk/files/AF-E2DXA4-F1-model_v6.pdb	../raw/alphafold/AF-E2DXA4-F1-model.pdb	2026-07-23T03:03:40.097027+00:00	48842	a1c7312ba1d91fc1b034cd64e678f1f811864987a6e1576953261871c261c8ff	plantpersulf/0.0.0
E3WF37	v6	https://alphafold.ebi.ac.uk/files/AF-E3WF37-F1-model_v6.pdb	../raw/alphafold/AF-E3WF37-F1-model.pdb	2026-07-23T03:03:43.692356+00:00	674648	654468279b5506c823c95121e490e9a1c708ad595d747d2f8b2b5c1eca187bbc	plantpersulf/0.0.0
F4HQC0	v6	https://alphafold.ebi.ac.uk/files/AF-F4HQC0-F1-model_v6.pdb	../raw/alphafold/AF-F4HQC0-F1-model.pdb	2026-07-23T03:03:47.140735+00:00	500660	b840188a09004e92023f07f884aa66ca4dd189194cd57ffa62d140c394181888	plantpersulf/0.0.0
F4HUN5	v6	https://alphafold.ebi.ac.uk/files/AF-F4HUN5-F1-model_v6.pdb	../raw/alphafold/AF-F4HUN5-F1-model.pdb	2026-07-23T03:03:49.696900+00:00	171233	36a2c16b2ecbc26b829f3cbc57e9191cb910e6d6e73bc65c69f099c894fa308b	plantpersulf/0.0.0
F4I065	v6	https://alphafold.ebi.ac.uk/files/AF-F4I065-F1-model_v6.pdb	../raw/alphafold/AF-F4I065-F1-model.pdb	2026-07-23T03:03:53.252855+00:00	573641	e2fcb2d946b47d98182012b2842598f0f04d6d47a8c70ae6aad95219b32074bf	plantpersulf/0.0.0
F4I1P7	v6	https://alphafold.ebi.ac.uk/files/AF-F4I1P7-F1-model_v6.pdb	../raw/alphafold/AF-F4I1P7-F1-model.pdb	2026-07-23T03:03:56.686464+00:00	426464	db2f18bab5e1ac3824f2168a56997c2c92c5a5c1d2e376fa0b8b2017b1489d94	plantpersulf/0.0.0
F4I214	v6	https://alphafold.ebi.ac.uk/files/AF-F4I214-F1-model_v6.pdb	../raw/alphafold/AF-F4I214-F1-model.pdb	2026-07-23T03:03:59.698338+00:00	187352	ec117ab6191fe8bf8d83f8d056f5199443bb4be51bb8d948d093829e75a19afd	plantpersulf/0.0.0
F4I4T7	v6	https://alphafold.ebi.ac.uk/files/AF-F4I4T7-F1-model_v6.pdb	../raw/alphafold/AF-F4I4T7-F1-model.pdb	2026-07-23T03:04:03.148455+00:00	529010	51ff0bf2e74b5b7316ffdd11d5462ebec5100a0a06108860608164ad71651351	plantpersulf/0.0.0
F4I594	v6	https://alphafold.ebi.ac.uk/files/AF-F4I594-F1-model_v6.pdb	../raw/alphafold/AF-F4I594-F1-model.pdb	2026-07-23T03:04:06.654345+00:00	652940	318752b43df431da21df84f3ef6c811e0b43866acf4467943b497843ee0350de	plantpersulf/0.0.0
F4I7C8	v6	https://alphafold.ebi.ac.uk/files/AF-F4I7C8-F1-model_v6.pdb	../raw/alphafold/AF-F4I7C8-F1-model.pdb	2026-07-23T03:04:10.312218+00:00	478304	397608d9990177fda95fd2413a467e52bcdbe3408a0d45ae4dd17482a9595361	plantpersulf/0.0.0
F4I8G4	v6	https://alphafold.ebi.ac.uk/files/AF-F4I8G4-F1-model_v6.pdb	../raw/alphafold/AF-F4I8G4-F1-model.pdb	2026-07-23T03:04:13.219622+00:00	100601	9ccb9f97aae22da91c9dcf35d32017b5aa92ff030de8d063d64a392e372527de	plantpersulf/0.0.0
F4I901	v6	https://alphafold.ebi.ac.uk/files/AF-F4I901-F1-model_v6.pdb	../raw/alphafold/AF-F4I901-F1-model.pdb	2026-07-23T03:04:16.934585+00:00	684206	338cfc1bc9d194f89cf0f881d2a1b7524d07f46973830e7e4af226a6026cb778	plantpersulf/0.0.0
F4IBQ3	v6	https://alphafold.ebi.ac.uk/files/AF-F4IBQ3-F1-model_v6.pdb	../raw/alphafold/AF-F4IBQ3-F1-model.pdb	2026-07-23T03:04:24.139508+00:00	242270	bbe40a43e463ef8b9fa7f14947348e417e76718fb5f809d94c2706d7e9c1270d	plantpersulf/0.0.0
F4IDS7	v6	https://alphafold.ebi.ac.uk/files/AF-F4IDS7-F1-model_v6.pdb	../raw/alphafold/AF-F4IDS7-F1-model.pdb	2026-07-23T03:04:28.158120+00:00	649700	2687345e3fcef420609a855ab6e597f49224b3ffbbe91efe58c6787e1d763f24	plantpersulf/0.0.0
F4IEK8	v6	https://alphafold.ebi.ac.uk/files/AF-F4IEK8-F1-model_v6.pdb	../raw/alphafold/AF-F4IEK8-F1-model.pdb	2026-07-23T03:04:31.808409+00:00	695546	d4d049955074609233e26611f2a50ab4edc0e801ba5d4768238f64296ed22f4e	plantpersulf/0.0.0
F4IFF6	v6	https://alphafold.ebi.ac.uk/files/AF-F4IFF6-F1-model_v6.pdb	../raw/alphafold/AF-F4IFF6-F1-model.pdb	2026-07-23T03:04:35.384102+00:00	795743	d9b6d8727050d8ee78b427d26b95fddd8897ae1f39c59cb9ff4bbd4479a3431e	plantpersulf/0.0.0
F4IL68	v6	https://alphafold.ebi.ac.uk/files/AF-F4IL68-F1-model_v6.pdb	../raw/alphafold/AF-F4IL68-F1-model.pdb	2026-07-23T03:04:39.116445+00:00	753299	f97df380d13151f0f74ab0c336ae7f4f38b310f5cda96e81d374609c4384e7ae	plantpersulf/0.0.0
F4IMF2	v6	https://alphafold.ebi.ac.uk/files/AF-F4IMF2-F1-model_v6.pdb	../raw/alphafold/AF-F4IMF2-F1-model.pdb	2026-07-23T03:04:42.878865+00:00	783755	a7609ecab6d6ccb943fcfb56b322e096b33866f1f0398a465c64d3406b804b68	plantpersulf/0.0.0
F4INE2	v6	https://alphafold.ebi.ac.uk/files/AF-F4INE2-F1-model_v6.pdb	../raw/alphafold/AF-F4INE2-F1-model.pdb	2026-07-23T03:04:45.859047+00:00	79136	834340b3a2c99f0dd4819d2435f4e19e662c7802fedeca6cd54826dc337a5e7e	plantpersulf/0.0.0
F4IPM3	v6	https://alphafold.ebi.ac.uk/files/AF-F4IPM3-F1-model_v6.pdb	../raw/alphafold/AF-F4IPM3-F1-model.pdb	2026-07-23T03:04:49.236228+00:00	395522	0feac2b16eadc90c486b9a80a64ab6db5ce921f36d099645f4ab4b1b701f434e	plantpersulf/0.0.0
F4J0F0	v6	https://alphafold.ebi.ac.uk/files/AF-F4J0F0-F1-model_v6.pdb	../raw/alphafold/AF-F4J0F0-F1-model.pdb	2026-07-23T03:04:51.458448+00:00	320192	44cafe74190fd6aacd28801b51cd9aab384d90795a6ac6ffeb6de5031159dffe	plantpersulf/0.0.0
F4J738	v6	https://alphafold.ebi.ac.uk/files/AF-F4J738-F1-model_v6.pdb	../raw/alphafold/AF-F4J738-F1-model.pdb	2026-07-23T03:04:54.668914+00:00	682991	16cbda543aebea3a2afe9bf9a60fe2e7f5b973687b4ce55fbe9c889f119fde5e	plantpersulf/0.0.0
F4J7G2	v6	https://alphafold.ebi.ac.uk/files/AF-F4J7G2-F1-model_v6.pdb	../raw/alphafold/AF-F4J7G2-F1-model.pdb	2026-07-23T03:04:57.654088+00:00	134945	a5c447fc8c6b1485fe09c549c703b9e729ef350494d80512718409da73f55507	plantpersulf/0.0.0
F4J8I0	v6	https://alphafold.ebi.ac.uk/files/AF-F4J8I0-F1-model_v6.pdb	../raw/alphafold/AF-F4J8I0-F1-model.pdb	2026-07-23T03:05:01.130194+00:00	517670	829f16edcc1e3dcf44b31f4591a8deeefdfcd48496da58f054e570e3c9ce13aa	plantpersulf/0.0.0
F4JA67	v6	https://alphafold.ebi.ac.uk/files/AF-F4JA67-F1-model_v6.pdb	../raw/alphafold/AF-F4JA67-F1-model.pdb	2026-07-23T03:05:04.316336+00:00	175688	021c06e078c22fbe711298023be07e851f872b8e099c189290177ff7ce30e704	plantpersulf/0.0.0
F4JC91	v6	https://alphafold.ebi.ac.uk/files/AF-F4JC91-F1-model_v6.pdb	../raw/alphafold/AF-F4JC91-F1-model.pdb	2026-07-23T03:05:07.219222+00:00	248750	761bce86e6f7615415acfae1087e3f80621a4ce0be2bf1040a9a3ac967abe9bb	plantpersulf/0.0.0
F4JI14	v6	https://alphafold.ebi.ac.uk/files/AF-F4JI14-F1-model_v6.pdb	../raw/alphafold/AF-F4JI14-F1-model.pdb	2026-07-23T03:05:10.794309+00:00	426707	55875fd627d94e467d01cd0ea5f325d7bdf7fa11c7bec94b28b0222d2cab1c5c	plantpersulf/0.0.0
F4JK59	v6	https://alphafold.ebi.ac.uk/files/AF-F4JK59-F1-model_v6.pdb	../raw/alphafold/AF-F4JK59-F1-model.pdb	2026-07-23T03:05:14.218984+00:00	223559	042320fa80a26d7615c503bdad665fc9684fa75af79713ae51031cb372fb6945	plantpersulf/0.0.0
F4JMK5	v6	https://alphafold.ebi.ac.uk/files/AF-F4JMK5-F1-model_v6.pdb	../raw/alphafold/AF-F4JMK5-F1-model.pdb	2026-07-23T03:05:17.598256+00:00	397547	2edd6c3cbbf970b9c27e6f40a9c8288e6207303903b8f99dbb7a53fb58d86874	plantpersulf/0.0.0
F4JN30	v6	https://alphafold.ebi.ac.uk/files/AF-F4JN30-F1-model_v6.pdb	../raw/alphafold/AF-F4JN30-F1-model.pdb	2026-07-23T03:05:20.926781+00:00	673595	01e728977a60bccb75a168b6f1c89d3d3793fbb935cdadc79faca119db50a16b	plantpersulf/0.0.0
F4JNB6	v6	https://alphafold.ebi.ac.uk/files/AF-F4JNB6-F1-model_v6.pdb	../raw/alphafold/AF-F4JNB6-F1-model.pdb	2026-07-23T03:05:24.481928+00:00	754757	c8a483349ac51242c5b93b7e656194f39c1e1d5eadbaa7e0a85dd29f0cf47836	plantpersulf/0.0.0
F4JP32	v6	https://alphafold.ebi.ac.uk/files/AF-F4JP32-F1-model_v6.pdb	../raw/alphafold/AF-F4JP32-F1-model.pdb	2026-07-23T03:05:28.167359+00:00	738881	7c2316cff004247ee661de09eab044316978d54585968bdc280cfa9b38fcddaa	plantpersulf/0.0.0
F4JPJ1	v6	https://alphafold.ebi.ac.uk/files/AF-F4JPJ1-F1-model_v6.pdb	../raw/alphafold/AF-F4JPJ1-F1-model.pdb	2026-07-23T03:05:32.140375+00:00	1294055	ff45057987017e9646f64052e1414ce783296a9ad9058cc20d5b6586d3991755	plantpersulf/0.0.0
F4JPX3	v6	https://alphafold.ebi.ac.uk/files/AF-F4JPX3-F1-model_v6.pdb	../raw/alphafold/AF-F4JPX3-F1-model.pdb	2026-07-23T03:05:35.412898+00:00	258146	a870f58422f630ab8315629e8ba615e4b90e24652b723863578e4ae8278eb7ea	plantpersulf/0.0.0
F4JS86	v6	https://alphafold.ebi.ac.uk/files/AF-F4JS86-F1-model_v6.pdb	../raw/alphafold/AF-F4JS86-F1-model.pdb	2026-07-23T03:05:38.518597+00:00	171557	09905f8c7625dcc8bdac3a4cd77170464e6ba967d41f627726365dad6fcf9553	plantpersulf/0.0.0
F4JSL7	v6	https://alphafold.ebi.ac.uk/files/AF-F4JSL7-F1-model_v6.pdb	../raw/alphafold/AF-F4JSL7-F1-model.pdb	2026-07-23T03:05:41.783416+00:00	303101	63e2f2c3ec2b6c903303cc97597867d58b0d00d75ac9432f2473c5b976a7f81a	plantpersulf/0.0.0
F4JU71	v6	https://alphafold.ebi.ac.uk/files/AF-F4JU71-F1-model_v6.pdb	../raw/alphafold/AF-F4JU71-F1-model.pdb	2026-07-23T03:05:45.379062+00:00	676673	5bb902af2a540652a3268c1778acf82e9f9f5aa814b2a00b4a20676227f1e993	plantpersulf/0.0.0
F4K410	v6	https://alphafold.ebi.ac.uk/files/AF-F4K410-F1-model_v6.pdb	../raw/alphafold/AF-F4K410-F1-model.pdb	2026-07-23T03:05:48.916400+00:00	430271	48b29eb1c0ba10fa9f4cfeb339a5fc370610f43507e9bcac2a668b900e8d5a88	plantpersulf/0.0.0
F4K6B8	v6	https://alphafold.ebi.ac.uk/files/AF-F4K6B8-F1-model_v6.pdb	../raw/alphafold/AF-F4K6B8-F1-model.pdb	2026-07-23T03:05:52.387256+00:00	690443	0e0f9487f6db525b8641b97f502b05a0874ccd01caa2e92f65321d90a4c622ff	plantpersulf/0.0.0
F4K6Y8	v6	https://alphafold.ebi.ac.uk/files/AF-F4K6Y8-F1-model_v6.pdb	../raw/alphafold/AF-F4K6Y8-F1-model.pdb	2026-07-23T03:05:55.130423+00:00	236438	e9f95324d5bd5d3c46c17993d2312487e670743a5067f26817f42f8c4aed7b0e	plantpersulf/0.0.0
F4K8Y6	v6	https://alphafold.ebi.ac.uk/files/AF-F4K8Y6-F1-model_v6.pdb	../raw/alphafold/AF-F4K8Y6-F1-model.pdb	2026-07-23T03:05:58.654616+00:00	443231	a346266bada9b1654819c708eed989f7678ff68ce535a7219a9a65e868505701	plantpersulf/0.0.0
F4KD57	v6	https://alphafold.ebi.ac.uk/files/AF-F4KD57-F1-model_v6.pdb	../raw/alphafold/AF-F4KD57-F1-model.pdb	2026-07-23T03:06:01.591499+00:00	352430	cf4728a4be2742bbba089bad5559aa0f4f44b852673eda0963d168ae2b1934cb	plantpersulf/0.0.0
F4KEL9	v6	https://alphafold.ebi.ac.uk/files/AF-F4KEL9-F1-model_v6.pdb	../raw/alphafold/AF-F4KEL9-F1-model.pdb	2026-07-23T03:06:05.224056+00:00	616490	41860efc46a94d17f8ab4c2d6da29787056a8830f3a3567db179635842f85219	plantpersulf/0.0.0
F4KEY9	v6	https://alphafold.ebi.ac.uk/files/AF-F4KEY9-F1-model_v6.pdb	../raw/alphafold/AF-F4KEY9-F1-model.pdb	2026-07-23T03:06:08.418471+00:00	701783	3a1b30f72df49a5dc9a6bf38004d8010a0b38b0a9105ba5653b03d2aac8a2892	plantpersulf/0.0.0
F4KG41	v6	https://alphafold.ebi.ac.uk/files/AF-F4KG41-F1-model_v6.pdb	../raw/alphafold/AF-F4KG41-F1-model.pdb	2026-07-23T03:06:11.840943+00:00	749006	5b23bc8e3e4851ae5be9285ee266ea67df2f804b618ef72d3aacf042ca4c1bc2	plantpersulf/0.0.0
F4KHG8	v6	https://alphafold.ebi.ac.uk/files/AF-F4KHG8-F1-model_v6.pdb	../raw/alphafold/AF-F4KHG8-F1-model.pdb	2026-07-23T03:06:15.628249+00:00	687041	fa5221fd67a2a9a9b2437c1995751a08335f1c97b4caaab7b524b115b444ae41	plantpersulf/0.0.0
G4MK82	v6	https://alphafold.ebi.ac.uk/files/AF-G4MK82-F1-model_v6.pdb	../raw/alphafold/AF-G4MK82-F1-model.pdb	2026-07-23T03:06:19.277468+00:00	613898	54994e99000c83c31666b043218c2f11083dda91e6ad45f7f03e0fb9ccee241a	plantpersulf/0.0.0
G4MK83	v6	https://alphafold.ebi.ac.uk/files/AF-G4MK83-F1-model_v6.pdb	../raw/alphafold/AF-G4MK83-F1-model.pdb	2026-07-23T03:06:22.425948+00:00	263168	b6f810911a314c11af9187a6d3b69ad59a104ec5dab11e0ba371295c017e5604	plantpersulf/0.0.0
G4MKA7	v6	https://alphafold.ebi.ac.uk/files/AF-G4MKA7-F1-model_v6.pdb	../raw/alphafold/AF-G4MKA7-F1-model.pdb	2026-07-23T03:06:25.673419+00:00	346598	a7536d44247dd535239a341abda463d6383f23e8a8b161aea48b6eb2d7ae2d15	plantpersulf/0.0.0
G4MKB0	v6	https://alphafold.ebi.ac.uk/files/AF-G4MKB0-F1-model_v6.pdb	../raw/alphafold/AF-G4MKB0-F1-model.pdb	2026-07-23T03:06:28.940944+00:00	246644	2763489b9e02c4690d8365c2615b77c8244de1db4926e021425b72c35b3ed462	plantpersulf/0.0.0
G4MKD1	v6	https://alphafold.ebi.ac.uk/files/AF-G4MKD1-F1-model_v6.pdb	../raw/alphafold/AF-G4MKD1-F1-model.pdb	2026-07-23T03:06:31.785130+00:00	132029	1bda730f9eb9a2c8cc16450e228e6654321074e21176a2169bbf1e52520c1636	plantpersulf/0.0.0
G4MKD2	v6	https://alphafold.ebi.ac.uk/files/AF-G4MKD2-F1-model_v6.pdb	../raw/alphafold/AF-G4MKD2-F1-model.pdb	2026-07-23T03:06:35.078065+00:00	273131	5218851ec4e945a7aa6fc97d639cb29db6f09a280a301f31eb0d60fc359a931c	plantpersulf/0.0.0
G4MKD3	v6	https://alphafold.ebi.ac.uk/files/AF-G4MKD3-F1-model_v6.pdb	../raw/alphafold/AF-G4MKD3-F1-model.pdb	2026-07-23T03:06:38.512821+00:00	717659	e7630569e61530a841d9781d0905a81aac0cc3f8a314e680fa9cc2e48ba36119	plantpersulf/0.0.0
G4MKH5	v6	https://alphafold.ebi.ac.uk/files/AF-G4MKH5-F1-model_v6.pdb	../raw/alphafold/AF-G4MKH5-F1-model.pdb	2026-07-23T03:06:41.618042+00:00	179090	429bfbfc75cf9b87c340407b03086644a3e83bcc193d2347bae91644028a4b75	plantpersulf/0.0.0
G4MKH8	v6	https://alphafold.ebi.ac.uk/files/AF-G4MKH8-F1-model_v6.pdb	../raw/alphafold/AF-G4MKH8-F1-model.pdb	2026-07-23T03:06:44.746223+00:00	204119	97ddc666ce910eb4512073c2d76f22a0178862ff804fa3c38013f3a2823b82c9	plantpersulf/0.0.0
G4MKI0	v6	https://alphafold.ebi.ac.uk/files/AF-G4MKI0-F1-model_v6.pdb	../raw/alphafold/AF-G4MKI0-F1-model.pdb	2026-07-23T03:06:48.027044+00:00	85616	a3531c90b484f394f2a187f9b9f6a0591fc51d434740fbb808b43f170def20da	plantpersulf/0.0.0
G4MKI2	v6	https://alphafold.ebi.ac.uk/files/AF-G4MKI2-F1-model_v6.pdb	../raw/alphafold/AF-G4MKI2-F1-model.pdb	2026-07-23T03:06:51.618033+00:00	367982	66babff6998d53d31370446042eb7b7ae707e9fa5518449f38d12b8a423cff33	plantpersulf/0.0.0
G4MKI3	v6	https://alphafold.ebi.ac.uk/files/AF-G4MKI3-F1-model_v6.pdb	../raw/alphafold/AF-G4MKI3-F1-model.pdb	2026-07-23T03:06:54.942016+00:00	238544	6a02815cc6417e8e4e760a5019eb764391f04dd211ecf35a9a6c115fde1e1f8e	plantpersulf/0.0.0
G4MKI5	v6	https://alphafold.ebi.ac.uk/files/AF-G4MKI5-F1-model_v6.pdb	../raw/alphafold/AF-G4MKI5-F1-model.pdb	2026-07-23T03:06:58.307148+00:00	422333	bc9b2a0a65e4183a747f7cbecb5a36de08a88ec5e1543b747d55c77ce3e3d668	plantpersulf/0.0.0
G4MKJ3	v6	https://alphafold.ebi.ac.uk/files/AF-G4MKJ3-F1-model_v6.pdb	../raw/alphafold/AF-G4MKJ3-F1-model.pdb	2026-07-23T03:07:01.732842+00:00	556874	2cb1233c7c3f422ea941dc91833703b2738c95df463174d230e43139c88a3a5f	plantpersulf/0.0.0
G4MKJ8	v6	https://alphafold.ebi.ac.uk/files/AF-G4MKJ8-F1-model_v6.pdb	../raw/alphafold/AF-G4MKJ8-F1-model.pdb	2026-07-23T03:07:05.019793+00:00	345302	e9ebd84e332c8236a2052f1162ff374a79ab322a20a03ce3031921ddf0d783fb	plantpersulf/0.0.0
G4MKK2	v6	https://alphafold.ebi.ac.uk/files/AF-G4MKK2-F1-model_v6.pdb	../raw/alphafold/AF-G4MKK2-F1-model.pdb	2026-07-23T03:07:08.821073+00:00	707453	487ac8372e48f826ec797c89e8865335f30a2a329b4f81cd16840d37b05cee3a	plantpersulf/0.0.0
G4MKM2	v6	https://alphafold.ebi.ac.uk/files/AF-G4MKM2-F1-model_v6.pdb	../raw/alphafold/AF-G4MKM2-F1-model.pdb	2026-07-23T03:07:11.904360+00:00	203471	9ca64a9bc5b7df0ce3e3afd0b637041f2ea77db3eb16aa365a66fd8e51f62ad6	plantpersulf/0.0.0
G4MKM5	v6	https://alphafold.ebi.ac.uk/files/AF-G4MKM5-F1-model_v6.pdb	../raw/alphafold/AF-G4MKM5-F1-model.pdb	2026-07-23T03:07:15.588413+00:00	713609	53a4b38edf60bada489dd69c94c82a3fe63c03622c1cdd05ec4e54583536f43a	plantpersulf/0.0.0
G4MKN9	v6	https://alphafold.ebi.ac.uk/files/AF-G4MKN9-F1-model_v6.pdb	../raw/alphafold/AF-G4MKN9-F1-model.pdb	2026-07-23T03:07:18.790403+00:00	344168	b36040e93a0918ba72facd0603f445fac5e078d76d952f85f2cdf54e01d93e0c	plantpersulf/0.0.0
G4MKP2	v6	https://alphafold.ebi.ac.uk/files/AF-G4MKP2-F1-model_v6.pdb	../raw/alphafold/AF-G4MKP2-F1-model.pdb	2026-07-23T03:07:22.270970+00:00	408077	68fbbe386e0771b624c287a1d6bd6e4526b0c91bc52315a8a71bc28538ea9601	plantpersulf/0.0.0
G4MKQ2	v6	https://alphafold.ebi.ac.uk/files/AF-G4MKQ2-F1-model_v6.pdb	../raw/alphafold/AF-G4MKQ2-F1-model.pdb	2026-07-23T03:07:26.289765+00:00	635120	1c8df01c7fbfe5d7b51c60c0907a980e08eca5721d08a31d5eb0b3674a2af10d	plantpersulf/0.0.0
G4MKQ4	v6	https://alphafold.ebi.ac.uk/files/AF-G4MKQ4-F1-model_v6.pdb	../raw/alphafold/AF-G4MKQ4-F1-model.pdb	2026-07-23T03:07:29.619516+00:00	291599	931b8d5f5fc130477b4eb4ca2285295cfc3fa3c7ebd7ac58658bc8d318978f5c	plantpersulf/0.0.0
G4MKQ5	v6	https://alphafold.ebi.ac.uk/files/AF-G4MKQ5-F1-model_v6.pdb	../raw/alphafold/AF-G4MKQ5-F1-model.pdb	2026-07-23T03:07:32.908446+00:00	324080	5bc57254c24605ec94438740a37de1c1304314aa6efe1f5fb2e65e9b4d68fc0b	plantpersulf/0.0.0
G4MKR5	v6	https://alphafold.ebi.ac.uk/files/AF-G4MKR5-F1-model_v6.pdb	../raw/alphafold/AF-G4MKR5-F1-model.pdb	2026-07-23T03:07:35.836966+00:00	162242	32e68b8bf788865846d36f3a63d690628f0529cd401c328e4a5e1c1e97e2ad34	plantpersulf/0.0.0
G4MKV6	v6	https://alphafold.ebi.ac.uk/files/AF-G4MKV6-F1-model_v6.pdb	../raw/alphafold/AF-G4MKV6-F1-model.pdb	2026-07-23T03:07:39.214525+00:00	495314	346f9f1f1690d1921c311f8bcabe57b369a23c99c54805fb933738e3656c7197	plantpersulf/0.0.0
G4MKW4	v6	https://alphafold.ebi.ac.uk/files/AF-G4MKW4-F1-model_v6.pdb	../raw/alphafold/AF-G4MKW4-F1-model.pdb	2026-07-23T03:07:42.484523+00:00	254096	5dd30b93f3cd7a3ecdb592c00038e2d23376bb3b120fca4078b8fc37850cf88a	plantpersulf/0.0.0
G4MKX0	v6	https://alphafold.ebi.ac.uk/files/AF-G4MKX0-F1-model_v6.pdb	../raw/alphafold/AF-G4MKX0-F1-model.pdb	2026-07-23T03:07:45.421447+00:00	367820	35acfffebce43145553ce54a06073208795b8082b7b9cd00c91306151a17dedf	plantpersulf/0.0.0
G4MKY5	v6	https://alphafold.ebi.ac.uk/files/AF-G4MKY5-F1-model_v6.pdb	../raw/alphafold/AF-G4MKY5-F1-model.pdb	2026-07-23T03:07:48.702524+00:00	283256	4169c5b8550ab68b196e1771900111606bd214df14c250594098fbf720e1995f	plantpersulf/0.0.0
G4MKY9	v6	https://alphafold.ebi.ac.uk/files/AF-G4MKY9-F1-model_v6.pdb	../raw/alphafold/AF-G4MKY9-F1-model.pdb	2026-07-23T03:07:51.718748+00:00	145961	7f41fd63f2914270c58b39941eccace9dee418be58c2f9049db5b15d6b788c8d	plantpersulf/0.0.0
G4ML05	v6	https://alphafold.ebi.ac.uk/files/AF-G4ML05-F1-model_v6.pdb	../raw/alphafold/AF-G4ML05-F1-model.pdb	2026-07-23T03:07:55.006368+00:00	259118	332885afd0ead328dc8e6f08e5f04668b6b04868e3369a6b51ad88de89d1254b	plantpersulf/0.0.0
G4ML12	v6	https://alphafold.ebi.ac.uk/files/AF-G4ML12-F1-model_v6.pdb	../raw/alphafold/AF-G4ML12-F1-model.pdb	2026-07-23T03:07:58.526967+00:00	643949	1f596ebfb9ff5370c2c1b19daaa3d3f94e1aeccd46c0b929a47aca575eeb39c0	plantpersulf/0.0.0
G4ML22	v6	https://alphafold.ebi.ac.uk/files/AF-G4ML22-F1-model_v6.pdb	../raw/alphafold/AF-G4ML22-F1-model.pdb	2026-07-23T03:08:01.558282+00:00	202337	74dcea4e3d11cef444bd76a344e4dc69d74ffcd616dcb387245f0a099bdd0e08	plantpersulf/0.0.0
G4ML31	v6	https://alphafold.ebi.ac.uk/files/AF-G4ML31-F1-model_v6.pdb	../raw/alphafold/AF-G4ML31-F1-model.pdb	2026-07-23T03:08:05.710903+00:00	240326	680d9203c4e90e895ff5b1b3a29c1ac0c7f0c332b6089fea0d8159fd475fbe73	plantpersulf/0.0.0
G4ML38	v6	https://alphafold.ebi.ac.uk/files/AF-G4ML38-F1-model_v6.pdb	../raw/alphafold/AF-G4ML38-F1-model.pdb	2026-07-23T03:08:08.957887+00:00	466235	ccb09380de7bdc279088a1bf1edb803810e7372e8f325c60df0281dd42fb24de	plantpersulf/0.0.0
G4ML52	v6	https://alphafold.ebi.ac.uk/files/AF-G4ML52-F1-model_v6.pdb	../raw/alphafold/AF-G4ML52-F1-model.pdb	2026-07-23T03:08:11.853374+00:00	171395	6be021f61b3dddbdaac215c8dac1b21fdebb2cd8a464c7425bfdecdb73f83123	plantpersulf/0.0.0
G4ML65	v6	https://alphafold.ebi.ac.uk/files/AF-G4ML65-F1-model_v6.pdb	../raw/alphafold/AF-G4ML65-F1-model.pdb	2026-07-23T03:08:15.121277+00:00	230525	259ecbe5a32ed2db1b01c7809970642f13c296dabd1380d9d49f90227c99ed2c	plantpersulf/0.0.0
G4ML68	v6	https://alphafold.ebi.ac.uk/files/AF-G4ML68-F1-model_v6.pdb	../raw/alphafold/AF-G4ML68-F1-model.pdb	2026-07-23T03:08:18.094026+00:00	107891	d4d569e9b16ef9c23d19167ac22bae157121a4dc57be565c431d19877231b421	plantpersulf/0.0.0
G4ML75	v6	https://alphafold.ebi.ac.uk/files/AF-G4ML75-F1-model_v6.pdb	../raw/alphafold/AF-G4ML75-F1-model.pdb	2026-07-23T03:08:21.816295+00:00	500012	a66b8c468d4afcd3b69b0a366e0d932f97f24c4a5e5aa020542cd62076f1c049	plantpersulf/0.0.0
G4ML82	v6	https://alphafold.ebi.ac.uk/files/AF-G4ML82-F1-model_v6.pdb	../raw/alphafold/AF-G4ML82-F1-model.pdb	2026-07-23T03:08:25.367234+00:00	420956	64bb0547fd4ce30ea29e168de5d746b9a7835e0f665396b52c85e19e25eaa6a1	plantpersulf/0.0.0
G4ML85	v6	https://alphafold.ebi.ac.uk/files/AF-G4ML85-F1-model_v6.pdb	../raw/alphafold/AF-G4ML85-F1-model.pdb	2026-07-23T03:08:28.700899+00:00	299780	19c6ab5842c8cab273e5cddd5da706edb6ebfb137e8f447a14c8e4e1a2f36d2f	plantpersulf/0.0.0
G4ML89	v6	https://alphafold.ebi.ac.uk/files/AF-G4ML89-F1-model_v6.pdb	../raw/alphafold/AF-G4ML89-F1-model.pdb	2026-07-23T03:08:31.892084+00:00	226556	5ba20e5c8f4c219d76cc1965d09b39a066e8f02a5ec53e826bc14d26f8627f79	plantpersulf/0.0.0
G4ML91	v6	https://alphafold.ebi.ac.uk/files/AF-G4ML91-F1-model_v6.pdb	../raw/alphafold/AF-G4ML91-F1-model.pdb	2026-07-23T03:08:34.653939+00:00	203309	c7636f1188e462e74786284efa7b73cd2918bc6d4d78a53af42e30759424b5d7	plantpersulf/0.0.0
G4MLB6	v6	https://alphafold.ebi.ac.uk/files/AF-G4MLB6-F1-model_v6.pdb	../raw/alphafold/AF-G4MLB6-F1-model.pdb	2026-07-23T03:08:38.202929+00:00	715472	4f538dd329302003123cf8c4b9dca2fd01b181b27801d0648fc235b5c72fdb64	plantpersulf/0.0.0
G4MLG1	v6	https://alphafold.ebi.ac.uk/files/AF-G4MLG1-F1-model_v6.pdb	../raw/alphafold/AF-G4MLG1-F1-model.pdb	2026-07-23T03:08:41.622461+00:00	293057	e9e5fb15340e32b0b66ded71bbd341770cc983f75b7b451db1083d688ebd9eae	plantpersulf/0.0.0
G4MLL1	v6	https://alphafold.ebi.ac.uk/files/AF-G4MLL1-F1-model_v6.pdb	../raw/alphafold/AF-G4MLL1-F1-model.pdb	2026-07-23T03:08:45.072030+00:00	490940	974ca84a7be9ab67d352f0f1ada6ebbd26bae050b38be889102d2f72698d2332	plantpersulf/0.0.0
G4MLL7	v6	https://alphafold.ebi.ac.uk/files/AF-G4MLL7-F1-model_v6.pdb	../raw/alphafold/AF-G4MLL7-F1-model.pdb	2026-07-23T03:08:48.429271+00:00	397547	d83886ea7dd83da96f9c9ea5d626ce78af913d8021d0bc69608e08b75097bd5b	plantpersulf/0.0.0
G4MLM8	v6	https://alphafold.ebi.ac.uk/files/AF-G4MLM8-F1-model_v6.pdb	../raw/alphafold/AF-G4MLM8-F1-model.pdb	2026-07-23T03:08:51.926420+00:00	461942	e23b150c9e0a5e264c621c6862b79f7d979d10d79d081f4df88da91121e04597	plantpersulf/0.0.0
G4MLN4	v6	https://alphafold.ebi.ac.uk/files/AF-G4MLN4-F1-model_v6.pdb	../raw/alphafold/AF-G4MLN4-F1-model.pdb	2026-07-23T03:08:54.967308+00:00	160541	a65210e5e98803653dec10f8d5e661253917ec8af28636fcef90121dae626b39	plantpersulf/0.0.0
G4MLP9	v6	https://alphafold.ebi.ac.uk/files/AF-G4MLP9-F1-model_v6.pdb	../raw/alphafold/AF-G4MLP9-F1-model.pdb	2026-07-23T03:08:58.132368+00:00	328697	bc1fef72bc8e25095c67a35058a5f340d0eceedfa0e33c68fd41eb3eb30d794c	plantpersulf/0.0.0
G4MLR0	v6	https://alphafold.ebi.ac.uk/files/AF-G4MLR0-F1-model_v6.pdb	../raw/alphafold/AF-G4MLR0-F1-model.pdb	2026-07-23T03:09:01.447807+00:00	326915	f821598af143ced699a9763641d498b14829d44fa52ca251114a2010a4db3731	plantpersulf/0.0.0
G4MLR9	v6	https://alphafold.ebi.ac.uk/files/AF-G4MLR9-F1-model_v6.pdb	../raw/alphafold/AF-G4MLR9-F1-model.pdb	2026-07-23T03:09:04.675983+00:00	231740	4ec8cd3b3ad73161416f6ac3af97c919d052392f68aed952c7724c6f4f9cb645	plantpersulf/0.0.0
G4MLS0	v6	https://alphafold.ebi.ac.uk/files/AF-G4MLS0-F1-model_v6.pdb	../raw/alphafold/AF-G4MLS0-F1-model.pdb	2026-07-23T03:09:08.031095+00:00	136970	526b0c3896db11cb31d12e8f43a8d93cfeb89e2f26075443bc1c397485a5617b	plantpersulf/0.0.0
G4MLW0	v6	https://alphafold.ebi.ac.uk/files/AF-G4MLW0-F1-model_v6.pdb	../raw/alphafold/AF-G4MLW0-F1-model.pdb	2026-07-23T03:09:11.273413+00:00	352430	9055665647d496ea4c6a7e6f46a03e240eed2055bee60150377c5dd634496e2b	plantpersulf/0.0.0
G4MM52	v6	https://alphafold.ebi.ac.uk/files/AF-G4MM52-F1-model_v6.pdb	../raw/alphafold/AF-G4MM52-F1-model.pdb	2026-07-23T03:09:14.407582+00:00	202418	06d6ef4bb776fe41204a71674a8d2c0ed7520e735e37c58721c5d154f2a91c1b	plantpersulf/0.0.0
G4MM53	v6	https://alphafold.ebi.ac.uk/files/AF-G4MM53-F1-model_v6.pdb	../raw/alphafold/AF-G4MM53-F1-model.pdb	2026-07-23T03:09:17.851627+00:00	373490	9095196adf6e36b9bcfc5936950015460daef70d1adff6616839d676bacc5994	plantpersulf/0.0.0
G4MM57	v6	https://alphafold.ebi.ac.uk/files/AF-G4MM57-F1-model_v6.pdb	../raw/alphafold/AF-G4MM57-F1-model.pdb	2026-07-23T03:09:21.244071+00:00	287306	1623d5ee6415ee59bab01e847b71640d6d90083170b583e9ef13b0785a6f51a1	plantpersulf/0.0.0
G4MMB9	v6	https://alphafold.ebi.ac.uk/files/AF-G4MMB9-F1-model_v6.pdb	../raw/alphafold/AF-G4MMB9-F1-model.pdb	2026-07-23T03:09:24.522035+00:00	331046	30e2ee07a3a6847bbb872fbe1f765f68f35d3cb448e86fb6c013fc42f66c5c2b	plantpersulf/0.0.0
G4MMC5	v6	https://alphafold.ebi.ac.uk/files/AF-G4MMC5-F1-model_v6.pdb	../raw/alphafold/AF-G4MMC5-F1-model.pdb	2026-07-23T03:09:27.845042+00:00	317438	8c8e20c9156a524808bc9b6b7797bde488376a3a0ec78a3badae62faa1d291ee	plantpersulf/0.0.0
G4MMD8	v6	https://alphafold.ebi.ac.uk/files/AF-G4MMD8-F1-model_v6.pdb	../raw/alphafold/AF-G4MMD8-F1-model.pdb	2026-07-23T03:09:30.445699+00:00	245429	4e1a25c0c8f25d296e9d8b5910c5b83b79b7ffd8a15131d2f0e31102726414b6	plantpersulf/0.0.0
G4MME5	v6	https://alphafold.ebi.ac.uk/files/AF-G4MME5-F1-model_v6.pdb	../raw/alphafold/AF-G4MME5-F1-model.pdb	2026-07-23T03:09:33.768503+00:00	305693	9ec59472c3281c75ba09d6c09369e2b1e0744b10bf0bd887ed8bd14d06ed0877	plantpersulf/0.0.0
G4MMF5	v6	https://alphafold.ebi.ac.uk/files/AF-G4MMF5-F1-model_v6.pdb	../raw/alphafold/AF-G4MMF5-F1-model.pdb	2026-07-23T03:09:36.503577+00:00	74843	a96f6bc58e0e9f21ce49a58b8033e8c1ac3914a85da376f263ed5e8e3072b501	plantpersulf/0.0.0
G4MMG8	v6	https://alphafold.ebi.ac.uk/files/AF-G4MMG8-F1-model_v6.pdb	../raw/alphafold/AF-G4MMG8-F1-model.pdb	2026-07-23T03:09:39.419205+00:00	197720	3d13d210f1ed9d78a04d97f15db70298b88c910f4055439c41620e3c5f62185c	plantpersulf/0.0.0
G4MMG9	v6	https://alphafold.ebi.ac.uk/files/AF-G4MMG9-F1-model_v6.pdb	../raw/alphafold/AF-G4MMG9-F1-model.pdb	2026-07-23T03:09:42.051911+00:00	97442	247f85039a56966f6c322b26a3906f0286c20cd5e2204f1dd713afb5f1196228	plantpersulf/0.0.0
G4MMJ2	v6	https://alphafold.ebi.ac.uk/files/AF-G4MMJ2-F1-model_v6.pdb	../raw/alphafold/AF-G4MMJ2-F1-model.pdb	2026-07-23T03:09:45.622503+00:00	614060	93c4b0a15861d3d56cb36de07651f6904ba00d42af2c336435ec3fc374b62009	plantpersulf/0.0.0
G4MMM3	v6	https://alphafold.ebi.ac.uk/files/AF-G4MMM3-F1-model_v6.pdb	../raw/alphafold/AF-G4MMM3-F1-model.pdb	2026-07-23T03:09:49.076732+00:00	312902	e05b9974e780e595473a37ec745c0ceb4c0457140e00f1171149c4877a6c92ab	plantpersulf/0.0.0
G4MMU8	v6	https://alphafold.ebi.ac.uk/files/AF-G4MMU8-F1-model_v6.pdb	../raw/alphafold/AF-G4MMU8-F1-model.pdb	2026-07-23T03:09:52.506922+00:00	433268	2632310bb59ba5ddb3ad89fd69a4cfb3147f5ad441c86d5f96917a47c7ac5ac8	plantpersulf/0.0.0
G4MMW0	v6	https://alphafold.ebi.ac.uk/files/AF-G4MMW0-F1-model_v6.pdb	../raw/alphafold/AF-G4MMW0-F1-model.pdb	2026-07-23T03:09:55.647964+00:00	237653	e1f1c6a94e3c2782200df5cc709ee38b02c680614fa94790cb1ab0fd0f63c7b0	plantpersulf/0.0.0
G4MMW4	v6	https://alphafold.ebi.ac.uk/files/AF-G4MMW4-F1-model_v6.pdb	../raw/alphafold/AF-G4MMW4-F1-model.pdb	2026-07-23T03:09:58.775108+00:00	241460	8cc320623744dc717f81453a82d8dcfd841e35c6ed3573e9b083d66d709c3d3c	plantpersulf/0.0.0
G4MMX3	v6	https://alphafold.ebi.ac.uk/files/AF-G4MMX3-F1-model_v6.pdb	../raw/alphafold/AF-G4MMX3-F1-model.pdb	2026-07-23T03:10:01.873801+00:00	323756	18128374a6569a934de9ba392583dd78ef8349fcd8cc9560ce3b30b7642019ad	plantpersulf/0.0.0
G4MMY4	v6	https://alphafold.ebi.ac.uk/files/AF-G4MMY4-F1-model_v6.pdb	../raw/alphafold/AF-G4MMY4-F1-model.pdb	2026-07-23T03:10:05.260121+00:00	232388	50524e4c6a6003a0a2348ead3916da004abbed21f2fbb110dc589eff9d19feb0	plantpersulf/0.0.0
G4MN07	v6	https://alphafold.ebi.ac.uk/files/AF-G4MN07-F1-model_v6.pdb	../raw/alphafold/AF-G4MN07-F1-model.pdb	2026-07-23T03:10:08.000176+00:00	97118	73fd127038182c0d1b0f4b7ff9fbd6d5bfaf14fa6553263c9dfcb4f4fc48139b	plantpersulf/0.0.0
G4MN13	v6	https://alphafold.ebi.ac.uk/files/AF-G4MN13-F1-model_v6.pdb	../raw/alphafold/AF-G4MN13-F1-model.pdb	2026-07-23T03:10:11.235892+00:00	326186	be85fb5d83f721d032158f53143aa6fe6e66b1e1e0a6ef639a0b6cd7f0fa139b	plantpersulf/0.0.0
G4MN52	v6	https://alphafold.ebi.ac.uk/files/AF-G4MN52-F1-model_v6.pdb	../raw/alphafold/AF-G4MN52-F1-model.pdb	2026-07-23T03:10:14.253806+00:00	156329	68ac5a9cebaaf6e936df2bce98f50001ce10ecae3d6f6b2b80cc3da395440943	plantpersulf/0.0.0
G4MN57	v6	https://alphafold.ebi.ac.uk/files/AF-G4MN57-F1-model_v6.pdb	../raw/alphafold/AF-G4MN57-F1-model.pdb	2026-07-23T03:10:17.810718+00:00	363932	03155b53457c7628aef9cbd503849e306a232adb2174761a1bf6b5f237f5547c	plantpersulf/0.0.0
G4MNC1	v6	https://alphafold.ebi.ac.uk/files/AF-G4MNC1-F1-model_v6.pdb	../raw/alphafold/AF-G4MNC1-F1-model.pdb	2026-07-23T03:10:21.810555+00:00	145070	3da7146b53de74737da35493a926fcbb120f661e54d42102ad038c5892823cce	plantpersulf/0.0.0
G4MND2	v6	https://alphafold.ebi.ac.uk/files/AF-G4MND2-F1-model_v6.pdb	../raw/alphafold/AF-G4MND2-F1-model.pdb	2026-07-23T03:10:24.596830+00:00	118502	5fe560cb54ae2ff5772f8636a109fe689f1a13931bdf7e5464c6f4ae8b643978	plantpersulf/0.0.0
G4MND9	v6	https://alphafold.ebi.ac.uk/files/AF-G4MND9-F1-model_v6.pdb	../raw/alphafold/AF-G4MND9-F1-model.pdb	2026-07-23T03:10:27.716991+00:00	235952	e69aaf43c2439fa47239b5dc41871e28b2940523b689d54bde976ffd780771d7	plantpersulf/0.0.0
G4MNE4	v6	https://alphafold.ebi.ac.uk/files/AF-G4MNE4-F1-model_v6.pdb	../raw/alphafold/AF-G4MNE4-F1-model.pdb	2026-07-23T03:10:30.895193+00:00	280016	0594c1427fe19c3abeb37aee7a853754bd7293cd35875f8889616512e8c9c0b4	plantpersulf/0.0.0
G4MNF0	v6	https://alphafold.ebi.ac.uk/files/AF-G4MNF0-F1-model_v6.pdb	../raw/alphafold/AF-G4MNF0-F1-model.pdb	2026-07-23T03:10:34.205684+00:00	277181	44abecb8b5274c0a8bbcf2b646853d7cac5cf36281887b818f786291e5b0228f	plantpersulf/0.0.0
G4MNG5	v6	https://alphafold.ebi.ac.uk/files/AF-G4MNG5-F1-model_v6.pdb	../raw/alphafold/AF-G4MNG5-F1-model.pdb	2026-07-23T03:10:37.519116+00:00	389123	256cf82a67d96e4a6b946c480978f91e6dc5422c5ab2265da6337d284cfbb44c	plantpersulf/0.0.0
G4MNG7	v6	https://alphafold.ebi.ac.uk/files/AF-G4MNG7-F1-model_v6.pdb	../raw/alphafold/AF-G4MNG7-F1-model.pdb	2026-07-23T03:10:40.658555+00:00	212705	cca1b4fc02cf9019ba08f7e4c01448d44b93aebf446103e6c326992e77ba1577	plantpersulf/0.0.0
G4MNH8	v6	https://alphafold.ebi.ac.uk/files/AF-G4MNH8-F1-model_v6.pdb	../raw/alphafold/AF-G4MNH8-F1-model.pdb	2026-07-23T03:10:44.051870+00:00	411074	19e1bcfcac7abc5826f9a7cd5352630fb7f0850177fd1ee64220d82d8bed78c7	plantpersulf/0.0.0
G4MNJ3	v6	https://alphafold.ebi.ac.uk/files/AF-G4MNJ3-F1-model_v6.pdb	../raw/alphafold/AF-G4MNJ3-F1-model.pdb	2026-07-23T03:10:47.095733+00:00	234008	5814e81fa1ea57d8a17983ea01e27f64199baeb6775a1df1c99483fcb8b9d5ac	plantpersulf/0.0.0
G4MNK0	v6	https://alphafold.ebi.ac.uk/files/AF-G4MNK0-F1-model_v6.pdb	../raw/alphafold/AF-G4MNK0-F1-model.pdb	2026-07-23T03:10:50.563483+00:00	644678	f4ff949badefc12637092b3d12c710b1ce347115820f79c0b23cb09e753452e2	plantpersulf/0.0.0
G4MNM9	v6	https://alphafold.ebi.ac.uk/files/AF-G4MNM9-F1-model_v6.pdb	../raw/alphafold/AF-G4MNM9-F1-model.pdb	2026-07-23T03:10:53.942470+00:00	393497	984d4ae6952d6e573a0504474513129bb8c488d48732b6f32ae5ed9ff25b30b9	plantpersulf/0.0.0
G4MNP7	v6	https://alphafold.ebi.ac.uk/files/AF-G4MNP7-F1-model_v6.pdb	../raw/alphafold/AF-G4MNP7-F1-model.pdb	2026-07-23T03:10:57.179510+00:00	201770	33997f74f9eeb02f6ba043e6d24d8fb66e0fa85e1a8f6fa305890aa9bd41b59b	plantpersulf/0.0.0
G4MNS6	v6	https://alphafold.ebi.ac.uk/files/AF-G4MNS6-F1-model_v6.pdb	../raw/alphafold/AF-G4MNS6-F1-model.pdb	2026-07-23T03:11:00.122430+00:00	261224	3bd4373ecbf13dce956f74e2428cad397acc19a663041ac64f7010d3a87806f6	plantpersulf/0.0.0
G4MNT9	v6	https://alphafold.ebi.ac.uk/files/AF-G4MNT9-F1-model_v6.pdb	../raw/alphafold/AF-G4MNT9-F1-model.pdb	2026-07-23T03:11:02.959769+00:00	133001	b715ef69990a63590ee1406c5c356b41702d2fadb6574d5367b9ff933d66b582	plantpersulf/0.0.0
G4MNU1	v6	https://alphafold.ebi.ac.uk/files/AF-G4MNU1-F1-model_v6.pdb	../raw/alphafold/AF-G4MNU1-F1-model.pdb	2026-07-23T03:11:05.899989+00:00	184193	0f1bb74855def7e93d4876eb2e4b5cc2d747bb06d3fd3d01fff7f0305ef19554	plantpersulf/0.0.0
G4MNV7	v6	https://alphafold.ebi.ac.uk/files/AF-G4MNV7-F1-model_v6.pdb	../raw/alphafold/AF-G4MNV7-F1-model.pdb	2026-07-23T03:11:09.036366+00:00	281798	4e59fa9b9de24312522a524b91e1c5139bf64c7e265a65ebba9e8361bb16c79c	plantpersulf/0.0.0
G4MNW4	v6	https://alphafold.ebi.ac.uk/files/AF-G4MNW4-F1-model_v6.pdb	../raw/alphafold/AF-G4MNW4-F1-model.pdb	2026-07-23T03:11:12.506240+00:00	669626	67be82e393efaa891044e92936a1d5920e66dcea26064dfc33cc55f8f400423c	plantpersulf/0.0.0
G4MNY7	v6	https://alphafold.ebi.ac.uk/files/AF-G4MNY7-F1-model_v6.pdb	../raw/alphafold/AF-G4MNY7-F1-model.pdb	2026-07-23T03:11:15.948067+00:00	589598	72cbc6539a3a14fb66920c28af3d7b42a49b174dbdfa043235f64d759490460d	plantpersulf/0.0.0
G4MNZ6	v6	https://alphafold.ebi.ac.uk/files/AF-G4MNZ6-F1-model_v6.pdb	../raw/alphafold/AF-G4MNZ6-F1-model.pdb	2026-07-23T03:11:19.115125+00:00	239354	23385f84737edd830f451adaaee563941524025e7b91a18375168912bd7b2acd	plantpersulf/0.0.0
G4MP03	v6	https://alphafold.ebi.ac.uk/files/AF-G4MP03-F1-model_v6.pdb	../raw/alphafold/AF-G4MP03-F1-model.pdb	2026-07-23T03:11:23.001499+00:00	750950	0d61c275fe0eaa7d66b6ec7befd09b4f5ec5449c8049115fe25ecf25e601bc60	plantpersulf/0.0.0
G4MP08	v6	https://alphafold.ebi.ac.uk/files/AF-G4MP08-F1-model_v6.pdb	../raw/alphafold/AF-G4MP08-F1-model.pdb	2026-07-23T03:11:26.126999+00:00	177713	f48df9156c4bd02d350acd9fd29099fc97192265cf986d1f88ac623e7e499439	plantpersulf/0.0.0
G4MP09	v6	https://alphafold.ebi.ac.uk/files/AF-G4MP09-F1-model_v6.pdb	../raw/alphafold/AF-G4MP09-F1-model.pdb	2026-07-23T03:11:29.529639+00:00	401678	ff813db4e6b1402852f4a6679ac46b9ddde275167a7856507cfb467bc9432620	plantpersulf/0.0.0
G4MP10	v6	https://alphafold.ebi.ac.uk/files/AF-G4MP10-F1-model_v6.pdb	../raw/alphafold/AF-G4MP10-F1-model.pdb	2026-07-23T03:11:32.908721+00:00	518885	cf6a8d771d7e88eaec8c9279c87115e074164bfeaf989ef52546c441042b2f37	plantpersulf/0.0.0
G4MP11	v6	https://alphafold.ebi.ac.uk/files/AF-G4MP11-F1-model_v6.pdb	../raw/alphafold/AF-G4MP11-F1-model.pdb	2026-07-23T03:11:36.095011+00:00	168479	33fba2307a20053b5d1a09f56013337f75bea16b5dac4ee325520b4e2938a701	plantpersulf/0.0.0
G4MP14	v6	https://alphafold.ebi.ac.uk/files/AF-G4MP14-F1-model_v6.pdb	../raw/alphafold/AF-G4MP14-F1-model.pdb	2026-07-23T03:11:39.382785+00:00	332828	4cd5ac554f8b3401ca20822b33633ce9051e6a0f55079be2637c35bd4de3c588	plantpersulf/0.0.0
G4MP23	v6	https://alphafold.ebi.ac.uk/files/AF-G4MP23-F1-model_v6.pdb	../raw/alphafold/AF-G4MP23-F1-model.pdb	2026-07-23T03:11:42.663578+00:00	291599	e42ffb420e547f57217764467ed13fc3dfca7c7778aeea8089e0e91476eebc17	plantpersulf/0.0.0
G4MP28	v6	https://alphafold.ebi.ac.uk/files/AF-G4MP28-F1-model_v6.pdb	../raw/alphafold/AF-G4MP28-F1-model.pdb	2026-07-23T03:11:46.217788+00:00	393902	24514b3173d9b2f22429510182eca01475a393e3ec4e3cf8691109717816fc9f	plantpersulf/0.0.0
G4MP36	v6	https://alphafold.ebi.ac.uk/files/AF-G4MP36-F1-model_v6.pdb	../raw/alphafold/AF-G4MP36-F1-model.pdb	2026-07-23T03:11:49.295645+00:00	229148	3cc3efbec26af4592104e415de7d4d0dbefa324254962a03435f7bcc4ddb4a5d	plantpersulf/0.0.0
G4MPB8	v6	https://alphafold.ebi.ac.uk/files/AF-G4MPB8-F1-model_v6.pdb	../raw/alphafold/AF-G4MPB8-F1-model.pdb	2026-07-23T03:11:52.523146+00:00	233522	48739db64887fe2e036afbbeef67f6c417b0de7a5fd6df7ec986df3bf60bbcdf	plantpersulf/0.0.0
G4MPC1	v6	https://alphafold.ebi.ac.uk/files/AF-G4MPC1-F1-model_v6.pdb	../raw/alphafold/AF-G4MPC1-F1-model.pdb	2026-07-23T03:11:55.812766+00:00	273617	dd4be5349683fb6e81aa6fde286e4173b56d65c085da20b3846ccde4d8c1f4e6	plantpersulf/0.0.0
G4MPD7	v6	https://alphafold.ebi.ac.uk/files/AF-G4MPD7-F1-model_v6.pdb	../raw/alphafold/AF-G4MPD7-F1-model.pdb	2026-07-23T03:11:59.327750+00:00	668897	a542a914e6b2b3c0cd31f5533ced365489052e17b3af8958542aecc4b51fcd1c	plantpersulf/0.0.0
G4MPJ2	v6	https://alphafold.ebi.ac.uk/files/AF-G4MPJ2-F1-model_v6.pdb	../raw/alphafold/AF-G4MPJ2-F1-model.pdb	2026-07-23T03:12:02.107755+00:00	55808	1c670edcdce2922a0c85884a8cb6502ad7dfc655ceccb8c509b0ce8219945b70	plantpersulf/0.0.0
G4MPS0	v6	https://alphafold.ebi.ac.uk/files/AF-G4MPS0-F1-model_v6.pdb	../raw/alphafold/AF-G4MPS0-F1-model.pdb	2026-07-23T03:12:05.543159+00:00	362393	f975769523746190a7cce69372a03e2de4c393e55b0dd979f138bdaed7a2b571	plantpersulf/0.0.0
G4MPT7	v6	https://alphafold.ebi.ac.uk/files/AF-G4MPT7-F1-model_v6.pdb	../raw/alphafold/AF-G4MPT7-F1-model.pdb	2026-07-23T03:12:09.081605+00:00	329426	29dec3b7743d6a844144ef93d11103d8f0ca435ab1dd41ad306a17c20ba4adbb	plantpersulf/0.0.0
G4MPU8	v6	https://alphafold.ebi.ac.uk/files/AF-G4MPU8-F1-model_v6.pdb	../raw/alphafold/AF-G4MPU8-F1-model.pdb	2026-07-23T03:12:12.225139+00:00	337769	25fd56ad404a95b819a37a9ac1d9d7644dbdc4db5d14cb80c7147cb1f5d3fa85	plantpersulf/0.0.0
G4MPV4	v6	https://alphafold.ebi.ac.uk/files/AF-G4MPV4-F1-model_v6.pdb	../raw/alphafold/AF-G4MPV4-F1-model.pdb	2026-07-23T03:12:14.945892+00:00	311930	bd7ae6494b5ecd2d00803fe2a2a2a2e7cd5bfaa2877ad26f4ea0e9b748ce3056	plantpersulf/0.0.0
G4MQ02	v6	https://alphafold.ebi.ac.uk/files/AF-G4MQ02-F1-model_v6.pdb	../raw/alphafold/AF-G4MQ02-F1-model.pdb	2026-07-23T03:12:18.425133+00:00	631070	7bb8811be65916c0a8044a88244c9eab4c476e0073470a8ff7e86cabb4092486	plantpersulf/0.0.0
G4MQ03	v6	https://alphafold.ebi.ac.uk/files/AF-G4MQ03-F1-model_v6.pdb	../raw/alphafold/AF-G4MQ03-F1-model.pdb	2026-07-23T03:12:21.654377+00:00	275156	64ea9bf14d568917a609223c6d334a6b4ed776efeaeea95e45501743510a050d	plantpersulf/0.0.0
G4MQ15	v6	https://alphafold.ebi.ac.uk/files/AF-G4MQ15-F1-model_v6.pdb	../raw/alphafold/AF-G4MQ15-F1-model.pdb	2026-07-23T03:12:24.866820+00:00	199502	a53270f49157f9aeead675195d115d362ceebb22d26346f11200e824b929938c	plantpersulf/0.0.0
G4MQ58	v6	https://alphafold.ebi.ac.uk/files/AF-G4MQ58-F1-model_v6.pdb	../raw/alphafold/AF-G4MQ58-F1-model.pdb	2026-07-23T03:12:28.332930+00:00	381104	c93034c563de8de21b14deea3e56f66d843d372c96bf2151c7f716239da5f653	plantpersulf/0.0.0
G4MQ72	v6	https://alphafold.ebi.ac.uk/files/AF-G4MQ72-F1-model_v6.pdb	../raw/alphafold/AF-G4MQ72-F1-model.pdb	2026-07-23T03:12:31.799789+00:00	418850	d5005e0f79fa5ac5cf14d043ce5c4b7baecaa455d3e95512f3531c86da63af8b	plantpersulf/0.0.0
G4MQ91	v6	https://alphafold.ebi.ac.uk/files/AF-G4MQ91-F1-model_v6.pdb	../raw/alphafold/AF-G4MQ91-F1-model.pdb	2026-07-23T03:12:35.193400+00:00	786266	0131c573ca6add99267330026da90f453f620fe71f01e5b455be6370b5e2407f	plantpersulf/0.0.0
G4MQ94	v6	https://alphafold.ebi.ac.uk/files/AF-G4MQ94-F1-model_v6.pdb	../raw/alphafold/AF-G4MQ94-F1-model.pdb	2026-07-23T03:12:38.404014+00:00	215702	930022599481c71c8b4b733081201862067bf001f83745c7a584172d63d90398	plantpersulf/0.0.0
G4MQM9	v6	https://alphafold.ebi.ac.uk/files/AF-G4MQM9-F1-model_v6.pdb	../raw/alphafold/AF-G4MQM9-F1-model.pdb	2026-07-23T03:12:41.555769+00:00	282770	ea4ac9f2f356d0e84420f218989defdf0fde568b30fae0c3b4c2b56d3154b642	plantpersulf/0.0.0
G4MQN0	v6	https://alphafold.ebi.ac.uk/files/AF-G4MQN0-F1-model_v6.pdb	../raw/alphafold/AF-G4MQN0-F1-model.pdb	2026-07-23T03:12:44.880570+00:00	243809	2cee5149450567406d64da5708d36dac613a92ee8330deba52a0e8b2fc63d2c1	plantpersulf/0.0.0
G4MQN1	v6	https://alphafold.ebi.ac.uk/files/AF-G4MQN1-F1-model_v6.pdb	../raw/alphafold/AF-G4MQN1-F1-model.pdb	2026-07-23T03:12:48.032098+00:00	319139	a5225840337ff2c27e764946ad27e4c3f5132b1b5d90f03d4c849c6337c5147b	plantpersulf/0.0.0
G4MQN7	v6	https://alphafold.ebi.ac.uk/files/AF-G4MQN7-F1-model_v6.pdb	../raw/alphafold/AF-G4MQN7-F1-model.pdb	2026-07-23T03:12:51.319259+00:00	319868	1df30c5179cdc55ffce846e4676768292477f8efef737bdb97b8b2ff8b750b81	plantpersulf/0.0.0
G4MQN9	v6	https://alphafold.ebi.ac.uk/files/AF-G4MQN9-F1-model_v6.pdb	../raw/alphafold/AF-G4MQN9-F1-model.pdb	2026-07-23T03:12:54.617356+00:00	313226	41b3840c59c009b0d6087652f1ab77a4faa8caa029c778a14f7115bb9bec730f	plantpersulf/0.0.0
G4MQT0	v6	https://alphafold.ebi.ac.uk/files/AF-G4MQT0-F1-model_v6.pdb	../raw/alphafold/AF-G4MQT0-F1-model.pdb	2026-07-23T03:12:57.673131+00:00	191807	e1c8afb488d5ee08672a7ee166b7f7178209ff7f50c592a3fd4c07c4807a6ce8	plantpersulf/0.0.0
G4MQT9	v6	https://alphafold.ebi.ac.uk/files/AF-G4MQT9-F1-model_v6.pdb	../raw/alphafold/AF-G4MQT9-F1-model.pdb	2026-07-23T03:13:00.819975+00:00	319787	051923e0f88a38390689f943647cd668426473f3a1043b811d837b7c6da9e62f	plantpersulf/0.0.0
G4MQU2	v6	https://alphafold.ebi.ac.uk/files/AF-G4MQU2-F1-model_v6.pdb	../raw/alphafold/AF-G4MQU2-F1-model.pdb	2026-07-23T03:13:04.027487+00:00	309986	554148a6720835f48876c42e16b86f3b643cad6276caaa6d9aecf52e7e45e299	plantpersulf/0.0.0
G4MQU4	v6	https://alphafold.ebi.ac.uk/files/AF-G4MQU4-F1-model_v6.pdb	../raw/alphafold/AF-G4MQU4-F1-model.pdb	2026-07-23T03:13:07.499531+00:00	378512	8863ad1f11f1728c61bf6514e504a697117fc2712f562de874905a551c79ea0e	plantpersulf/0.0.0
G4MQV9	v6	https://alphafold.ebi.ac.uk/files/AF-G4MQV9-F1-model_v6.pdb	../raw/alphafold/AF-G4MQV9-F1-model.pdb	2026-07-23T03:13:10.473281+00:00	166130	68a7b16dda08565a4d15930e9ff31d94e12e7b47d6c7609bfe37e6ab8707e5ce	plantpersulf/0.0.0
G4MQW1	v6	https://alphafold.ebi.ac.uk/files/AF-G4MQW1-F1-model_v6.pdb	../raw/alphafold/AF-G4MQW1-F1-model.pdb	2026-07-23T03:13:13.576958+00:00	199826	d50601a62f6f9472c4be1ff9d9ee59d95bea18a4e7838f309f5e2b2d936a83f8	plantpersulf/0.0.0
G4MQX3	v6	https://alphafold.ebi.ac.uk/files/AF-G4MQX3-F1-model_v6.pdb	../raw/alphafold/AF-G4MQX3-F1-model.pdb	2026-07-23T03:13:16.585206+00:00	205496	48c9caa7cacb5dd58eb76bcb6dd6b002b46b339a5d38be01d8f57a9d812e7054	plantpersulf/0.0.0
G4MQY5	v6	https://alphafold.ebi.ac.uk/files/AF-G4MQY5-F1-model_v6.pdb	../raw/alphafold/AF-G4MQY5-F1-model.pdb	2026-07-23T03:13:19.984867+00:00	417311	ee8c9dbcdc2442faf1a802ce6c2b1fe948ba1531fbdc9278798224613e1663ca	plantpersulf/0.0.0
G4MQZ0	v6	https://alphafold.ebi.ac.uk/files/AF-G4MQZ0-F1-model_v6.pdb	../raw/alphafold/AF-G4MQZ0-F1-model.pdb	2026-07-23T03:13:23.419167+00:00	412127	a40fedc29be60275af1beea744d41e887243cd752b94e512cac5c616e4bd6929	plantpersulf/0.0.0
G4MR10	v6	https://alphafold.ebi.ac.uk/files/AF-G4MR10-F1-model_v6.pdb	../raw/alphafold/AF-G4MR10-F1-model.pdb	2026-07-23T03:13:26.276583+00:00	182330	d97b0b74b61eaf60999c7015c5c57bf3dd669cd9127cc58be86fd29241b95256	plantpersulf/0.0.0
G4MR20	v6	https://alphafold.ebi.ac.uk/files/AF-G4MR20-F1-model_v6.pdb	../raw/alphafold/AF-G4MR20-F1-model.pdb	2026-07-23T03:13:29.509576+00:00	337364	83845f865827d5d74f5cd4e22dcbd4ea47e203aecc8cd9c17efc687b9793a024	plantpersulf/0.0.0
G4MR35	v6	https://alphafold.ebi.ac.uk/files/AF-G4MR35-F1-model_v6.pdb	../raw/alphafold/AF-G4MR35-F1-model.pdb	2026-07-23T03:13:32.617724+00:00	196262	7312d057e1741535618c58e851a400adbbb7f5f0be3b0ea630218af7c084f19a	plantpersulf/0.0.0
G4MR66	v6	https://alphafold.ebi.ac.uk/files/AF-G4MR66-F1-model_v6.pdb	../raw/alphafold/AF-G4MR66-F1-model.pdb	2026-07-23T03:13:35.772080+00:00	266003	109e9a5a1dc532d6a617817ee455df98f9d8282a5cc3553a7eb4769dd6c27d26	plantpersulf/0.0.0
G4MR70	v6	https://alphafold.ebi.ac.uk/files/AF-G4MR70-F1-model_v6.pdb	../raw/alphafold/AF-G4MR70-F1-model.pdb	2026-07-23T03:13:38.637585+00:00	192131	af184569083038b6d57bcbfedd8cf5d53daff7827eac4233b4d34adf4574cfcc	plantpersulf/0.0.0
G4MR74	v6	https://alphafold.ebi.ac.uk/files/AF-G4MR74-F1-model_v6.pdb	../raw/alphafold/AF-G4MR74-F1-model.pdb	2026-07-23T03:13:41.898265+00:00	377459	55bb2adc43447ccb2e2f70b08eac4e9e83ee3e2aa532a9dad80af74cdf59b1fd	plantpersulf/0.0.0
G4MR77	v6	https://alphafold.ebi.ac.uk/files/AF-G4MR77-F1-model_v6.pdb	../raw/alphafold/AF-G4MR77-F1-model.pdb	2026-07-23T03:13:45.045112+00:00	384506	5d13094cebd77b8d7584504082b7dfeb6bca07fc361c89a8416b9125b761cec6	plantpersulf/0.0.0
G4MR80	v6	https://alphafold.ebi.ac.uk/files/AF-G4MR80-F1-model_v6.pdb	../raw/alphafold/AF-G4MR80-F1-model.pdb	2026-07-23T03:13:48.037504+00:00	433754	2504138ac57c1a76f520e78a9e31b7c831b2f50d8be1a877c0555f28a6e8942e	plantpersulf/0.0.0
G4MR84	v6	https://alphafold.ebi.ac.uk/files/AF-G4MR84-F1-model_v6.pdb	../raw/alphafold/AF-G4MR84-F1-model.pdb	2026-07-23T03:13:51.716904+00:00	828548	2c78212875949480bbdc316c060da35ab9a449ac0203b71b0e1c41b4f9e977a0	plantpersulf/0.0.0
G4MRA1	v6	https://alphafold.ebi.ac.uk/files/AF-G4MRA1-F1-model_v6.pdb	../raw/alphafold/AF-G4MRA1-F1-model.pdb	2026-07-23T03:13:55.641759+00:00	223721	01263ccb104def7d52840bb7ac15e73fc96ce6d80593227349ac3e4467c9a5c0	plantpersulf/0.0.0
G4MRA3	v6	https://alphafold.ebi.ac.uk/files/AF-G4MRA3-F1-model_v6.pdb	../raw/alphafold/AF-G4MRA3-F1-model.pdb	2026-07-23T03:13:58.671772+00:00	137618	6bae2b3b40bc50983129d06c33716713243b142758e03223c57a54faff75d96b	plantpersulf/0.0.0
G4MRA6	v6	https://alphafold.ebi.ac.uk/files/AF-G4MRA6-F1-model_v6.pdb	../raw/alphafold/AF-G4MRA6-F1-model.pdb	2026-07-23T03:14:01.756471+00:00	248183	b81360c25b002937f0bb3fd2374e226d98ff01ad676b7853969be4f278a41ddb	plantpersulf/0.0.0
G4MRB2	v6	https://alphafold.ebi.ac.uk/files/AF-G4MRB2-F1-model_v6.pdb	../raw/alphafold/AF-G4MRB2-F1-model.pdb	2026-07-23T03:14:04.889200+00:00	198206	314032ecf4113e1f052f1fe99485af1d6ef39cd375067ab9b99894fb9d07a8ef	plantpersulf/0.0.0
G4MRF2	v6	https://alphafold.ebi.ac.uk/files/AF-G4MRF2-F1-model_v6.pdb	../raw/alphafold/AF-G4MRF2-F1-model.pdb	2026-07-23T03:14:07.394877+00:00	55727	f38a318bc9ee4d36da1b50fd403af3aca6dd7cca3fc1a988bb8f6e014f9fd8ba	plantpersulf/0.0.0
G4MRF5	v6	https://alphafold.ebi.ac.uk/files/AF-G4MRF5-F1-model_v6.pdb	../raw/alphafold/AF-G4MRF5-F1-model.pdb	2026-07-23T03:14:10.523179+00:00	286010	4e8f40fe030a6f42aac16f6d2262dd0c299d0933534ec60024e7f3ed497882e7	plantpersulf/0.0.0
G4MRI0	v6	https://alphafold.ebi.ac.uk/files/AF-G4MRI0-F1-model_v6.pdb	../raw/alphafold/AF-G4MRI0-F1-model.pdb	2026-07-23T03:14:14.224955+00:00	735560	58ad8a4b8f0e99db2e734f90cba689eae02735fa29336d8c6e54b8fa9208028c	plantpersulf/0.0.0
G4MRJ0	v6	https://alphafold.ebi.ac.uk/files/AF-G4MRJ0-F1-model_v6.pdb	../raw/alphafold/AF-G4MRJ0-F1-model.pdb	2026-07-23T03:14:17.907555+00:00	660311	c88516bd1657058bc4e50e7031b7131773de0b5ef21cd4f9f30e22401aef3b3f	plantpersulf/0.0.0
G4MRJ8	v6	https://alphafold.ebi.ac.uk/files/AF-G4MRJ8-F1-model_v6.pdb	../raw/alphafold/AF-G4MRJ8-F1-model.pdb	2026-07-23T03:14:21.293054+00:00	450764	8e8f9979193a41d22b96bd8e10b1c3dca5eb89c487153219bd9edf6381a4ee71	plantpersulf/0.0.0
G4MRL8	v6	https://alphafold.ebi.ac.uk/files/AF-G4MRL8-F1-model_v6.pdb	../raw/alphafold/AF-G4MRL8-F1-model.pdb	2026-07-23T03:14:24.908564+00:00	355427	44d824425d490e96c8b3bb8e24528d99ec1d5578da4a8cac5bfd21b9ff127b7d	plantpersulf/0.0.0
G4MRP1	v6	https://alphafold.ebi.ac.uk/files/AF-G4MRP1-F1-model_v6.pdb	../raw/alphafold/AF-G4MRP1-F1-model.pdb	2026-07-23T03:14:27.987263+00:00	182978	b3b9c264d6de2b82563cfece80aa4b999346cc424f1060e5d0c6a2a794a741d8	plantpersulf/0.0.0
G4MRS5	v6	https://alphafold.ebi.ac.uk/files/AF-G4MRS5-F1-model_v6.pdb	../raw/alphafold/AF-G4MRS5-F1-model.pdb	2026-07-23T03:14:32.208680+00:00	463238	77dbf1a2b8b175e5d6bf61f4e547e0845587d2db059fffb006953c292c4fcc7f	plantpersulf/0.0.0
G4MRS8	v6	https://alphafold.ebi.ac.uk/files/AF-G4MRS8-F1-model_v6.pdb	../raw/alphafold/AF-G4MRS8-F1-model.pdb	2026-07-23T03:14:35.521199+00:00	324566	b949b2e281c59405aa02dace39f5cdc122217842d59e6fcaeaa08599397b52f6	plantpersulf/0.0.0
G4MRU1	v6	https://alphafold.ebi.ac.uk/files/AF-G4MRU1-F1-model_v6.pdb	../raw/alphafold/AF-G4MRU1-F1-model.pdb	2026-07-23T03:14:38.783496+00:00	308123	638d07dc5d2db45003929e04b88417fa3ad11867e93081afac1d7b1d5f7c479f	plantpersulf/0.0.0
G4MRW6	v6	https://alphafold.ebi.ac.uk/files/AF-G4MRW6-F1-model_v6.pdb	../raw/alphafold/AF-G4MRW6-F1-model.pdb	2026-07-23T03:14:42.321347+00:00	618920	fcb7aa4e103c72f3a51006b2bbecf6129df181630963fe907344ff06acfdf542	plantpersulf/0.0.0
G4MRY4	v6	https://alphafold.ebi.ac.uk/files/AF-G4MRY4-F1-model_v6.pdb	../raw/alphafold/AF-G4MRY4-F1-model.pdb	2026-07-23T03:14:45.001220+00:00	437237	9ada91b15bbb9522082332cb5d79a58e1bbc47a55a4f6cd20289c9668bde627e	plantpersulf/0.0.0
G4MS24	v6	https://alphafold.ebi.ac.uk/files/AF-G4MS24-F1-model_v6.pdb	../raw/alphafold/AF-G4MS24-F1-model.pdb	2026-07-23T03:14:49.496821+00:00	502523	b356190972f3c22c0b9aa0144af1ec421ad92685a3179cc6d1079eb38a86af7f	plantpersulf/0.0.0
G4MS36	v6	https://alphafold.ebi.ac.uk/files/AF-G4MS36-F1-model_v6.pdb	../raw/alphafold/AF-G4MS36-F1-model.pdb	2026-07-23T03:14:52.772130+00:00	223316	878dc33482f1299d491f5ca399bc3c8b594fe795572a1673d023f2c25a835a87	plantpersulf/0.0.0
G4MS49	v6	https://alphafold.ebi.ac.uk/files/AF-G4MS49-F1-model_v6.pdb	../raw/alphafold/AF-G4MS49-F1-model.pdb	2026-07-23T03:14:56.017867+00:00	302534	313e72b48377f515a3de9e4883f631110740f7136fff17c623ec5b645accd7ea	plantpersulf/0.0.0
G4MS58	v6	https://alphafold.ebi.ac.uk/files/AF-G4MS58-F1-model_v6.pdb	../raw/alphafold/AF-G4MS58-F1-model.pdb	2026-07-23T03:14:59.246004+00:00	208493	2a2de3758ccf5ba5408e72297c9b81916d29be4c8b74cf1855c1178089e30ea8	plantpersulf/0.0.0
G4MS61	v6	https://alphafold.ebi.ac.uk/files/AF-G4MS61-F1-model_v6.pdb	../raw/alphafold/AF-G4MS61-F1-model.pdb	2026-07-23T03:15:02.269691+00:00	320840	bb887e4f0c5d0c4de5f63901138ee437bcdce4ca8a6591d63d9775138b3ab904	plantpersulf/0.0.0
G4MS62	v6	https://alphafold.ebi.ac.uk/files/AF-G4MS62-F1-model_v6.pdb	../raw/alphafold/AF-G4MS62-F1-model.pdb	2026-07-23T03:15:05.298980+00:00	133325	8ffacf35dad826f812f81c208f5082076f26278c312160e6fe296729ff96cc39	plantpersulf/0.0.0
G4MS63	v6	https://alphafold.ebi.ac.uk/files/AF-G4MS63-F1-model_v6.pdb	../raw/alphafold/AF-G4MS63-F1-model.pdb	2026-07-23T03:15:08.014111+00:00	625724	4d69f9716e7c3c86b0af2863e6eefe71c4eb3afe2614ff793b85dca6498cb95e	plantpersulf/0.0.0
G4MS65	v6	https://alphafold.ebi.ac.uk/files/AF-G4MS65-F1-model_v6.pdb	../raw/alphafold/AF-G4MS65-F1-model.pdb	2026-07-23T03:15:10.722839+00:00	356156	0ee45bee345f15b3f5732f0882c3d03a9b2e1f06f1e45d731578c7ff54f7b540	plantpersulf/0.0.0
G4MS82	v6	https://alphafold.ebi.ac.uk/files/AF-G4MS82-F1-model_v6.pdb	../raw/alphafold/AF-G4MS82-F1-model.pdb	2026-07-23T03:15:14.400748+00:00	747953	b1e1aaebf00fafe286c771d05bb53f986e7f015a467ab95902964b1fa989df29	plantpersulf/0.0.0
G4MS90	v6	https://alphafold.ebi.ac.uk/files/AF-G4MS90-F1-model_v6.pdb	../raw/alphafold/AF-G4MS90-F1-model.pdb	2026-07-23T03:15:17.641421+00:00	352187	1bf1855046c579e504ae1e8860fd3eea3938f8e4162220f6037957438d78d930	plantpersulf/0.0.0
G4MSA2	v6	https://alphafold.ebi.ac.uk/files/AF-G4MSA2-F1-model_v6.pdb	../raw/alphafold/AF-G4MSA2-F1-model.pdb	2026-07-23T03:15:20.098438+00:00	143936	48d6e4d8bf503ad0c339c4f25e5b144f9ba6b013f59e9145149135574e8b0897	plantpersulf/0.0.0
G4MSA5	v6	https://alphafold.ebi.ac.uk/files/AF-G4MSA5-F1-model_v6.pdb	../raw/alphafold/AF-G4MSA5-F1-model.pdb	2026-07-23T03:15:23.038339+00:00	145070	24778d084c17a56a01a8cba59820ad61529bb7b5e21d0a60338544795e065db2	plantpersulf/0.0.0
G4MSB1	v6	https://alphafold.ebi.ac.uk/files/AF-G4MSB1-F1-model_v6.pdb	../raw/alphafold/AF-G4MSB1-F1-model.pdb	2026-07-23T03:15:26.359033+00:00	375191	a797708302d3bec02d5af849a5a924abdd6ec3ff7f51ca81ca2dee9b77d44631	plantpersulf/0.0.0
G4MSB5	v6	https://alphafold.ebi.ac.uk/files/AF-G4MSB5-F1-model_v6.pdb	../raw/alphafold/AF-G4MSB5-F1-model.pdb	2026-07-23T03:15:29.263691+00:00	139319	138645d5044b4e857b5021a30fd948666a9cb39993800011051c4338940665ae	plantpersulf/0.0.0
G4MSC1	v6	https://alphafold.ebi.ac.uk/files/AF-G4MSC1-F1-model_v6.pdb	../raw/alphafold/AF-G4MSC1-F1-model.pdb	2026-07-23T03:15:32.768482+00:00	514025	1da0e72ce1dcdd7e0f52913e074367216dbc51853c2476cfde2411ea3aef8777	plantpersulf/0.0.0
G4MSC2	v6	https://alphafold.ebi.ac.uk/files/AF-G4MSC2-F1-model_v6.pdb	../raw/alphafold/AF-G4MSC2-F1-model.pdb	2026-07-23T03:15:35.791644+00:00	159650	14d3e75e9b26b122540ffb9fbf6042337b58a41dcc5ba0b3f6aecee37a27190b	plantpersulf/0.0.0
G4MSE2	v6	https://alphafold.ebi.ac.uk/files/AF-G4MSE2-F1-model_v6.pdb	../raw/alphafold/AF-G4MSE2-F1-model.pdb	2026-07-23T03:15:39.056249+00:00	293462	8b9d4c14fed9b676c6a1fa6562abf1b8d13fc548c935e93383f7c75f17cbcc1c	plantpersulf/0.0.0
G4MSE4	v6	https://alphafold.ebi.ac.uk/files/AF-G4MSE4-F1-model_v6.pdb	../raw/alphafold/AF-G4MSE4-F1-model.pdb	2026-07-23T03:15:42.268393+00:00	272402	e1b6d3146b5f0e379cde238c5168c014c40afbbc56116beab9d7ec55cb4439fa	plantpersulf/0.0.0
G4MSF6	v6	https://alphafold.ebi.ac.uk/files/AF-G4MSF6-F1-model_v6.pdb	../raw/alphafold/AF-G4MSF6-F1-model.pdb	2026-07-23T03:15:45.747921+00:00	399815	e190fe38db33407fa32b1927b76a676b25eb6ee7a76c9fce10501a6084f652b4	plantpersulf/0.0.0
G4MSG2	v6	https://alphafold.ebi.ac.uk/files/AF-G4MSG2-F1-model_v6.pdb	../raw/alphafold/AF-G4MSG2-F1-model.pdb	2026-07-23T03:15:48.667447+00:00	140210	95896fccf2d2ddb2b4f153bc226b78f70ccdaff2df1b215fe5cdf448511f7003	plantpersulf/0.0.0
G4MSG5	v6	https://alphafold.ebi.ac.uk/files/AF-G4MSG5-F1-model_v6.pdb	../raw/alphafold/AF-G4MSG5-F1-model.pdb	2026-07-23T03:15:51.781727+00:00	168074	9081647d5a65ac0d84839bce4e13d786adf4fbe6cc73cac31418591a999969cd	plantpersulf/0.0.0
G4MSI4	v6	https://alphafold.ebi.ac.uk/files/AF-G4MSI4-F1-model_v6.pdb	../raw/alphafold/AF-G4MSI4-F1-model.pdb	2026-07-23T03:15:54.843982+00:00	165482	4eff7e42877f8e034d83ac82400f1b4829252bdf071d3af6d48ab5f7f7771800	plantpersulf/0.0.0
G4MSK8	v6	https://alphafold.ebi.ac.uk/files/AF-G4MSK8-F1-model_v6.pdb	../raw/alphafold/AF-G4MSK8-F1-model.pdb	2026-07-23T03:15:59.036493+00:00	239678	6eda777015bf03c585de41d1dfa245ac0ecf08299f519c2c80809efcbc3378b6	plantpersulf/0.0.0
G4MSK9	v6	https://alphafold.ebi.ac.uk/files/AF-G4MSK9-F1-model_v6.pdb	../raw/alphafold/AF-G4MSK9-F1-model.pdb	2026-07-23T03:16:02.357756+00:00	362393	2aa750319d4b310a89322f944242e3b2642fc57fe77d4fcca6917dacc6efc298	plantpersulf/0.0.0
G4MSQ2	v6	https://alphafold.ebi.ac.uk/files/AF-G4MSQ2-F1-model_v6.pdb	../raw/alphafold/AF-G4MSQ2-F1-model.pdb	2026-07-23T03:16:05.588683+00:00	357452	406c8ee28c4e62fbeb4cc413f46fec5cb467a7a7509fa1a73f2b09572ca57011	plantpersulf/0.0.0
G4MSR2	v6	https://alphafold.ebi.ac.uk/files/AF-G4MSR2-F1-model_v6.pdb	../raw/alphafold/AF-G4MSR2-F1-model.pdb	2026-07-23T03:16:08.900078+00:00	299618	b138a382acd564568295a402120d4c44422edc6dbe4c3451e3aa6b4dea8ab034	plantpersulf/0.0.0
G4MSS1	v6	https://alphafold.ebi.ac.uk/files/AF-G4MSS1-F1-model_v6.pdb	../raw/alphafold/AF-G4MSS1-F1-model.pdb	2026-07-23T03:16:12.500958+00:00	491993	fe4c7d5cdca11ff42d2c447b01c1d8518473304083a7ab55aba7bd32893dad09	plantpersulf/0.0.0
G4MSS6	v6	https://alphafold.ebi.ac.uk/files/AF-G4MSS6-F1-model_v6.pdb	../raw/alphafold/AF-G4MSS6-F1-model.pdb	2026-07-23T03:16:15.979039+00:00	603125	5f64c410067cbe1fbfa272d5137c2dd19072ec9fafd1adbd2156126427d88e1a	plantpersulf/0.0.0
G4MSU7	v6	https://alphafold.ebi.ac.uk/files/AF-G4MSU7-F1-model_v6.pdb	../raw/alphafold/AF-G4MSU7-F1-model.pdb	2026-07-23T03:16:19.777498+00:00	351215	9abae3ae4795a41ed74c1dc8c03ad95630a7d8aa4bb9e3b6f5ded6f5ca77ca4f	plantpersulf/0.0.0
G4MSW2	v6	https://alphafold.ebi.ac.uk/files/AF-G4MSW2-F1-model_v6.pdb	../raw/alphafold/AF-G4MSW2-F1-model.pdb	2026-07-23T03:16:22.621318+00:00	146123	e7aaac42a7c5a8122c2c7ede0b4a82b1fa1cb6f1c611e51e8e3bc806aa650b81	plantpersulf/0.0.0
G4MSW9	v6	https://alphafold.ebi.ac.uk/files/AF-G4MSW9-F1-model_v6.pdb	../raw/alphafold/AF-G4MSW9-F1-model.pdb	2026-07-23T03:16:26.913495+00:00	341171	e2f78a55da87d52b21c85063f6ccf39db1a9daf1f7df8dc281830afaee7e649c	plantpersulf/0.0.0
G4MT11	v6	https://alphafold.ebi.ac.uk/files/AF-G4MT11-F1-model_v6.pdb	../raw/alphafold/AF-G4MT11-F1-model.pdb	2026-07-23T03:16:30.235049+00:00	192617	b2ab7cb8587d40da0f13dc29cd8918d2f0f6da782bbbbf81b37c1a36b211f776	plantpersulf/0.0.0
G4MT20	v6	https://alphafold.ebi.ac.uk/files/AF-G4MT20-F1-model_v6.pdb	../raw/alphafold/AF-G4MT20-F1-model.pdb	2026-07-23T03:16:33.445523+00:00	281231	b00ee2b1085a54ae7238e121715de9a6a5d9fcaad6c9a78223b3f3aee547ffd9	plantpersulf/0.0.0
G4MT35	v6	https://alphafold.ebi.ac.uk/files/AF-G4MT35-F1-model_v6.pdb	../raw/alphafold/AF-G4MT35-F1-model.pdb	2026-07-23T03:16:36.891292+00:00	447443	7981783b1b98dc1a5c3215659d150f782bc22d0719aaed3b8a2fed92045d2fd5	plantpersulf/0.0.0
G4MT46	v6	https://alphafold.ebi.ac.uk/files/AF-G4MT46-F1-model_v6.pdb	../raw/alphafold/AF-G4MT46-F1-model.pdb	2026-07-23T03:16:39.534805+00:00	170261	77c20ccfe4aa1963699f6ef8fab56e220b98c7169b8de1a660563ff3ea7c6184	plantpersulf/0.0.0
G4MT51	v6	https://alphafold.ebi.ac.uk/files/AF-G4MT51-F1-model_v6.pdb	../raw/alphafold/AF-G4MT51-F1-model.pdb	2026-07-23T03:16:42.435460+00:00	158192	42e977bc092844a108c12fb483a846086396e0feefd4309ee366cff16b525500	plantpersulf/0.0.0
G4MT70	v6	https://alphafold.ebi.ac.uk/files/AF-G4MT70-F1-model_v6.pdb	../raw/alphafold/AF-G4MT70-F1-model.pdb	2026-07-23T03:16:45.966196+00:00	511433	3b64de3c26b700b740c8e239f6c43549b1a9942a42c56b05cbc060639921f5fc	plantpersulf/0.0.0
G4MT82	v6	https://alphafold.ebi.ac.uk/files/AF-G4MT82-F1-model_v6.pdb	../raw/alphafold/AF-G4MT82-F1-model.pdb	2026-07-23T03:16:49.152695+00:00	413342	1b181aa8e389a6b0b6ef0707b85f1cc11dc396150a84862d42a05a1242170101	plantpersulf/0.0.0
G4MT95	v6	https://alphafold.ebi.ac.uk/files/AF-G4MT95-F1-model_v6.pdb	../raw/alphafold/AF-G4MT95-F1-model.pdb	2026-07-23T03:16:51.857719+00:00	105137	15ca4f0c169dabff36e8b6d859c8a28ad35b8d52e807c6ecd83e314ed6cdf53d	plantpersulf/0.0.0
G4MTC2	v6	https://alphafold.ebi.ac.uk/files/AF-G4MTC2-F1-model_v6.pdb	../raw/alphafold/AF-G4MTC2-F1-model.pdb	2026-07-23T03:16:54.460298+00:00	141668	769f6e6d046d9ef7bee1008044af75414fb7c306da507da844fafa1284d2389e	plantpersulf/0.0.0
G4MTD7	v6	https://alphafold.ebi.ac.uk/files/AF-G4MTD7-F1-model_v6.pdb	../raw/alphafold/AF-G4MTD7-F1-model.pdb	2026-07-23T03:16:57.641044+00:00	291842	51245f8713032893b76dcbf6369d9565a23d7d7d2fc796cb49dc5844aaec01a5	plantpersulf/0.0.0
G4MTE3	v6	https://alphafold.ebi.ac.uk/files/AF-G4MTE3-F1-model_v6.pdb	../raw/alphafold/AF-G4MTE3-F1-model.pdb	2026-07-23T03:17:00.866257+00:00	277667	09cb6a29846a85842816579b41ffa40441c7b54fc5fd4c1b2c6447ad6bbb07a3	plantpersulf/0.0.0
G4MTF1	v6	https://alphafold.ebi.ac.uk/files/AF-G4MTF1-F1-model_v6.pdb	../raw/alphafold/AF-G4MTF1-F1-model.pdb	2026-07-23T03:17:04.142009+00:00	197801	17ede4490db09dc3fe808df2924642199fd30b1fe0c853fb4874ede1a0bbf53a	plantpersulf/0.0.0
G4MTI0	v6	https://alphafold.ebi.ac.uk/files/AF-G4MTI0-F1-model_v6.pdb	../raw/alphafold/AF-G4MTI0-F1-model.pdb	2026-07-23T03:17:08.758460+00:00	684206	840d83c57021a3901d12c9b71013bb195961e0fdb5b1f973d5ff60d9d5f580e7	plantpersulf/0.0.0
G4MTI1	v6	https://alphafold.ebi.ac.uk/files/AF-G4MTI1-F1-model_v6.pdb	../raw/alphafold/AF-G4MTI1-F1-model.pdb	2026-07-23T03:17:12.019804+00:00	259442	d0c43e9cf93701ab978781ac48afea7d1ae0ac80e508899e7fa258906f4041f0	plantpersulf/0.0.0
G4MTI4	v6	https://alphafold.ebi.ac.uk/files/AF-G4MTI4-F1-model_v6.pdb	../raw/alphafold/AF-G4MTI4-F1-model.pdb	2026-07-23T03:17:15.106588+00:00	223640	5c51a51535a91bb59298e88de7d571729cc97b29d1ab111ecd6aa4f9954f0270	plantpersulf/0.0.0
G4MTJ4	v6	https://alphafold.ebi.ac.uk/files/AF-G4MTJ4-F1-model_v6.pdb	../raw/alphafold/AF-G4MTJ4-F1-model.pdb	2026-07-23T03:17:18.165992+00:00	292004	1e79d3648878aac3638f36c0bf0b6c83227621abb5a8473ef1ffb1f1810db75e	plantpersulf/0.0.0
G4MTJ5	v6	https://alphafold.ebi.ac.uk/files/AF-G4MTJ5-F1-model_v6.pdb	../raw/alphafold/AF-G4MTJ5-F1-model.pdb	2026-07-23T03:17:21.546985+00:00	360854	e9268389407fee97316c3a1e21dc37b945f160350f2ce3d512e482e5e3c01c2c	plantpersulf/0.0.0
G4MTK2	v6	https://alphafold.ebi.ac.uk/files/AF-G4MTK2-F1-model_v6.pdb	../raw/alphafold/AF-G4MTK2-F1-model.pdb	2026-07-23T03:17:24.814826+00:00	272483	6f90b6ef4f5ee389244474154990a16b30e00fee6a3d94e8872f7f8c5c9bf16e	plantpersulf/0.0.0
G4MTL0	v6	https://alphafold.ebi.ac.uk/files/AF-G4MTL0-F1-model_v6.pdb	../raw/alphafold/AF-G4MTL0-F1-model.pdb	2026-07-23T03:17:27.755156+00:00	92258	864b0415662749a76ea71e014114d00b7ffdfe7ab4b503907bcdf09718b69c05	plantpersulf/0.0.0
G4MTN1	v6	https://alphafold.ebi.ac.uk/files/AF-G4MTN1-F1-model_v6.pdb	../raw/alphafold/AF-G4MTN1-F1-model.pdb	2026-07-23T03:17:32.246692+00:00	497987	48cebe466caf81e485a0945b13ee04e920f3e9e679ff66261b935a0802fef66f	plantpersulf/0.0.0
G4MTP6	v6	https://alphafold.ebi.ac.uk/files/AF-G4MTP6-F1-model_v6.pdb	../raw/alphafold/AF-G4MTP6-F1-model.pdb	2026-07-23T03:17:35.350168+00:00	241865	d5fec2241ec331f0f235e13c70ca5989f599fe59abc74b7571411db8e27b44b6	plantpersulf/0.0.0
G4MTQ9	v6	https://alphafold.ebi.ac.uk/files/AF-G4MTQ9-F1-model_v6.pdb	../raw/alphafold/AF-G4MTQ9-F1-model.pdb	2026-07-23T03:17:37.996167+00:00	261143	d7e73d2d1358e8922a65cd707dbec9efad33766a3d93b6af547cf9a8f1e07535	plantpersulf/0.0.0
G4MTV8	v6	https://alphafold.ebi.ac.uk/files/AF-G4MTV8-F1-model_v6.pdb	../raw/alphafold/AF-G4MTV8-F1-model.pdb	2026-07-23T03:17:41.305391+00:00	285443	a3b8ae3c769be81511569d08a182591d0c929b30d1bf01f3115f042faf1ac7aa	plantpersulf/0.0.0
G4MTV9	v6	https://alphafold.ebi.ac.uk/files/AF-G4MTV9-F1-model_v6.pdb	../raw/alphafold/AF-G4MTV9-F1-model.pdb	2026-07-23T03:17:44.469371+00:00	329264	967818df70efbc8b93c3e00ac9eb140036ace931d6fe3d76aacf8b17e23a0b3d	plantpersulf/0.0.0
G4MTW3	v6	https://alphafold.ebi.ac.uk/files/AF-G4MTW3-F1-model_v6.pdb	../raw/alphafold/AF-G4MTW3-F1-model.pdb	2026-07-23T03:17:48.016643+00:00	584738	e95fdfcd9dd41519f2d93e0bd110c0d5050a1a67988aec100184c07cf097989b	plantpersulf/0.0.0
G4MTX2	v6	https://alphafold.ebi.ac.uk/files/AF-G4MTX2-F1-model_v6.pdb	../raw/alphafold/AF-G4MTX2-F1-model.pdb	2026-07-23T03:17:51.104940+00:00	213677	be61d625c0dd5651481eb0de2fa34b55b54cb4b820951e6127f19e5dfe7afd75	plantpersulf/0.0.0
G4MTX9	v6	https://alphafold.ebi.ac.uk/files/AF-G4MTX9-F1-model_v6.pdb	../raw/alphafold/AF-G4MTX9-F1-model.pdb	2026-07-23T03:17:54.240164+00:00	192293	907aa7fb2c0d54ffe89de4997e4acf8d68dbfd106320d904dc0ed63089bb75a2	plantpersulf/0.0.0
G4MTY0	v6	https://alphafold.ebi.ac.uk/files/AF-G4MTY0-F1-model_v6.pdb	../raw/alphafold/AF-G4MTY0-F1-model.pdb	2026-07-23T03:17:57.018679+00:00	65447	5964579cf30c5b65af998d1589ba969eeeff6c72844fadc6dc592490abc3e834	plantpersulf/0.0.0
G4MTY4	v6	https://alphafold.ebi.ac.uk/files/AF-G4MTY4-F1-model_v6.pdb	../raw/alphafold/AF-G4MTY4-F1-model.pdb	2026-07-23T03:18:00.447047+00:00	384749	ab01b4eef25b056ac4eebb4406431ac530ebdd93bfb34c8527ef7d2fa87ea354	plantpersulf/0.0.0
G4MTY5	v6	https://alphafold.ebi.ac.uk/files/AF-G4MTY5-F1-model_v6.pdb	../raw/alphafold/AF-G4MTY5-F1-model.pdb	2026-07-23T03:18:03.960126+00:00	479195	28164a60024c6f6c3c4b5a01218b38741fb6d393a5f6152da69d79fc322fccde	plantpersulf/0.0.0
G4MTY8	v6	https://alphafold.ebi.ac.uk/files/AF-G4MTY8-F1-model_v6.pdb	../raw/alphafold/AF-G4MTY8-F1-model.pdb	2026-07-23T03:18:07.488632+00:00	425978	8d38f595307c3e8c12e4cd114640b48de749488fb34c48d3d55ced60804671ef	plantpersulf/0.0.0
G4MU02	v6	https://alphafold.ebi.ac.uk/files/AF-G4MU02-F1-model_v6.pdb	../raw/alphafold/AF-G4MU02-F1-model.pdb	2026-07-23T03:18:10.986352+00:00	580931	98796a540888e0983e96d33ee4856631368e629baeac42498e2ede4e2186e052	plantpersulf/0.0.0
G4MU05	v6	https://alphafold.ebi.ac.uk/files/AF-G4MU05-F1-model_v6.pdb	../raw/alphafold/AF-G4MU05-F1-model.pdb	2026-07-23T03:18:14.072824+00:00	305450	11aa0be576a1745a3d4ebd808929647b0bf17c0847f7efbfe415600626ff7acb	plantpersulf/0.0.0
G4MU06	v6	https://alphafold.ebi.ac.uk/files/AF-G4MU06-F1-model_v6.pdb	../raw/alphafold/AF-G4MU06-F1-model.pdb	2026-07-23T03:18:17.674910+00:00	384749	3ed94da94ee8252ca50d2791afb7ea07e8e3d58a418856060d76876a70b249d7	plantpersulf/0.0.0
G4MU34	v6	https://alphafold.ebi.ac.uk/files/AF-G4MU34-F1-model_v6.pdb	../raw/alphafold/AF-G4MU34-F1-model.pdb	2026-07-23T03:18:21.012955+00:00	398114	448aa32e0d4a95aa2563534263c061a86cf995dff4b1e0b297da689aba22be3e	plantpersulf/0.0.0
G4MU46	v6	https://alphafold.ebi.ac.uk/files/AF-G4MU46-F1-model_v6.pdb	../raw/alphafold/AF-G4MU46-F1-model.pdb	2026-07-23T03:18:23.518037+00:00	116315	9f876ee5fcbb5d9786c40c4c58355417de4e2446167bcbf75be3cb4c16892036	plantpersulf/0.0.0
G4MU54	v6	https://alphafold.ebi.ac.uk/files/AF-G4MU54-F1-model_v6.pdb	../raw/alphafold/AF-G4MU54-F1-model.pdb	2026-07-23T03:18:26.983858+00:00	327482	83f962545e8f0c98d22b6e59c6b264f25da7adadeadf7eb61fbf74a648ba9822	plantpersulf/0.0.0
G4MU67	v6	https://alphafold.ebi.ac.uk/files/AF-G4MU67-F1-model_v6.pdb	../raw/alphafold/AF-G4MU67-F1-model.pdb	2026-07-23T03:18:30.111916+00:00	290951	d88b097035ff5c2322f0f49848572c8d78af355a11d025cb952040146bd05bf7	plantpersulf/0.0.0
G4MU72	v6	https://alphafold.ebi.ac.uk/files/AF-G4MU72-F1-model_v6.pdb	../raw/alphafold/AF-G4MU72-F1-model.pdb	2026-07-23T03:18:33.788357+00:00	774764	95e6b889096aab721dacf0f2c0b25a83309f5e0c9c55136571485ab0b34cae36	plantpersulf/0.0.0
G4MU75	v6	https://alphafold.ebi.ac.uk/files/AF-G4MU75-F1-model_v6.pdb	../raw/alphafold/AF-G4MU75-F1-model.pdb	2026-07-23T03:18:37.171321+00:00	312902	214c8256d4e41b3b1d2c7320a89d4a8cb86ef0f20332fd69c8f6ea2f65d7432e	plantpersulf/0.0.0
G4MU82	v6	https://alphafold.ebi.ac.uk/files/AF-G4MU82-F1-model_v6.pdb	../raw/alphafold/AF-G4MU82-F1-model.pdb	2026-07-23T03:18:40.145258+00:00	199583	2d12da47ae95fdcf3a63aab47fde45ce8bfdb516c5bba911eea8c86022c8d49d	plantpersulf/0.0.0
G4MU87	v6	https://alphafold.ebi.ac.uk/files/AF-G4MU87-F1-model_v6.pdb	../raw/alphafold/AF-G4MU87-F1-model.pdb	2026-07-23T03:18:43.510303+00:00	348137	038ebeccb09c756f15f01e143a1f54402cd6526771836e782bccafeab997e3f8	plantpersulf/0.0.0
G4MU94	v6	https://alphafold.ebi.ac.uk/files/AF-G4MU94-F1-model_v6.pdb	../raw/alphafold/AF-G4MU94-F1-model.pdb	2026-07-23T03:18:46.977039+00:00	485270	3b05b5c332b8bddee4bbfda0abf3d2526ea802677bad06261f7cf5c6084cc45d	plantpersulf/0.0.0
G4MU97	v6	https://alphafold.ebi.ac.uk/files/AF-G4MU97-F1-model_v6.pdb	../raw/alphafold/AF-G4MU97-F1-model.pdb	2026-07-23T03:18:50.200802+00:00	166778	6eec65f634f2d119b480499357e2f404a7cfd5d80f6721721ab2c9645579325c	plantpersulf/0.0.0
G4MUB2	v6	https://alphafold.ebi.ac.uk/files/AF-G4MUB2-F1-model_v6.pdb	../raw/alphafold/AF-G4MUB2-F1-model.pdb	2026-07-23T03:18:53.541012+00:00	277100	b0cc1b1df634be457cc05a6a3f53d75a2a0b7dfba00fbbf4bd486d8c4488a9bc	plantpersulf/0.0.0
G4MUC5	v6	https://alphafold.ebi.ac.uk/files/AF-G4MUC5-F1-model_v6.pdb	../raw/alphafold/AF-G4MUC5-F1-model.pdb	2026-07-23T03:18:57.835916+00:00	342305	1d9f0145d28addec106a72f9be42a3b41c2c908c0d45fb944cac8c716394a00f	plantpersulf/0.0.0
G4MUD1	v6	https://alphafold.ebi.ac.uk/files/AF-G4MUD1-F1-model_v6.pdb	../raw/alphafold/AF-G4MUD1-F1-model.pdb	2026-07-23T03:19:00.835999+00:00	177551	41bd7b6fb172c5bf867197889a6a58182d57fc7c66fe5e3997d2ff48e51f3915	plantpersulf/0.0.0
G4MUD8	v6	https://alphafold.ebi.ac.uk/files/AF-G4MUD8-F1-model_v6.pdb	../raw/alphafold/AF-G4MUD8-F1-model.pdb	2026-07-23T03:19:04.025166+00:00	278477	8965aa57e8470e1c6f0e68f6541f5a60a5cf39ca95aed7401590a669587548f4	plantpersulf/0.0.0
G4MUG3	v6	https://alphafold.ebi.ac.uk/files/AF-G4MUG3-F1-model_v6.pdb	../raw/alphafold/AF-G4MUG3-F1-model.pdb	2026-07-23T03:19:07.573787+00:00	221939	737fc458bca3b0d27f06801047d16519b28ef55892f977e4cf7f3839c65b5a82	plantpersulf/0.0.0
G4MUG5	v6	https://alphafold.ebi.ac.uk/files/AF-G4MUG5-F1-model_v6.pdb	../raw/alphafold/AF-G4MUG5-F1-model.pdb	2026-07-23T03:19:10.739016+00:00	237086	baaa09d08b84614c9559197272623f03f1e20b82fd4ed27467d8cb2194ad622a	plantpersulf/0.0.0
G4MUI6	v6	https://alphafold.ebi.ac.uk/files/AF-G4MUI6-F1-model_v6.pdb	../raw/alphafold/AF-G4MUI6-F1-model.pdb	2026-07-23T03:19:13.896240+00:00	212543	2cf068ed7ff83167871dac00bb61552757bdc560723f17b254c0e0761f4e3bea	plantpersulf/0.0.0
G4MUJ0	v6	https://alphafold.ebi.ac.uk/files/AF-G4MUJ0-F1-model_v6.pdb	../raw/alphafold/AF-G4MUJ0-F1-model.pdb	2026-07-23T03:19:17.222307+00:00	244457	5ea30ef162b931af6b8a287178d4c09be1e47f2de74f3192aafb574e49d15baa	plantpersulf/0.0.0
G4MUJ2	v6	https://alphafold.ebi.ac.uk/files/AF-G4MUJ2-F1-model_v6.pdb	../raw/alphafold/AF-G4MUJ2-F1-model.pdb	2026-07-23T03:19:20.339975+00:00	295973	cef4d13f83e7b3265907d3322ab68174739564f5fedf015efa4c4a36b97c3ea9	plantpersulf/0.0.0
G4MUJ4	v6	https://alphafold.ebi.ac.uk/files/AF-G4MUJ4-F1-model_v6.pdb	../raw/alphafold/AF-G4MUJ4-F1-model.pdb	2026-07-23T03:19:23.642794+00:00	354536	f426dea8b46a11defa76b097e4f31da0f0bef2b5a4d9df7c89b7f87a39377186	plantpersulf/0.0.0
G4MUJ8	v6	https://alphafold.ebi.ac.uk/files/AF-G4MUJ8-F1-model_v6.pdb	../raw/alphafold/AF-G4MUJ8-F1-model.pdb	2026-07-23T03:19:26.978475+00:00	370250	ecb9a5c3c5a9248fd98a31dbfd10fbfe61f39579635eebd1f9837b7fb3969801	plantpersulf/0.0.0
G4MUL1	v6	https://alphafold.ebi.ac.uk/files/AF-G4MUL1-F1-model_v6.pdb	../raw/alphafold/AF-G4MUL1-F1-model.pdb	2026-07-23T03:19:30.336214+00:00	205820	0237da816c7c2e08d83d02a8fe8ada3681c2da20ac833c586d0c36417a655855	plantpersulf/0.0.0
G4MUM4	v6	https://alphafold.ebi.ac.uk/files/AF-G4MUM4-F1-model_v6.pdb	../raw/alphafold/AF-G4MUM4-F1-model.pdb	2026-07-23T03:19:34.173899+00:00	691415	ba915cbcaaa5ff9f45a01c6f22d976cf7e8138b148845f317026e6d1552a0001	plantpersulf/0.0.0
G4MUP5	v6	https://alphafold.ebi.ac.uk/files/AF-G4MUP5-F1-model_v6.pdb	../raw/alphafold/AF-G4MUP5-F1-model.pdb	2026-07-23T03:19:37.123312+00:00	208817	a79f5ce453fbe26ddca73d24c650001e7797491802c3020f8442f05baa712019	plantpersulf/0.0.0
G4MUR7	v6	https://alphafold.ebi.ac.uk/files/AF-G4MUR7-F1-model_v6.pdb	../raw/alphafold/AF-G4MUR7-F1-model.pdb	2026-07-23T03:19:40.667566+00:00	382886	a41886de8a6392e1aa008ddf26901d1bc06036b3e30b7b36c5b8ab12e29562ba	plantpersulf/0.0.0
G4MUT5	v6	https://alphafold.ebi.ac.uk/files/AF-G4MUT5-F1-model_v6.pdb	../raw/alphafold/AF-G4MUT5-F1-model.pdb	2026-07-23T03:19:43.788856+00:00	159731	d504a27971e1ccd297f35097f092eb3556487c8cf7bde9b90be604a40a392d36	plantpersulf/0.0.0
G4MUU3	v6	https://alphafold.ebi.ac.uk/files/AF-G4MUU3-F1-model_v6.pdb	../raw/alphafold/AF-G4MUU3-F1-model.pdb	2026-07-23T03:19:47.075064+00:00	212057	960c6358170276380a497d8a64d2295a67ad59546ae0563c8deedab3432a8114	plantpersulf/0.0.0
G4MUW8	v6	https://alphafold.ebi.ac.uk/files/AF-G4MUW8-F1-model_v6.pdb	../raw/alphafold/AF-G4MUW8-F1-model.pdb	2026-07-23T03:19:50.076447+00:00	179900	094d073088d71a357cf47856f9ff05585546e8f3279ce74de8c3531a299eb97a	plantpersulf/0.0.0
G4MUY9	v6	https://alphafold.ebi.ac.uk/files/AF-G4MUY9-F1-model_v6.pdb	../raw/alphafold/AF-G4MUY9-F1-model.pdb	2026-07-23T03:19:53.094333+00:00	164996	d459e3dd1bfc2454711ebe4cdd0461e38f0a9ab1e4f147da390c7a4dd0d10a38	plantpersulf/0.0.0
G4MUZ5	v6	https://alphafold.ebi.ac.uk/files/AF-G4MUZ5-F1-model_v6.pdb	../raw/alphafold/AF-G4MUZ5-F1-model.pdb	2026-07-23T03:19:56.331878+00:00	358748	2427e7b29217409031d7a611acceaf1ca4f74a7820f5d2167acdf1523c90cd5e	plantpersulf/0.0.0
G4MUZ9	v6	https://alphafold.ebi.ac.uk/files/AF-G4MUZ9-F1-model_v6.pdb	../raw/alphafold/AF-G4MUZ9-F1-model.pdb	2026-07-23T03:19:59.460529+00:00	198206	612c7b2f097d202d2154512d013f92acc4c00c2d4fcb9696add6d170604f7434	plantpersulf/0.0.0
G4MV00	v6	https://alphafold.ebi.ac.uk/files/AF-G4MV00-F1-model_v6.pdb	../raw/alphafold/AF-G4MV00-F1-model.pdb	2026-07-23T03:20:02.416132+00:00	63908	8e1c41b4628013feca96f6906fa2d283729b6d46475e4c038bd32d6aea5ae743	plantpersulf/0.0.0
G4MV16	v6	https://alphafold.ebi.ac.uk/files/AF-G4MV16-F1-model_v6.pdb	../raw/alphafold/AF-G4MV16-F1-model.pdb	2026-07-23T03:20:06.198055+00:00	286172	283edc069d96132925c282e737928a8b56ad9eab94111d085b4af224bd4d43dd	plantpersulf/0.0.0
G4MV24	v6	https://alphafold.ebi.ac.uk/files/AF-G4MV24-F1-model_v6.pdb	../raw/alphafold/AF-G4MV24-F1-model.pdb	2026-07-23T03:20:09.813179+00:00	114452	6bce156cc00c71dd8c02c0ec7a9c62f6100169f7f22d7e86b1e5387775209854	plantpersulf/0.0.0
G4MV27	v6	https://alphafold.ebi.ac.uk/files/AF-G4MV27-F1-model_v6.pdb	../raw/alphafold/AF-G4MV27-F1-model.pdb	2026-07-23T03:20:13.550357+00:00	482759	5596bd36a1b7b71ba577c89bda99f6bf72fcdd694b25310ccd73bcba0a252d69	plantpersulf/0.0.0
G4MV64	v6	https://alphafold.ebi.ac.uk/files/AF-G4MV64-F1-model_v6.pdb	../raw/alphafold/AF-G4MV64-F1-model.pdb	2026-07-23T03:20:16.729511+00:00	194642	87bc96fa11a04a35c02c17ed6d9c07667c46c4008ba441975e797771fda1f840	plantpersulf/0.0.0
G4MV68	v6	https://alphafold.ebi.ac.uk/files/AF-G4MV68-F1-model_v6.pdb	../raw/alphafold/AF-G4MV68-F1-model.pdb	2026-07-23T03:20:19.380861+00:00	36368	6e2b15c4bf9d0c5cacc14c8934404552b9a75f76e0972053ee6d3fa2a3701aae	plantpersulf/0.0.0
G4MV89	v6	https://alphafold.ebi.ac.uk/files/AF-G4MV89-F1-model_v6.pdb	../raw/alphafold/AF-G4MV89-F1-model.pdb	2026-07-23T03:20:22.726340+00:00	426545	1a2626112f292336d49b934dd5046fb87deafa49c673882a34f7095d8a8efd37	plantpersulf/0.0.0
G4MV91	v6	https://alphafold.ebi.ac.uk/files/AF-G4MV91-F1-model_v6.pdb	../raw/alphafold/AF-G4MV91-F1-model.pdb	2026-07-23T03:20:25.627310+00:00	316790	4414bace9877d6e41107dbb8427863e0c3e1eefb40ff2ddb2d87ae6ce21ad60f	plantpersulf/0.0.0
G4MV93	v6	https://alphafold.ebi.ac.uk/files/AF-G4MV93-F1-model_v6.pdb	../raw/alphafold/AF-G4MV93-F1-model.pdb	2026-07-23T03:20:28.770640+00:00	213029	fe4bb5bd44ae2aff312b517f4a276f52de020a804ce1c95ffc61225d824b1a22	plantpersulf/0.0.0
G4MV96	v6	https://alphafold.ebi.ac.uk/files/AF-G4MV96-F1-model_v6.pdb	../raw/alphafold/AF-G4MV96-F1-model.pdb	2026-07-23T03:20:32.007874+00:00	415691	e3573b506803b1a97c9261ce2953e79bdaed0d78c2fb75a189f6a166d788caab	plantpersulf/0.0.0
G4MVB1	v6	https://alphafold.ebi.ac.uk/files/AF-G4MVB1-F1-model_v6.pdb	../raw/alphafold/AF-G4MVB1-F1-model.pdb	2026-07-23T03:20:35.342771+00:00	300671	803576126428b3568662ed4a2df22ef5708c2a99c5c63865abdb06f380f8b683	plantpersulf/0.0.0
G4MVB2	v6	https://alphafold.ebi.ac.uk/files/AF-G4MVB2-F1-model_v6.pdb	../raw/alphafold/AF-G4MVB2-F1-model.pdb	2026-07-23T03:20:38.277919+00:00	162080	687689995d84b614b4b60cc45a66b1afcf22ef0aa55641a2bea4a82192176a6a	plantpersulf/0.0.0
G4MVB3	v6	https://alphafold.ebi.ac.uk/files/AF-G4MVB3-F1-model_v6.pdb	../raw/alphafold/AF-G4MVB3-F1-model.pdb	2026-07-23T03:20:41.538448+00:00	249236	2873d8fdaef63238ed8e6eac979681815000614d05cd81dd2f034d9452648ee3	plantpersulf/0.0.0
G4MVC0	v6	https://alphafold.ebi.ac.uk/files/AF-G4MVC0-F1-model_v6.pdb	../raw/alphafold/AF-G4MVC0-F1-model.pdb	2026-07-23T03:20:44.730070+00:00	227609	130ffc0fce1fb8712c7fb56b048afc46c1a8ca869352a14c7d8b8103b9f6a4a9	plantpersulf/0.0.0
G4MVC6	v6	https://alphafold.ebi.ac.uk/files/AF-G4MVC6-F1-model_v6.pdb	../raw/alphafold/AF-G4MVC6-F1-model.pdb	2026-07-23T03:20:48.546851+00:00	596726	3a0da7360b5c5ec2397d042a38a2f50cf4122b9f986da941ee0035647cd6b6e4	plantpersulf/0.0.0
G4MVD3	v6	https://alphafold.ebi.ac.uk/files/AF-G4MVD3-F1-model_v6.pdb	../raw/alphafold/AF-G4MVD3-F1-model.pdb	2026-07-23T03:20:51.985595+00:00	661364	e445f6c434c75d49683d1be15cc5663aba93971f13349533dc2fde84ac93225e	plantpersulf/0.0.0
G4MVD8	v6	https://alphafold.ebi.ac.uk/files/AF-G4MVD8-F1-model_v6.pdb	../raw/alphafold/AF-G4MVD8-F1-model.pdb	2026-07-23T03:20:55.181603+00:00	282770	ac186176ac159ed05bf24367d9fe39ebe3ed86f672e994cd47bcc7cf9713581a	plantpersulf/0.0.0
G4MVI8	v6	https://alphafold.ebi.ac.uk/files/AF-G4MVI8-F1-model_v6.pdb	../raw/alphafold/AF-G4MVI8-F1-model.pdb	2026-07-23T03:20:58.733435+00:00	409778	ef65ea1c14813205d13858a218c37de619ccb21df31770305e113f208dc2b9fb	plantpersulf/0.0.0
G4MVK8	v6	https://alphafold.ebi.ac.uk/files/AF-G4MVK8-F1-model_v6.pdb	../raw/alphafold/AF-G4MVK8-F1-model.pdb	2026-07-23T03:21:01.879278+00:00	220562	9d1107327271d77bda21f835dc594f847b091b3ee6088fcffc1347405471b06f	plantpersulf/0.0.0
G4MVL0	v6	https://alphafold.ebi.ac.uk/files/AF-G4MVL0-F1-model_v6.pdb	../raw/alphafold/AF-G4MVL0-F1-model.pdb	2026-07-23T03:21:05.216774+00:00	384587	719e215d7f6d6914ead6463047c7a5d71dd702d4a3f4917b6179ecabb6f8382b	plantpersulf/0.0.0
G4MVL2	v6	https://alphafold.ebi.ac.uk/files/AF-G4MVL2-F1-model_v6.pdb	../raw/alphafold/AF-G4MVL2-F1-model.pdb	2026-07-23T03:21:08.665714+00:00	498635	3e79fa8efb32702c1b5900ff2022a6c30e25826f66ba582caacd36e53693a390	plantpersulf/0.0.0
G4MVL7	v6	https://alphafold.ebi.ac.uk/files/AF-G4MVL7-F1-model_v6.pdb	../raw/alphafold/AF-G4MVL7-F1-model.pdb	2026-07-23T03:21:12.059720+00:00	323189	2860ecb4c7d196891d7702afaa0ab39df137703ea9024d9c78bb08a84e00d8ce	plantpersulf/0.0.0
G4MVM1	v6	https://alphafold.ebi.ac.uk/files/AF-G4MVM1-F1-model_v6.pdb	../raw/alphafold/AF-G4MVM1-F1-model.pdb	2026-07-23T03:21:15.017670+00:00	162971	4319a213c876e861392792c06b5488833e2e26023772b321b81b7f39a9277198	plantpersulf/0.0.0
G4MVN7	v6	https://alphafold.ebi.ac.uk/files/AF-G4MVN7-F1-model_v6.pdb	../raw/alphafold/AF-G4MVN7-F1-model.pdb	2026-07-23T03:21:18.385006+00:00	418364	84627e7e85ff84abc75bb8fdd4d8b30bc3a08be7b3fd32517d492e4a88c6df07	plantpersulf/0.0.0
G4MVP8	v6	https://alphafold.ebi.ac.uk/files/AF-G4MVP8-F1-model_v6.pdb	../raw/alphafold/AF-G4MVP8-F1-model.pdb	2026-07-23T03:21:21.804378+00:00	407834	b45289e7bab06619199afb51937afdea8cafbaef60270c441dfe14acea3eb6ce	plantpersulf/0.0.0
G4MVQ1	v6	https://alphafold.ebi.ac.uk/files/AF-G4MVQ1-F1-model_v6.pdb	../raw/alphafold/AF-G4MVQ1-F1-model.pdb	2026-07-23T03:21:24.714905+00:00	110726	17ef2f46597a8891d4b9543510d51200b42c27dad32b7513336990e9936fdc9f	plantpersulf/0.0.0
G4MVQ3	v6	https://alphafold.ebi.ac.uk/files/AF-G4MVQ3-F1-model_v6.pdb	../raw/alphafold/AF-G4MVQ3-F1-model.pdb	2026-07-23T03:21:27.701992+00:00	331532	ecb6a41cb21122ae875d8395b9df42eab5431267ce3840eea7413685c21ee7bd	plantpersulf/0.0.0
G4MVR1	v6	https://alphafold.ebi.ac.uk/files/AF-G4MVR1-F1-model_v6.pdb	../raw/alphafold/AF-G4MVR1-F1-model.pdb	2026-07-23T03:21:31.201714+00:00	432620	d4f2f7faf6edb02c639d75de108c13992edcdffad1f9475090586e3fddf02f99	plantpersulf/0.0.0
G4MVR2	v6	https://alphafold.ebi.ac.uk/files/AF-G4MVR2-F1-model_v6.pdb	../raw/alphafold/AF-G4MVR2-F1-model.pdb	2026-07-23T03:21:34.682677+00:00	633419	aaba084c685a376d4ed7dd77f8b5f92e27f1c46d9e16a705283a125cbdd68057	plantpersulf/0.0.0
G4MVR5	v6	https://alphafold.ebi.ac.uk/files/AF-G4MVR5-F1-model_v6.pdb	../raw/alphafold/AF-G4MVR5-F1-model.pdb	2026-07-23T03:21:37.877011+00:00	163052	0aef693b7e706e69ff53e49d922ed47d42d969994305e1a8f24bc005620cb070	plantpersulf/0.0.0
G4MVS8	v6	https://alphafold.ebi.ac.uk/files/AF-G4MVS8-F1-model_v6.pdb	../raw/alphafold/AF-G4MVS8-F1-model.pdb	2026-07-23T03:21:40.990138+00:00	175445	38d86e8934b40157c8702cabba69bb80707b8cc6c43d701f49bbc42ad70ac42a	plantpersulf/0.0.0
G4MVT5	v6	https://alphafold.ebi.ac.uk/files/AF-G4MVT5-F1-model_v6.pdb	../raw/alphafold/AF-G4MVT5-F1-model.pdb	2026-07-23T03:21:44.269560+00:00	380942	551ce8ad33c4e1263d6477411e9cbded0f62257c17d30ad94a73a3afe76d8df4	plantpersulf/0.0.0
G4MVU5	v6	https://alphafold.ebi.ac.uk/files/AF-G4MVU5-F1-model_v6.pdb	../raw/alphafold/AF-G4MVU5-F1-model.pdb	2026-07-23T03:21:46.784440+00:00	124253	1d947decd4da61c2ec85a890b931a0ad929477ff9bd57cadd256485029aec2da	plantpersulf/0.0.0
G4MW66	v6	https://alphafold.ebi.ac.uk/files/AF-G4MW66-F1-model_v6.pdb	../raw/alphafold/AF-G4MW66-F1-model.pdb	2026-07-23T03:21:50.234295+00:00	585548	6953aa2182c261efdfcc7c741935ccb1e65edd8564118aaab0d7b561026c666a	plantpersulf/0.0.0
G4MW89	v6	https://alphafold.ebi.ac.uk/files/AF-G4MW89-F1-model_v6.pdb	../raw/alphafold/AF-G4MW89-F1-model.pdb	2026-07-23T03:21:53.852312+00:00	614546	d7fefb3921f6d09c7481c76a6398107ee47d59591d586d33ee4c632b7a64277c	plantpersulf/0.0.0
G4MWC3	v6	https://alphafold.ebi.ac.uk/files/AF-G4MWC3-F1-model_v6.pdb	../raw/alphafold/AF-G4MWC3-F1-model.pdb	2026-07-23T03:21:57.180632+00:00	325295	fecb14e5705bed18a8c6d32847d986f2f4c9a5bce4d95e7862ea03957d764a31	plantpersulf/0.0.0
G4MWD2	v6	https://alphafold.ebi.ac.uk/files/AF-G4MWD2-F1-model_v6.pdb	../raw/alphafold/AF-G4MWD2-F1-model.pdb	2026-07-23T03:22:01.322125+00:00	222668	5cedb1aa7ab6ea3423ecfc50baa89c0d1c959787247a7dd46b5c3e2a94c02f31	plantpersulf/0.0.0
G4MWD8	v6	https://alphafold.ebi.ac.uk/files/AF-G4MWD8-F1-model_v6.pdb	../raw/alphafold/AF-G4MWD8-F1-model.pdb	2026-07-23T03:22:04.039146+00:00	71927	84a0e5489214637aedb665e3d18b1de00b68ec3e84e2865b36cc19a6dd033b25	plantpersulf/0.0.0
G4MWG0	v6	https://alphafold.ebi.ac.uk/files/AF-G4MWG0-F1-model_v6.pdb	../raw/alphafold/AF-G4MWG0-F1-model.pdb	2026-07-23T03:22:06.924376+00:00	147095	c5a8b926a9963a3662df91e521fcd08b5e1917a4b3759ee979310222e069bf7c	plantpersulf/0.0.0
G4MWG4	v6	https://alphafold.ebi.ac.uk/files/AF-G4MWG4-F1-model_v6.pdb	../raw/alphafold/AF-G4MWG4-F1-model.pdb	2026-07-23T03:22:10.588443+00:00	375272	c957dc0b5f415a82168e0e744ec1ac0f8788f1173019c2cb4fe86aeba5f969a8	plantpersulf/0.0.0
G4MWG5	v6	https://alphafold.ebi.ac.uk/files/AF-G4MWG5-F1-model_v6.pdb	../raw/alphafold/AF-G4MWG5-F1-model.pdb	2026-07-23T03:22:13.789782+00:00	269648	38c8029185e9d8b7aee478c8138c0ffbc93562fc51bec7fb70b5583570129f84	plantpersulf/0.0.0
G4MWK5	v6	https://alphafold.ebi.ac.uk/files/AF-G4MWK5-F1-model_v6.pdb	../raw/alphafold/AF-G4MWK5-F1-model.pdb	2026-07-23T03:22:17.088422+00:00	222749	93c264af22b894fb4add234a12e3188c7d2327ae960553251a989bc362cf46e9	plantpersulf/0.0.0
G4MWP3	v6	https://alphafold.ebi.ac.uk/files/AF-G4MWP3-F1-model_v6.pdb	../raw/alphafold/AF-G4MWP3-F1-model.pdb	2026-07-23T03:22:20.167826+00:00	181520	3862d5db04d6248bd578ed8dc04d7d6306bd779fec1c67a7713c1ec81a68651d	plantpersulf/0.0.0
G4MWQ4	v6	https://alphafold.ebi.ac.uk/files/AF-G4MWQ4-F1-model_v6.pdb	../raw/alphafold/AF-G4MWQ4-F1-model.pdb	2026-07-23T03:22:23.287022+00:00	254258	001f586c95136fb0a84e8aae302c84808b0fe77c9ff888d6d344e08bd2ed044b	plantpersulf/0.0.0
G4MWU6	v6	https://alphafold.ebi.ac.uk/files/AF-G4MWU6-F1-model_v6.pdb	../raw/alphafold/AF-G4MWU6-F1-model.pdb	2026-07-23T03:22:26.452394+00:00	237572	47793c4b83153bfd2ef5f199ef0482b879b610c09f8199e00cf70a2135b84787	plantpersulf/0.0.0
G4MWV5	v6	https://alphafold.ebi.ac.uk/files/AF-G4MWV5-F1-model_v6.pdb	../raw/alphafold/AF-G4MWV5-F1-model.pdb	2026-07-23T03:22:29.950194+00:00	222911	68944c170fffec4b7a528f89630c522f4ffb37c4ab25d9e6e95d5eec7a7392ca	plantpersulf/0.0.0
G4MWY3	v6	https://alphafold.ebi.ac.uk/files/AF-G4MWY3-F1-model_v6.pdb	../raw/alphafold/AF-G4MWY3-F1-model.pdb	2026-07-23T03:22:32.833571+00:00	108863	9f4bc5b03be38b4c3330ff5107aad369bf9c5745111b9769aa0e500f0614c650	plantpersulf/0.0.0
G4MWZ0	v6	https://alphafold.ebi.ac.uk/files/AF-G4MWZ0-F1-model_v6.pdb	../raw/alphafold/AF-G4MWZ0-F1-model.pdb	2026-07-23T03:22:36.182108+00:00	395198	b615c821b537d1d4ec719d9e854b84178a5a17c721770d49e3127a77a402cf0e	plantpersulf/0.0.0
G4MWZ3	v6	https://alphafold.ebi.ac.uk/files/AF-G4MWZ3-F1-model_v6.pdb	../raw/alphafold/AF-G4MWZ3-F1-model.pdb	2026-07-23T03:22:39.565115+00:00	378107	e175546410a29df2e95fe119b1f2ff482b44ddeffad0da5f8a071884c750b722	plantpersulf/0.0.0
G4MX54	v6	https://alphafold.ebi.ac.uk/files/AF-G4MX54-F1-model_v6.pdb	../raw/alphafold/AF-G4MX54-F1-model.pdb	2026-07-23T03:22:42.340393+00:00	185084	0c312c76f47fd91dfe433c08df8bfe2d900831cf2aa9cdaf21ae6401c1ae0486	plantpersulf/0.0.0
G4MX56	v6	https://alphafold.ebi.ac.uk/files/AF-G4MX56-F1-model_v6.pdb	../raw/alphafold/AF-G4MX56-F1-model.pdb	2026-07-23T03:22:45.543434+00:00	231902	a6ef54b869a0933b0febfa32d6d2292c32e2cc415afab6deade4df91e9007dc5	plantpersulf/0.0.0
G4MX57	v6	https://alphafold.ebi.ac.uk/files/AF-G4MX57-F1-model_v6.pdb	../raw/alphafold/AF-G4MX57-F1-model.pdb	2026-07-23T03:22:48.750386+00:00	238139	6a7b3ded046f528bce4bda8806301faf399c6f7c1435068479ec7fff0ecc3b4c	plantpersulf/0.0.0
G4MXB0	v6	https://alphafold.ebi.ac.uk/files/AF-G4MXB0-F1-model_v6.pdb	../raw/alphafold/AF-G4MXB0-F1-model.pdb	2026-07-23T03:22:52.067362+00:00	502847	f3abeb78f562a6d5ed64ff878b3a8863f0ada6aabb16c03bb2a60f30d266d702	plantpersulf/0.0.0
G4MXB8	v6	https://alphafold.ebi.ac.uk/files/AF-G4MXB8-F1-model_v6.pdb	../raw/alphafold/AF-G4MXB8-F1-model.pdb	2026-07-23T03:22:55.609174+00:00	368387	a21f30d3171a4236fad542d28aa348233d318f9c120d29976dad97122bb35746	plantpersulf/0.0.0
G4MXC1	v6	https://alphafold.ebi.ac.uk/files/AF-G4MXC1-F1-model_v6.pdb	../raw/alphafold/AF-G4MXC1-F1-model.pdb	2026-07-23T03:22:59.049554+00:00	349271	3e6886accb7d6d5f1fa6367e4174ee9c48cdb768b05e86a2d623e67ab8de2a4f	plantpersulf/0.0.0
G4MXC3	v6	https://alphafold.ebi.ac.uk/files/AF-G4MXC3-F1-model_v6.pdb	../raw/alphafold/AF-G4MXC3-F1-model.pdb	2026-07-23T03:23:02.431845+00:00	410183	40d1d7db2e168a2c1145987c1905cbe00042ffae9940a8deaea6dfca6daead63	plantpersulf/0.0.0
G4MXF5	v6	https://alphafold.ebi.ac.uk/files/AF-G4MXF5-F1-model_v6.pdb	../raw/alphafold/AF-G4MXF5-F1-model.pdb	2026-07-23T03:23:05.687143+00:00	101492	1ca3a1ec4b9754334ae398b30a3aadeeecd8e2db2b72c8e6528801698774e29e	plantpersulf/0.0.0
G4MXJ4	v6	https://alphafold.ebi.ac.uk/files/AF-G4MXJ4-F1-model_v6.pdb	../raw/alphafold/AF-G4MXJ4-F1-model.pdb	2026-07-23T03:23:09.009628+00:00	333638	1a2adb0b4c0c0a625d2690ba9c94a2c1d4f4d92964d8ff9842e26b345fce7eab	plantpersulf/0.0.0
G4MXL7	v6	https://alphafold.ebi.ac.uk/files/AF-G4MXL7-F1-model_v6.pdb	../raw/alphafold/AF-G4MXL7-F1-model.pdb	2026-07-23T03:23:12.399076+00:00	270458	2c5d4949eb2498a67425720ad7f015cd2d89f98af81201980b183fc5313f7bc7	plantpersulf/0.0.0
G4MXN0	v6	https://alphafold.ebi.ac.uk/files/AF-G4MXN0-F1-model_v6.pdb	../raw/alphafold/AF-G4MXN0-F1-model.pdb	2026-07-23T03:23:15.637755+00:00	381509	8c153d49a358deba2118786fc72cacbc8536d2bdc886064109835483a2707500	plantpersulf/0.0.0
G4MXS1	v6	https://alphafold.ebi.ac.uk/files/AF-G4MXS1-F1-model_v6.pdb	../raw/alphafold/AF-G4MXS1-F1-model.pdb	2026-07-23T03:23:18.908049+00:00	336473	74b46e98f46f21d165337a68299c3f929c6a2d092e9dca5f34bddf4ca47c5491	plantpersulf/0.0.0
G4MXY6	v6	https://alphafold.ebi.ac.uk/files/AF-G4MXY6-F1-model_v6.pdb	../raw/alphafold/AF-G4MXY6-F1-model.pdb	2026-07-23T03:23:22.524528+00:00	540593	8ee5b15b0d455eac52c07e345278ac74010efb4d48fc05117942c234f15f9455	plantpersulf/0.0.0
G4MY06	v6	https://alphafold.ebi.ac.uk/files/AF-G4MY06-F1-model_v6.pdb	../raw/alphafold/AF-G4MY06-F1-model.pdb	2026-07-23T03:23:25.807202+00:00	213596	4343c161a7f3021aab7e3e7c7cc8487d2b84c60fd50208dad806a0729e833d66	plantpersulf/0.0.0
G4MY38	v6	https://alphafold.ebi.ac.uk/files/AF-G4MY38-F1-model_v6.pdb	../raw/alphafold/AF-G4MY38-F1-model.pdb	2026-07-23T03:23:29.348189+00:00	456110	c059d735dbf9c7440b390a1022ab28587b83aab75897d808f07e24c02aaf6b67	plantpersulf/0.0.0
G4MY47	v6	https://alphafold.ebi.ac.uk/files/AF-G4MY47-F1-model_v6.pdb	../raw/alphafold/AF-G4MY47-F1-model.pdb	2026-07-23T03:23:32.487106+00:00	205658	ed1e43503cdae0a7378d409556a38642bc53a34f9deb13951d812415641f252b	plantpersulf/0.0.0
G4MY64	v6	https://alphafold.ebi.ac.uk/files/AF-G4MY64-F1-model_v6.pdb	../raw/alphafold/AF-G4MY64-F1-model.pdb	2026-07-23T03:23:35.664540+00:00	205901	767365d6f989e15b2dd4debf631d83496e9f82d520fbb872d3a329c846e053c2	plantpersulf/0.0.0
G4MY73	v6	https://alphafold.ebi.ac.uk/files/AF-G4MY73-F1-model_v6.pdb	../raw/alphafold/AF-G4MY73-F1-model.pdb	2026-07-23T03:23:38.849157+00:00	234575	656aea46a1c43103e840fe81a164b2a9a931737c5a5bfa5bea6a0037ff9116cb	plantpersulf/0.0.0
G4MY77	v6	https://alphafold.ebi.ac.uk/files/AF-G4MY77-F1-model_v6.pdb	../raw/alphafold/AF-G4MY77-F1-model.pdb	2026-07-23T03:23:42.305761+00:00	430676	e8ca9a148d6f25760ea5288af84043c6c16f01cae14140b0a962682a682cabd4	plantpersulf/0.0.0
G4MY79	v6	https://alphafold.ebi.ac.uk/files/AF-G4MY79-F1-model_v6.pdb	../raw/alphafold/AF-G4MY79-F1-model.pdb	2026-07-23T03:23:46.179551+00:00	671813	352009c129469595fd9e81e7f2e477d777f53c6a48f8789310acf0da7ff5a29d	plantpersulf/0.0.0
G4MY96	v6	https://alphafold.ebi.ac.uk/files/AF-G4MY96-F1-model_v6.pdb	../raw/alphafold/AF-G4MY96-F1-model.pdb	2026-07-23T03:23:49.603297+00:00	352997	e256bc51c1ed8c7bd70172ad7b3e3edd1be148f0b104bcac41ad598b49c2e755	plantpersulf/0.0.0
G4MYA0	v6	https://alphafold.ebi.ac.uk/files/AF-G4MYA0-F1-model_v6.pdb	../raw/alphafold/AF-G4MYA0-F1-model.pdb	2026-07-23T03:23:54.202937+00:00	390986	629e1c3b6e4e957c26e7692f44fa6dac4adaf0963b3aa55cb9751c2d0c773eb2	plantpersulf/0.0.0
G4MYA3	v6	https://alphafold.ebi.ac.uk/files/AF-G4MYA3-F1-model_v6.pdb	../raw/alphafold/AF-G4MYA3-F1-model.pdb	2026-07-23T03:23:57.575906+00:00	336554	dd9440b28c08778b5e71fb8d9f8ee38c2969a6091c84457017ae0e073b2e8377	plantpersulf/0.0.0
G4MYB5	v6	https://alphafold.ebi.ac.uk/files/AF-G4MYB5-F1-model_v6.pdb	../raw/alphafold/AF-G4MYB5-F1-model.pdb	2026-07-23T03:24:00.273922+00:00	105461	05e07f4b44335495e44d2c2a89e073735671e77af036f3ebae073d8e7782bd9f	plantpersulf/0.0.0
G4MYB6	v6	https://alphafold.ebi.ac.uk/files/AF-G4MYB6-F1-model_v6.pdb	../raw/alphafold/AF-G4MYB6-F1-model.pdb	2026-07-23T03:24:03.531484+00:00	222506	8f9026c5f74be1d996f63fb8dfa7fd6004201564a6478cd88ef7272830016c27	plantpersulf/0.0.0
G4MYB7	v6	https://alphafold.ebi.ac.uk/files/AF-G4MYB7-F1-model_v6.pdb	../raw/alphafold/AF-G4MYB7-F1-model.pdb	2026-07-23T03:24:06.720665+00:00	239354	7a16df40be4c550330a6eece7974b61804c8da54fe93e6951527316bc624f43e	plantpersulf/0.0.0
G4MYC6	v6	https://alphafold.ebi.ac.uk/files/AF-G4MYC6-F1-model_v6.pdb	../raw/alphafold/AF-G4MYC6-F1-model.pdb	2026-07-23T03:24:10.288158+00:00	400301	fc0502bd6f1411f7c59ac852789b7655b23ecf7781f410845bc813a511d5757f	plantpersulf/0.0.0
G4MYC9	v6	https://alphafold.ebi.ac.uk/files/AF-G4MYC9-F1-model_v6.pdb	../raw/alphafold/AF-G4MYC9-F1-model.pdb	2026-07-23T03:24:13.477229+00:00	217646	bf9aebcb06a3f70045ee4f85b1f661dc378813475617fcc6c7069cfaf0a02b65	plantpersulf/0.0.0
G4MYJ3	v6	https://alphafold.ebi.ac.uk/files/AF-G4MYJ3-F1-model_v6.pdb	../raw/alphafold/AF-G4MYJ3-F1-model.pdb	2026-07-23T03:24:16.266818+00:00	259766	50f29ad3302ae7d6fbaa1baaf86f4784222dfe52db5dc9096d82a3fef6001fe8	plantpersulf/0.0.0
G4MYJ6	v6	https://alphafold.ebi.ac.uk/files/AF-G4MYJ6-F1-model_v6.pdb	../raw/alphafold/AF-G4MYJ6-F1-model.pdb	2026-07-23T03:24:19.083804+00:00	96956	aa2eba4e320b9c54d849df4a6ca930bab68bae8274bee955900d65f2cbca97c2	plantpersulf/0.0.0
G4MYK1	v6	https://alphafold.ebi.ac.uk/files/AF-G4MYK1-F1-model_v6.pdb	../raw/alphafold/AF-G4MYK1-F1-model.pdb	2026-07-23T03:24:22.586195+00:00	535733	0fe97937091ce5d5a82ee8c2aa8bacc0b00ac14b3f37f86daabcf842c7082339	plantpersulf/0.0.0
G4MYM7	v6	https://alphafold.ebi.ac.uk/files/AF-G4MYM7-F1-model_v6.pdb	../raw/alphafold/AF-G4MYM7-F1-model.pdb	2026-07-23T03:24:25.558135+00:00	195614	e341fcbec36631a6de21c2fb15495bb72d6f33415110581050ba96215bc10b07	plantpersulf/0.0.0
G4MYN7	v6	https://alphafold.ebi.ac.uk/files/AF-G4MYN7-F1-model_v6.pdb	../raw/alphafold/AF-G4MYN7-F1-model.pdb	2026-07-23T03:24:28.786560+00:00	175202	47c9166738d33d0b6b64e0359f4eff58dc84ff9e2f533770b6073c1f1c50da26	plantpersulf/0.0.0
G4MYR6	v6	https://alphafold.ebi.ac.uk/files/AF-G4MYR6-F1-model_v6.pdb	../raw/alphafold/AF-G4MYR6-F1-model.pdb	2026-07-23T03:24:31.851798+00:00	244052	2f1dcc087acc6d5eeaaa1f4dd2365b06c51f9b20509c9ac10845a42d5d5ee4a0	plantpersulf/0.0.0
G4MYS3	v6	https://alphafold.ebi.ac.uk/files/AF-G4MYS3-F1-model_v6.pdb	../raw/alphafold/AF-G4MYS3-F1-model.pdb	2026-07-23T03:24:35.107309+00:00	350000	7017e79257aced0b89c78895b3d082b4d2662980f6c75615fff77994a8d113c3	plantpersulf/0.0.0
G4MYS5	v6	https://alphafold.ebi.ac.uk/files/AF-G4MYS5-F1-model_v6.pdb	../raw/alphafold/AF-G4MYS5-F1-model.pdb	2026-07-23T03:24:38.430208+00:00	374057	aa7180b4bf437bc3b8ba3aaf2663948440b97c569fd03fe17c54974e6e639987	plantpersulf/0.0.0
G4MYT4	v6	https://alphafold.ebi.ac.uk/files/AF-G4MYT4-F1-model_v6.pdb	../raw/alphafold/AF-G4MYT4-F1-model.pdb	2026-07-23T03:24:41.445941+00:00	186866	835b3b2a904bb92dad45f334ba10dfcd2fdff538a38604917786e4085022ab5b	plantpersulf/0.0.0
G4MYU6	v6	https://alphafold.ebi.ac.uk/files/AF-G4MYU6-F1-model_v6.pdb	../raw/alphafold/AF-G4MYU6-F1-model.pdb	2026-07-23T03:24:44.763911+00:00	284552	f7abb62e702a11948538a63b73a5605e3de366cbd6ed45f8ebefd78aeb5da08d	plantpersulf/0.0.0
G4MYV1	v6	https://alphafold.ebi.ac.uk/files/AF-G4MYV1-F1-model_v6.pdb	../raw/alphafold/AF-G4MYV1-F1-model.pdb	2026-07-23T03:24:47.801611+00:00	157949	5aa063aef85ddb1449d06b9bb201f975293d9062cf5e091ecfb51fc100263098	plantpersulf/0.0.0
G4MYW2	v6	https://alphafold.ebi.ac.uk/files/AF-G4MYW2-F1-model_v6.pdb	../raw/alphafold/AF-G4MYW2-F1-model.pdb	2026-07-23T03:24:50.911289+00:00	210680	6a161546946d8c920049fae6e94c9d80f8cf5280419737712fb7054402ed655c	plantpersulf/0.0.0
G4MYY2	v6	https://alphafold.ebi.ac.uk/files/AF-G4MYY2-F1-model_v6.pdb	../raw/alphafold/AF-G4MYY2-F1-model.pdb	2026-07-23T03:24:54.241778+00:00	294677	f657048c31f4d8ae5c6fd97883f49fc9324e56789afb83b41dcc1fc8dd510a91	plantpersulf/0.0.0
G4MYY3	v6	https://alphafold.ebi.ac.uk/files/AF-G4MYY3-F1-model_v6.pdb	../raw/alphafold/AF-G4MYY3-F1-model.pdb	2026-07-23T03:24:57.894788+00:00	256526	72055b0f705013e29069764ed3b229edae3c74fdde18d24cc50272b1438c6eb9	plantpersulf/0.0.0
G4MYZ4	v6	https://alphafold.ebi.ac.uk/files/AF-G4MYZ4-F1-model_v6.pdb	../raw/alphafold/AF-G4MYZ4-F1-model.pdb	2026-07-23T03:25:01.104235+00:00	233522	08a0cc37c2490963f5e14aa51954fe58d763ed6d9139ecf71ac6ff7b575fe3ce	plantpersulf/0.0.0
G4MYZ8	v6	https://alphafold.ebi.ac.uk/files/AF-G4MYZ8-F1-model_v6.pdb	../raw/alphafold/AF-G4MYZ8-F1-model.pdb	2026-07-23T03:25:04.279705+00:00	210923	662fa65084cfcb22ee1446ab434c35ee30a0aae1885a64367046e8e53f1bd2b3	plantpersulf/0.0.0
G4MZ06	v6	https://alphafold.ebi.ac.uk/files/AF-G4MZ06-F1-model_v6.pdb	../raw/alphafold/AF-G4MZ06-F1-model.pdb	2026-07-23T03:25:08.268182+00:00	283985	305656120d7a7ac777a8c47305e557817eb76401e7edb61af7eb598e8f1b04dc	plantpersulf/0.0.0
G4MZ14	v6	https://alphafold.ebi.ac.uk/files/AF-G4MZ14-F1-model_v6.pdb	../raw/alphafold/AF-G4MZ14-F1-model.pdb	2026-07-23T03:25:11.400612+00:00	236924	fa7902506834a91f459ac71ccc424570fcc50843d9b83bd615d3e2099ad65e3f	plantpersulf/0.0.0
G4MZ20	v6	https://alphafold.ebi.ac.uk/files/AF-G4MZ20-F1-model_v6.pdb	../raw/alphafold/AF-G4MZ20-F1-model.pdb	2026-07-23T03:25:14.355580+00:00	212948	2b7198b657520363bdd31a0b761094d49935275c4263ce74c72ebecb7f6f7908	plantpersulf/0.0.0
G4MZ31	v6	https://alphafold.ebi.ac.uk/files/AF-G4MZ31-F1-model_v6.pdb	../raw/alphafold/AF-G4MZ31-F1-model.pdb	2026-07-23T03:25:17.438156+00:00	216269	8fb734ebd8524749059428a45808673420d4c3cf38e2b477baa4a5f5f646a662	plantpersulf/0.0.0
G4MZ63	v6	https://alphafold.ebi.ac.uk/files/AF-G4MZ63-F1-model_v6.pdb	../raw/alphafold/AF-G4MZ63-F1-model.pdb	2026-07-23T03:25:21.928258+00:00	444689	35ee1252576d3958b24a0ceb369c1e3859d6c7965a07c70a7e980fb4dfefe90c	plantpersulf/0.0.0
G4MZ65	v6	https://alphafold.ebi.ac.uk/files/AF-G4MZ65-F1-model_v6.pdb	../raw/alphafold/AF-G4MZ65-F1-model.pdb	2026-07-23T03:25:25.253982+00:00	430595	2a7a990c0adb83c24f6bc191e4145ad793b53c458993bd9945908b06cfb4b70d	plantpersulf/0.0.0
G4MZ76	v6	https://alphafold.ebi.ac.uk/files/AF-G4MZ76-F1-model_v6.pdb	../raw/alphafold/AF-G4MZ76-F1-model.pdb	2026-07-23T03:25:28.132066+00:00	273131	95c84a34485a45b482368e4447e2eb9493d6eaabf6ddadf60b898c8e2ee8dc64	plantpersulf/0.0.0
G4MZ85	v6	https://alphafold.ebi.ac.uk/files/AF-G4MZ85-F1-model_v6.pdb	../raw/alphafold/AF-G4MZ85-F1-model.pdb	2026-07-23T03:25:31.536279+00:00	415853	c8b793d1c0c05a9cf80aa3ff9f4d55ca3b3cc781fbd7be26fff20a8513176c1e	plantpersulf/0.0.0
G4MZ86	v6	https://alphafold.ebi.ac.uk/files/AF-G4MZ86-F1-model_v6.pdb	../raw/alphafold/AF-G4MZ86-F1-model.pdb	2026-07-23T03:25:34.858760+00:00	234251	011704d98b0b78bd6cea7696da5dfb626c46a08f7ca40426b57d85bb840c31db	plantpersulf/0.0.0
G4MZA0	v6	https://alphafold.ebi.ac.uk/files/AF-G4MZA0-F1-model_v6.pdb	../raw/alphafold/AF-G4MZA0-F1-model.pdb	2026-07-23T03:25:37.749121+00:00	88208	40560c20af443d7bb8d1daaa46b6bea146b574509b72724dfba26dff46d3bb17	plantpersulf/0.0.0
G4MZA6	v6	https://alphafold.ebi.ac.uk/files/AF-G4MZA6-F1-model_v6.pdb	../raw/alphafold/AF-G4MZA6-F1-model.pdb	2026-07-23T03:25:40.819235+00:00	228095	463e4a62a4a78edee97ae591f784598d09f6144f6a827b1e64297f3dc9755e65	plantpersulf/0.0.0
G4MZD5	v6	https://alphafold.ebi.ac.uk/files/AF-G4MZD5-F1-model_v6.pdb	../raw/alphafold/AF-G4MZD5-F1-model.pdb	2026-07-23T03:25:44.018323+00:00	210599	5db9adc06f5ac361c6d871c18e976d68501d37d60ea4683c224e74027540a95c	plantpersulf/0.0.0
G4MZE2	v6	https://alphafold.ebi.ac.uk/files/AF-G4MZE2-F1-model_v6.pdb	../raw/alphafold/AF-G4MZE2-F1-model.pdb	2026-07-23T03:25:47.350537+00:00	246644	6073177fe9263fa2ec61f2c6a96b424398909d66baf904d842aeb23292d4d0c3	plantpersulf/0.0.0
G4MZF7	v6	https://alphafold.ebi.ac.uk/files/AF-G4MZF7-F1-model_v6.pdb	../raw/alphafold/AF-G4MZF7-F1-model.pdb	2026-07-23T03:25:50.350977+00:00	104165	2a941c8528fd2a9e58f6c0416fc5e46ca7f50d148a2162fa6df6cfb5464984e0	plantpersulf/0.0.0
G4MZF8	v6	https://alphafold.ebi.ac.uk/files/AF-G4MZF8-F1-model_v6.pdb	../raw/alphafold/AF-G4MZF8-F1-model.pdb	2026-07-23T03:25:53.954184+00:00	517346	e8f796cf74a41d0a8aa2cd45334a2b1d6c68fa03af9f368438ca1628b852e321	plantpersulf/0.0.0
G4MZI3	v6	https://alphafold.ebi.ac.uk/files/AF-G4MZI3-F1-model_v6.pdb	../raw/alphafold/AF-G4MZI3-F1-model.pdb	2026-07-23T03:25:57.247201+00:00	218699	ca8243daa7c08c8fc1d07f3fe2d41a35262c6035004283d82a0dba7e9087f0f5	plantpersulf/0.0.0
G4MZI8	v6	https://alphafold.ebi.ac.uk/files/AF-G4MZI8-F1-model_v6.pdb	../raw/alphafold/AF-G4MZI8-F1-model.pdb	2026-07-23T03:26:00.684129+00:00	667115	2a63e111c06ccc4be6b1ca2c093970f56956090cff286a2d9895581bb14164bf	plantpersulf/0.0.0
G4MZI9	v6	https://alphafold.ebi.ac.uk/files/AF-G4MZI9-F1-model_v6.pdb	../raw/alphafold/AF-G4MZI9-F1-model.pdb	2026-07-23T03:26:03.851455+00:00	270863	8f8a1e9d37310512648acad2cdd2a930ce225e4571aa429433d82684764d1b3f	plantpersulf/0.0.0
G4MZK5	v6	https://alphafold.ebi.ac.uk/files/AF-G4MZK5-F1-model_v6.pdb	../raw/alphafold/AF-G4MZK5-F1-model.pdb	2026-07-23T03:26:07.147424+00:00	216755	70e5e195babf74a7eef946d85aa7ba563cd8a282b5b6c3feb366659ece5d978a	plantpersulf/0.0.0
G4MZK7	v6	https://alphafold.ebi.ac.uk/files/AF-G4MZK7-F1-model_v6.pdb	../raw/alphafold/AF-G4MZK7-F1-model.pdb	2026-07-23T03:26:10.744983+00:00	348380	b6df2a00398311e1da1c9d9d464c224d091466d8c2a9a1244683877f257b7a57	plantpersulf/0.0.0
G4MZL7	v6	https://alphafold.ebi.ac.uk/files/AF-G4MZL7-F1-model_v6.pdb	../raw/alphafold/AF-G4MZL7-F1-model.pdb	2026-07-23T03:26:14.034762+00:00	387908	95594c9f33246e3e234b47e3d4c8e2cc9f8e84f4e7919b8106b89dc6391d24f3	plantpersulf/0.0.0
G4MZS0	v6	https://alphafold.ebi.ac.uk/files/AF-G4MZS0-F1-model_v6.pdb	../raw/alphafold/AF-G4MZS0-F1-model.pdb	2026-07-23T03:26:17.410329+00:00	348866	74f13f11b408bfaaee4f360f6d4ab67d8d4f45eee862a7bd0046426c3df9b414	plantpersulf/0.0.0
G4MZT0	v6	https://alphafold.ebi.ac.uk/files/AF-G4MZT0-F1-model_v6.pdb	../raw/alphafold/AF-G4MZT0-F1-model.pdb	2026-07-23T03:26:20.065748+00:00	139238	05cd954e398ec9653adbb5f893c2cec72cae1873efc33eeaebbda35394e63136	plantpersulf/0.0.0
G4MZZ9	v6	https://alphafold.ebi.ac.uk/files/AF-G4MZZ9-F1-model_v6.pdb	../raw/alphafold/AF-G4MZZ9-F1-model.pdb	2026-07-23T03:26:23.175532+00:00	289412	4e7e5145ae90b116be471b057d8e00d1dda9a86d702d834640f39009667d46bc	plantpersulf/0.0.0
G4N008	v6	https://alphafold.ebi.ac.uk/files/AF-G4N008-F1-model_v6.pdb	../raw/alphafold/AF-G4N008-F1-model.pdb	2026-07-23T03:26:26.868133+00:00	252557	eef4576cd548adf7e7d216879f5ef54bbad093f1938cb09b61e2cc3227dc3201	plantpersulf/0.0.0
G4N041	v6	https://alphafold.ebi.ac.uk/files/AF-G4N041-F1-model_v6.pdb	../raw/alphafold/AF-G4N041-F1-model.pdb	2026-07-23T03:26:30.243935+00:00	434969	8f8e010242b9c9bfd5e9badd226f490d6618ceda41d274f5c27c1e9d10dcb07e	plantpersulf/0.0.0
G4N063	v6	https://alphafold.ebi.ac.uk/files/AF-G4N063-F1-model_v6.pdb	../raw/alphafold/AF-G4N063-F1-model.pdb	2026-07-23T03:26:33.475952+00:00	203876	1e10f54c2738fa1b81c0d6b8b9f10790c352e9f292a90daf08779fb3b7b0bc24	plantpersulf/0.0.0
G4N0B3	v6	https://alphafold.ebi.ac.uk/files/AF-G4N0B3-F1-model_v6.pdb	../raw/alphafold/AF-G4N0B3-F1-model.pdb	2026-07-23T03:26:37.763015+00:00	467612	f59a1764cf692241a169560d1c41ccbaad0ab7391b42a2f71b79ad70547f21f5	plantpersulf/0.0.0
G4N0C4	v6	https://alphafold.ebi.ac.uk/files/AF-G4N0C4-F1-model_v6.pdb	../raw/alphafold/AF-G4N0C4-F1-model.pdb	2026-07-23T03:26:40.154194+00:00	87722	acce3d3ebbda83c22cf201e1a7915a2ea73715d46aa9c494f0ada14ec1d22436	plantpersulf/0.0.0
G4N0C5	v6	https://alphafold.ebi.ac.uk/files/AF-G4N0C5-F1-model_v6.pdb	../raw/alphafold/AF-G4N0C5-F1-model.pdb	2026-07-23T03:26:42.635198+00:00	85535	afa06847635a4cf64b40c5066f0239c7a6df801ed0b5166903dd3916a6796243	plantpersulf/0.0.0
G4N0E2	v6	https://alphafold.ebi.ac.uk/files/AF-G4N0E2-F1-model_v6.pdb	../raw/alphafold/AF-G4N0E2-F1-model.pdb	2026-07-23T03:26:45.412486+00:00	196181	25ab49b44f384c4a706ac72d98656f6f72e36066d73654ed694400fea7dff7d0	plantpersulf/0.0.0
G4N0E5	v6	https://alphafold.ebi.ac.uk/files/AF-G4N0E5-F1-model_v6.pdb	../raw/alphafold/AF-G4N0E5-F1-model.pdb	2026-07-23T03:26:48.638071+00:00	328940	2ab335490f34b53bfbab71737c51964009d4407b2acd8bda84e80eb79cf1ca8a	plantpersulf/0.0.0
G4N0E9	v6	https://alphafold.ebi.ac.uk/files/AF-G4N0E9-F1-model_v6.pdb	../raw/alphafold/AF-G4N0E9-F1-model.pdb	2026-07-23T03:26:51.861063+00:00	341738	ab4b3a1cfdff0886afc6ef95f2204e498eaf8bfa0d2c41da2cc5b66605b3d32f	plantpersulf/0.0.0
G4N0F1	v6	https://alphafold.ebi.ac.uk/files/AF-G4N0F1-F1-model_v6.pdb	../raw/alphafold/AF-G4N0F1-F1-model.pdb	2026-07-23T03:26:54.639667+00:00	341981	219327e87e0b3c6b5e3774ba42e6e644c651e8084324308ad2ee728ed852b48f	plantpersulf/0.0.0
G4N0F8	v6	https://alphafold.ebi.ac.uk/files/AF-G4N0F8-F1-model_v6.pdb	../raw/alphafold/AF-G4N0F8-F1-model.pdb	2026-07-23T03:26:58.015694+00:00	526256	cb7abff023b7421b288bd0a4fec951234100e66d11f73e610992b64d82ee96c3	plantpersulf/0.0.0
G4N0G1	v6	https://alphafold.ebi.ac.uk/files/AF-G4N0G1-F1-model_v6.pdb	../raw/alphafold/AF-G4N0G1-F1-model.pdb	2026-07-23T03:27:01.366141+00:00	224774	c263b42fb1f3beafd95734ec56f45aec726beceb7935210ef89260d986113326	plantpersulf/0.0.0
G4N0H8	v6	https://alphafold.ebi.ac.uk/files/AF-G4N0H8-F1-model_v6.pdb	../raw/alphafold/AF-G4N0H8-F1-model.pdb	2026-07-23T03:27:04.824116+00:00	573155	5e1fdd86912f3932f08ead9bb9a081c98f2e13d749a0966f9e3601666739faf9	plantpersulf/0.0.0
G4N0I6	v6	https://alphafold.ebi.ac.uk/files/AF-G4N0I6-F1-model_v6.pdb	../raw/alphafold/AF-G4N0I6-F1-model.pdb	2026-07-23T03:27:07.953422+00:00	275480	0acabb2c272c21339f03ac171717c36bbaadf83f4643ed05a67955131fef4c9b	plantpersulf/0.0.0
G4N0L7	v6	https://alphafold.ebi.ac.uk/files/AF-G4N0L7-F1-model_v6.pdb	../raw/alphafold/AF-G4N0L7-F1-model.pdb	2026-07-23T03:27:11.461150+00:00	351944	e53f0d5ea026a77d099f879982345008079d76e910802987a9620e48728104e2	plantpersulf/0.0.0
G4N0M6	v6	https://alphafold.ebi.ac.uk/files/AF-G4N0M6-F1-model_v6.pdb	../raw/alphafold/AF-G4N0M6-F1-model.pdb	2026-07-23T03:27:14.580112+00:00	216026	c8ad1398dfd07f520ffdc3510cc68390bf74f0719197fa0f3107fe01951bebe6	plantpersulf/0.0.0
G4N0N1	v6	https://alphafold.ebi.ac.uk/files/AF-G4N0N1-F1-model_v6.pdb	../raw/alphafold/AF-G4N0N1-F1-model.pdb	2026-07-23T03:27:18.283898+00:00	761885	0008a5a8890d7ce96bc677fd4437a514f331b1c1715c9ca6b5c534683405a130	plantpersulf/0.0.0
G4N0T7	v6	https://alphafold.ebi.ac.uk/files/AF-G4N0T7-F1-model_v6.pdb	../raw/alphafold/AF-G4N0T7-F1-model.pdb	2026-07-23T03:27:21.433072+00:00	197963	8ef8b5d21b318dc6388b32e51c9685e009b9c3c2f5aa910c7ede2815d9119b56	plantpersulf/0.0.0
G4N0U4	v6	https://alphafold.ebi.ac.uk/files/AF-G4N0U4-F1-model_v6.pdb	../raw/alphafold/AF-G4N0U4-F1-model.pdb	2026-07-23T03:27:24.659442+00:00	298079	71248b5d5491b95e9e013840e4ca6658b401a5671713956982adc4d6fdcb6176	plantpersulf/0.0.0
G4N0U7	v6	https://alphafold.ebi.ac.uk/files/AF-G4N0U7-F1-model_v6.pdb	../raw/alphafold/AF-G4N0U7-F1-model.pdb	2026-07-23T03:27:27.934788+00:00	344654	87c79c9935d1012fd81eed7bde74f61b1915e2585dce8df91aad5f696d7cc021	plantpersulf/0.0.0
G4N0X3	v6	https://alphafold.ebi.ac.uk/files/AF-G4N0X3-F1-model_v6.pdb	../raw/alphafold/AF-G4N0X3-F1-model.pdb	2026-07-23T03:27:32.023887+00:00	1140479	c1de7801fe332363390c8f0ec136d9ebe1ea60fd1ee7db37a4d75c148036964c	plantpersulf/0.0.0
G4N0Z0	v6	https://alphafold.ebi.ac.uk/files/AF-G4N0Z0-F1-model_v6.pdb	../raw/alphafold/AF-G4N0Z0-F1-model.pdb	2026-07-23T03:27:35.287157+00:00	241784	0875ca923bfce10d83e347f2e79878718dcafb53b3cc73670189ef20b1425a33	plantpersulf/0.0.0
G4N0Z4	v6	https://alphafold.ebi.ac.uk/files/AF-G4N0Z4-F1-model_v6.pdb	../raw/alphafold/AF-G4N0Z4-F1-model.pdb	2026-07-23T03:27:38.566822+00:00	389852	227a33b5d5ec2824dd6bfd3fc4933eed8ba0d7c880803de2dd3ab4919803df89	plantpersulf/0.0.0
G4N126	v6	https://alphafold.ebi.ac.uk/files/AF-G4N126-F1-model_v6.pdb	../raw/alphafold/AF-G4N126-F1-model.pdb	2026-07-23T03:27:42.347142+00:00	84401	592689c4cd5f7a8c60f157e0ecf8840939685f4d66144a80513b74a6c59545c9	plantpersulf/0.0.0
G4N128	v6	https://alphafold.ebi.ac.uk/files/AF-G4N128-F1-model_v6.pdb	../raw/alphafold/AF-G4N128-F1-model.pdb	2026-07-23T03:27:45.446243+00:00	219509	b9fb2c812f7fc6d847bb206e969132425f6f3dbb12ca4a7d795688fca5a90603	plantpersulf/0.0.0
G4N151	v6	https://alphafold.ebi.ac.uk/files/AF-G4N151-F1-model_v6.pdb	../raw/alphafold/AF-G4N151-F1-model.pdb	2026-07-23T03:27:49.098948+00:00	641519	035a4f867b2b42a2ca453df4ca25d944154cf412e8b407de4021100c1003236b	plantpersulf/0.0.0
G4N166	v6	https://alphafold.ebi.ac.uk/files/AF-G4N166-F1-model_v6.pdb	../raw/alphafold/AF-G4N166-F1-model.pdb	2026-07-23T03:27:52.493748+00:00	311201	c97575d14e5793770a51bd4a83f78b1026e547d66df4bf252813f7fbcc392e8d	plantpersulf/0.0.0
G4N167	v6	https://alphafold.ebi.ac.uk/files/AF-G4N167-F1-model_v6.pdb	../raw/alphafold/AF-G4N167-F1-model.pdb	2026-07-23T03:27:55.616708+00:00	185084	618907bdaf903192034c6ab176137eb8d2f8de444b5bb2e36e4ec3825c408dcd	plantpersulf/0.0.0
G4N169	v6	https://alphafold.ebi.ac.uk/files/AF-G4N169-F1-model_v6.pdb	../raw/alphafold/AF-G4N169-F1-model.pdb	2026-07-23T03:27:58.840836+00:00	221534	e44bc885211aad4ea01161a2d991b9628041df88e660ed85a8df21b3e8ee7f39	plantpersulf/0.0.0
G4N178	v6	https://alphafold.ebi.ac.uk/files/AF-G4N178-F1-model_v6.pdb	../raw/alphafold/AF-G4N178-F1-model.pdb	2026-07-23T03:28:01.856941+00:00	115262	e2a94490ef78b45adb4e651e848ea8a80956b1249b996da7d565e165c6f2fdcc	plantpersulf/0.0.0
G4N180	v6	https://alphafold.ebi.ac.uk/files/AF-G4N180-F1-model_v6.pdb	../raw/alphafold/AF-G4N180-F1-model.pdb	2026-07-23T03:28:04.976916+00:00	200069	29aa4b8e5bb885d05f4b21fc11df8fe36e387d1be79436a634e7d3ce0fb7b0a8	plantpersulf/0.0.0
G4N182	v6	https://alphafold.ebi.ac.uk/files/AF-G4N182-F1-model_v6.pdb	../raw/alphafold/AF-G4N182-F1-model.pdb	2026-07-23T03:28:08.293920+00:00	325538	ff67494cd89aae45b13a139dcef2016b37cdcff3c9079b4839f2ff31ce3fd5c3	plantpersulf/0.0.0
G4N184	v6	https://alphafold.ebi.ac.uk/files/AF-G4N184-F1-model_v6.pdb	../raw/alphafold/AF-G4N184-F1-model.pdb	2026-07-23T03:28:11.627626+00:00	260009	6a740436c9af0d2ffce82adea1742a1f33d1ebdb7db8cac621c172f99979baef	plantpersulf/0.0.0
G4N187	v6	https://alphafold.ebi.ac.uk/files/AF-G4N187-F1-model_v6.pdb	../raw/alphafold/AF-G4N187-F1-model.pdb	2026-07-23T03:28:14.674449+00:00	120284	45936541e5edd7322e0cb6286350c0e58f16741f7f8bfe14205a31136299b428	plantpersulf/0.0.0
G4N188	v6	https://alphafold.ebi.ac.uk/files/AF-G4N188-F1-model_v6.pdb	../raw/alphafold/AF-G4N188-F1-model.pdb	2026-07-23T03:28:17.752975+00:00	403622	7d9cd1f5f6358867a4cb0a04f3045689fff465a32fe833610b99e749db5da75c	plantpersulf/0.0.0
G4N189	v6	https://alphafold.ebi.ac.uk/files/AF-G4N189-F1-model_v6.pdb	../raw/alphafold/AF-G4N189-F1-model.pdb	2026-07-23T03:28:20.614261+00:00	140048	6e7472ffa398f26a89a521bbe4159f48ec32b738dbb0a1f9a1ba2d1ec91e11eb	plantpersulf/0.0.0
G4N1A3	v6	https://alphafold.ebi.ac.uk/files/AF-G4N1A3-F1-model_v6.pdb	../raw/alphafold/AF-G4N1A3-F1-model.pdb	2026-07-23T03:28:24.269260+00:00	828305	9215b4467b45c235a4a6b6d6d5e9ac0be9e4e062772f9627bf6114b4d9de843e	plantpersulf/0.0.0
G4N1B9	v6	https://alphafold.ebi.ac.uk/files/AF-G4N1B9-F1-model_v6.pdb	../raw/alphafold/AF-G4N1B9-F1-model.pdb	2026-07-23T03:28:27.381936+00:00	161999	67a1ea16a675bc852bdcf6f607aaeee33498de0d48755c07b83a7c77bbaa6d5f	plantpersulf/0.0.0
G4N1C1	v6	https://alphafold.ebi.ac.uk/files/AF-G4N1C1-F1-model_v6.pdb	../raw/alphafold/AF-G4N1C1-F1-model.pdb	2026-07-23T03:28:30.285874+00:00	108863	9169f58e2e5b21be9dcdbc557ed77ae9f6034c6a8353b4ab5b199c4858596d3c	plantpersulf/0.0.0
G4N1C2	v6	https://alphafold.ebi.ac.uk/files/AF-G4N1C2-F1-model_v6.pdb	../raw/alphafold/AF-G4N1C2-F1-model.pdb	2026-07-23T03:28:33.595613+00:00	375434	dc71f68916b1c5ad2bc67932c05866ae8ed8f1caf0df5a808f1275328b99c074	plantpersulf/0.0.0
G4N1C8	v6	https://alphafold.ebi.ac.uk/files/AF-G4N1C8-F1-model_v6.pdb	../raw/alphafold/AF-G4N1C8-F1-model.pdb	2026-07-23T03:28:36.225081+00:00	111455	c71bd8092938aeff56d7d0118356649444db5cd74493f5f5528d673362a46ac8	plantpersulf/0.0.0
G4N1D3	v6	https://alphafold.ebi.ac.uk/files/AF-G4N1D3-F1-model_v6.pdb	../raw/alphafold/AF-G4N1D3-F1-model.pdb	2026-07-23T03:28:38.696785+00:00	82700	6908d64efd4a392b5992348588f6208bb603ad412d8a26d955ff1939aa27b61d	plantpersulf/0.0.0
G4N1E1	v6	https://alphafold.ebi.ac.uk/files/AF-G4N1E1-F1-model_v6.pdb	../raw/alphafold/AF-G4N1E1-F1-model.pdb	2026-07-23T03:28:41.627778+00:00	450359	0e7bcaeedbff5a1fabc1bd03a05672123681c7c6ed7a9cbc44069ee7665451b3	plantpersulf/0.0.0
G4N1E6	v6	https://alphafold.ebi.ac.uk/files/AF-G4N1E6-F1-model_v6.pdb	../raw/alphafold/AF-G4N1E6-F1-model.pdb	2026-07-23T03:28:44.872225+00:00	383858	eb60c5d917a190b54c2a73bcbf363f8f71ce209adf0f8442c1ad48e80b355e75	plantpersulf/0.0.0
G4N1E7	v6	https://alphafold.ebi.ac.uk/files/AF-G4N1E7-F1-model_v6.pdb	../raw/alphafold/AF-G4N1E7-F1-model.pdb	2026-07-23T03:28:48.328132+00:00	447443	e4d0349557d9fb577a50994a78dc6d37185896b96a9fb5ec03965a7b5c98c2c3	plantpersulf/0.0.0
G4N1I9	v6	https://alphafold.ebi.ac.uk/files/AF-G4N1I9-F1-model_v6.pdb	../raw/alphafold/AF-G4N1I9-F1-model.pdb	2026-07-23T03:28:51.533034+00:00	224936	d8ffff488f6276975a51e28d5edf5afdc8313f02c32e54443f09fd13006c24d4	plantpersulf/0.0.0
G4N1K2	v6	https://alphafold.ebi.ac.uk/files/AF-G4N1K2-F1-model_v6.pdb	../raw/alphafold/AF-G4N1K2-F1-model.pdb	2026-07-23T03:28:54.879472+00:00	355751	04fbc65605c13594d6738d062652eef606c5ce7b12f29e43ca49f098edf6fbd5	plantpersulf/0.0.0
G4N1M7	v6	https://alphafold.ebi.ac.uk/files/AF-G4N1M7-F1-model_v6.pdb	../raw/alphafold/AF-G4N1M7-F1-model.pdb	2026-07-23T03:28:57.371566+00:00	154790	0d79d07ea9f84313b7e37cd934bb1dc9a5cf71109b98c1ee7f9a48419f75d1d2	plantpersulf/0.0.0
G4N1P2	v6	https://alphafold.ebi.ac.uk/files/AF-G4N1P2-F1-model_v6.pdb	../raw/alphafold/AF-G4N1P2-F1-model.pdb	2026-07-23T03:28:59.989153+00:00	69902	ab08c140846f451a67399914995e92b03cf767a44c6da9f4a4fac7f878048843	plantpersulf/0.0.0
G4N1Q3	v6	https://alphafold.ebi.ac.uk/files/AF-G4N1Q3-F1-model_v6.pdb	../raw/alphafold/AF-G4N1Q3-F1-model.pdb	2026-07-23T03:29:03.238527+00:00	313550	c6b2977ade5ee65a66944bae81882e942e3e64af739b1672930df73038ad5da9	plantpersulf/0.0.0
G4N1R0	v6	https://alphafold.ebi.ac.uk/files/AF-G4N1R0-F1-model_v6.pdb	../raw/alphafold/AF-G4N1R0-F1-model.pdb	2026-07-23T03:29:06.511534+00:00	230687	27f51e86c6c3b51188e5ada8200d30222ad32d5d8c639d3952bda9a9aff37a3c	plantpersulf/0.0.0
G4N1R8	v6	https://alphafold.ebi.ac.uk/files/AF-G4N1R8-F1-model_v6.pdb	../raw/alphafold/AF-G4N1R8-F1-model.pdb	2026-07-23T03:29:09.167053+00:00	271592	be5ee3f743a5c819f3a65badd6fc339eace24cf25d632c7f896c95a2b4eccef8	plantpersulf/0.0.0
G4N1S1	v6	https://alphafold.ebi.ac.uk/files/AF-G4N1S1-F1-model_v6.pdb	../raw/alphafold/AF-G4N1S1-F1-model.pdb	2026-07-23T03:29:12.344173+00:00	249722	c5e9e54e238bd6d7710288aa2417c02e61561b013a7c910cd596a44793880139	plantpersulf/0.0.0
G4N1T0	v6	https://alphafold.ebi.ac.uk/files/AF-G4N1T0-F1-model_v6.pdb	../raw/alphafold/AF-G4N1T0-F1-model.pdb	2026-07-23T03:29:15.365986+00:00	163538	3b220a05358b96c0da2d62b9c554443728aea90322cdcb916228f31dcb58bce8	plantpersulf/0.0.0
G4N1T4	v6	https://alphafold.ebi.ac.uk/files/AF-G4N1T4-F1-model_v6.pdb	../raw/alphafold/AF-G4N1T4-F1-model.pdb	2026-07-23T03:29:18.436734+00:00	167102	75400e899ce97e93b1d3e5bfcb9a5528bb8a2e3d3d9383800b91e7e61d692be9	plantpersulf/0.0.0
G4N1T8	v6	https://alphafold.ebi.ac.uk/files/AF-G4N1T8-F1-model_v6.pdb	../raw/alphafold/AF-G4N1T8-F1-model.pdb	2026-07-23T03:29:21.312747+00:00	139967	e1fc19e8f1025e219f7bd9305bd7aef029d2c557e242ddc539ac2a854e5a87c2	plantpersulf/0.0.0
G4N1V9	v6	https://alphafold.ebi.ac.uk/files/AF-G4N1V9-F1-model_v6.pdb	../raw/alphafold/AF-G4N1V9-F1-model.pdb	2026-07-23T03:29:24.189950+00:00	100520	3b722fac7785dd61d7ffa5a2731443a46ed1b1bb4ecf4f28f232cd1bcf30860e	plantpersulf/0.0.0
G4N209	v6	https://alphafold.ebi.ac.uk/files/AF-G4N209-F1-model_v6.pdb	../raw/alphafold/AF-G4N209-F1-model.pdb	2026-07-23T03:29:27.321323+00:00	176093	6526c4ab06ef997297f0aa1d8dc13c001be1d6510b1ade46f44628a17d199c6b	plantpersulf/0.0.0
G4N210	v6	https://alphafold.ebi.ac.uk/files/AF-G4N210-F1-model_v6.pdb	../raw/alphafold/AF-G4N210-F1-model.pdb	2026-07-23T03:29:30.181284+00:00	97928	629967013e1fa69198d9fb93650827b42c278d3f0ecf4f776299de7660d029bb	plantpersulf/0.0.0
G4N220	v6	https://alphafold.ebi.ac.uk/files/AF-G4N220-F1-model_v6.pdb	../raw/alphafold/AF-G4N220-F1-model.pdb	2026-07-23T03:29:33.483848+00:00	280988	71ed65d09745facdd90af6bf52d7b5dca29e4d7030d01f6b87d3bce6b42a4ec1	plantpersulf/0.0.0
G4N226	v6	https://alphafold.ebi.ac.uk/files/AF-G4N226-F1-model_v6.pdb	../raw/alphafold/AF-G4N226-F1-model.pdb	2026-07-23T03:29:36.835995+00:00	384101	0dd9654ff81f6a0818e580ffa06ec6b369c94726f5ff8cdd817b499b647d6c18	plantpersulf/0.0.0
G4N236	v6	https://alphafold.ebi.ac.uk/files/AF-G4N236-F1-model_v6.pdb	../raw/alphafold/AF-G4N236-F1-model.pdb	2026-07-23T03:29:40.334873+00:00	371870	30f4cb08cea24f1295d4d510dbca0e2216404623f530aa92713fb0723eed7dd6	plantpersulf/0.0.0
G4N2A0	v6	https://alphafold.ebi.ac.uk/files/AF-G4N2A0-F1-model_v6.pdb	../raw/alphafold/AF-G4N2A0-F1-model.pdb	2026-07-23T03:29:43.804958+00:00	484541	7a3413485c901000886ceb34efbe4e1c4a160e6bdafbcf9f07c8508d0c546565	plantpersulf/0.0.0
G4N2A5	v6	https://alphafold.ebi.ac.uk/files/AF-G4N2A5-F1-model_v6.pdb	../raw/alphafold/AF-G4N2A5-F1-model.pdb	2026-07-23T03:29:46.966207+00:00	287873	17c74772d66c0f88d36ab349bfcdf0792756837e79110af68c3f9129c8a30d79	plantpersulf/0.0.0
G4N2B5	v6	https://alphafold.ebi.ac.uk/files/AF-G4N2B5-F1-model_v6.pdb	../raw/alphafold/AF-G4N2B5-F1-model.pdb	2026-07-23T03:29:50.791770+00:00	1076246	f5735988feab3753bb53b84fb7b1dfab1e8cc391c5a7bf2f5184dfebb5d7772e	plantpersulf/0.0.0
G4N2B8	v6	https://alphafold.ebi.ac.uk/files/AF-G4N2B8-F1-model_v6.pdb	../raw/alphafold/AF-G4N2B8-F1-model.pdb	2026-07-23T03:29:54.323918+00:00	510542	4772287d3d72f00f67b7b747fc5ce39f78a8db006592d90e625970ae67cd9399	plantpersulf/0.0.0
G4N2C1	v6	https://alphafold.ebi.ac.uk/files/AF-G4N2C1-F1-model_v6.pdb	../raw/alphafold/AF-G4N2C1-F1-model.pdb	2026-07-23T03:29:57.585008+00:00	215054	fbd28bcd7ff0a04fdab0a8615842d69a781e3e7c8fa5ae69f27f0884933cff41	plantpersulf/0.0.0
G4N2F5	v6	https://alphafold.ebi.ac.uk/files/AF-G4N2F5-F1-model_v6.pdb	../raw/alphafold/AF-G4N2F5-F1-model.pdb	2026-07-23T03:30:00.577195+00:00	205253	901058b0f1d2ce0ea2a99467c6bfc6449454f1c4d13ddc7a594e1f04e2bc15d7	plantpersulf/0.0.0
G4N2G2	v6	https://alphafold.ebi.ac.uk/files/AF-G4N2G2-F1-model_v6.pdb	../raw/alphafold/AF-G4N2G2-F1-model.pdb	2026-07-23T03:30:03.243632+00:00	81647	6ddee9518572851b13f7581b17ade60774bf4e1f122c0a8a458f327a0b5e21a0	plantpersulf/0.0.0
G4N2G9	v6	https://alphafold.ebi.ac.uk/files/AF-G4N2G9-F1-model_v6.pdb	../raw/alphafold/AF-G4N2G9-F1-model.pdb	2026-07-23T03:30:06.481143+00:00	192941	d69812187703f5ed5273d137f3028f90b6c82281c58a1a24be29e0fba0bd476d	plantpersulf/0.0.0
G4N2H1	v6	https://alphafold.ebi.ac.uk/files/AF-G4N2H1-F1-model_v6.pdb	../raw/alphafold/AF-G4N2H1-F1-model.pdb	2026-07-23T03:30:09.713406+00:00	250127	b801e01abb784a483fc071647efd8ada5f0a948347fc5ff1495cdd8195d2ec31	plantpersulf/0.0.0
G4N2H2	v6	https://alphafold.ebi.ac.uk/files/AF-G4N2H2-F1-model_v6.pdb	../raw/alphafold/AF-G4N2H2-F1-model.pdb	2026-07-23T03:30:13.054973+00:00	230282	e91e11641f812ee4cb4e31446596bbacc4793d519a375cfcf06eed51c54593fd	plantpersulf/0.0.0
G4N2H3	v6	https://alphafold.ebi.ac.uk/files/AF-G4N2H3-F1-model_v6.pdb	../raw/alphafold/AF-G4N2H3-F1-model.pdb	2026-07-23T03:30:15.954378+00:00	165239	897c23004baf759f215d3a3598595483dfe85c758fb22684458c4ba7683280e4	plantpersulf/0.0.0
G4N2H4	v6	https://alphafold.ebi.ac.uk/files/AF-G4N2H4-F1-model_v6.pdb	../raw/alphafold/AF-G4N2H4-F1-model.pdb	2026-07-23T03:30:19.062771+00:00	207845	2eaa3a749d1ed00ac669603883ecae82fa69102fb31897d3cbad1ec88e41e1f8	plantpersulf/0.0.0
G4N2M3	v6	https://alphafold.ebi.ac.uk/files/AF-G4N2M3-F1-model_v6.pdb	../raw/alphafold/AF-G4N2M3-F1-model.pdb	2026-07-23T03:30:23.047961+00:00	216512	27c7116946022e66ba97722d32b90b3707f6fbb2b9145d4ee70d3bf993362b4b	plantpersulf/0.0.0
G4N2N4	v6	https://alphafold.ebi.ac.uk/files/AF-G4N2N4-F1-model_v6.pdb	../raw/alphafold/AF-G4N2N4-F1-model.pdb	2026-07-23T03:30:27.361646+00:00	212948	fd5904d7c644418b96eb2a56206a59e456416c83436410f13c050183920a173f	plantpersulf/0.0.0
G4N2N5	v6	https://alphafold.ebi.ac.uk/files/AF-G4N2N5-F1-model_v6.pdb	../raw/alphafold/AF-G4N2N5-F1-model.pdb	2026-07-23T03:30:30.463008+00:00	220967	51a649942aa078cc0f31d33078aa5e47d9402dccef22e7437be7308a22b1538f	plantpersulf/0.0.0
G4N2N7	v6	https://alphafold.ebi.ac.uk/files/AF-G4N2N7-F1-model_v6.pdb	../raw/alphafold/AF-G4N2N7-F1-model.pdb	2026-07-23T03:30:33.596336+00:00	221210	201064ec81bbcb9b5ff5c7eaa360297c1e5cb467d846a84f6ceab7f5dbf6b07e	plantpersulf/0.0.0
G4N2Q4	v6	https://alphafold.ebi.ac.uk/files/AF-G4N2Q4-F1-model_v6.pdb	../raw/alphafold/AF-G4N2Q4-F1-model.pdb	2026-07-23T03:30:36.970877+00:00	324728	63940e61d124c760a3059201e90d59a1c11e7704a9a2e11fc9fc24e8f75df58b	plantpersulf/0.0.0
G4N2S6	v6	https://alphafold.ebi.ac.uk/files/AF-G4N2S6-F1-model_v6.pdb	../raw/alphafold/AF-G4N2S6-F1-model.pdb	2026-07-23T03:30:40.252202+00:00	220481	1562dde59a6cbe87b4ce66dbda745c6f15514030d550559f1fb6e6393a2f23cb	plantpersulf/0.0.0
G4N2V1	v6	https://alphafold.ebi.ac.uk/files/AF-G4N2V1-F1-model_v6.pdb	../raw/alphafold/AF-G4N2V1-F1-model.pdb	2026-07-23T03:30:43.177085+00:00	92663	ceaa9d42bd91e84cefccda8fadf9a92f22a0a4a6ee36a3cf7a6c7cf056ff51ce	plantpersulf/0.0.0
G4N2Y3	v6	https://alphafold.ebi.ac.uk/files/AF-G4N2Y3-F1-model_v6.pdb	../raw/alphafold/AF-G4N2Y3-F1-model.pdb	2026-07-23T03:30:46.428397+00:00	334367	5fcad93d62b163edc56fdfafced0bdfc8e5a4ba650520564c1736d5ed68ebc98	plantpersulf/0.0.0
G4N2Y7	v6	https://alphafold.ebi.ac.uk/files/AF-G4N2Y7-F1-model_v6.pdb	../raw/alphafold/AF-G4N2Y7-F1-model.pdb	2026-07-23T03:30:49.052506+00:00	363041	fbc9ffaddf2d79c1db09d8c099080cdd8befe41b43868bd4ee4675b4e59e7773	plantpersulf/0.0.0
G4N2Z0	v6	https://alphafold.ebi.ac.uk/files/AF-G4N2Z0-F1-model_v6.pdb	../raw/alphafold/AF-G4N2Z0-F1-model.pdb	2026-07-23T03:30:52.462301+00:00	204848	91cef3cfd122e86169872fbaa9057353bc14dc5b332c6e9be122bb3976aaa181	plantpersulf/0.0.0
G4N325	v6	https://alphafold.ebi.ac.uk/files/AF-G4N325-F1-model_v6.pdb	../raw/alphafold/AF-G4N325-F1-model.pdb	2026-07-23T03:30:55.633205+00:00	200312	4a8e2f6f8b7f22fcb32973dacbecbc5b4a39602407b67d6ed4f2f22398cd8294	plantpersulf/0.0.0
G4N340	v6	https://alphafold.ebi.ac.uk/files/AF-G4N340-F1-model_v6.pdb	../raw/alphafold/AF-G4N340-F1-model.pdb	2026-07-23T03:30:58.373978+00:00	69902	4b91879dc444106dd0964579ed9d83d0983a54ba895621420c4c7c83379fd246	plantpersulf/0.0.0
G4N349	v6	https://alphafold.ebi.ac.uk/files/AF-G4N349-F1-model_v6.pdb	../raw/alphafold/AF-G4N349-F1-model.pdb	2026-07-23T03:31:01.226762+00:00	87884	057c42e063df29f31ccfbaf70dda1540b715572690922ef49b26fa612f440769	plantpersulf/0.0.0
G4N371	v6	https://alphafold.ebi.ac.uk/files/AF-G4N371-F1-model_v6.pdb	../raw/alphafold/AF-G4N371-F1-model.pdb	2026-07-23T03:31:03.949316+00:00	62936	649b872120a4c7fba59c624ff3633f697ef2661a05ada0d0a039f56e4e9e01ba	plantpersulf/0.0.0
G4N374	v6	https://alphafold.ebi.ac.uk/files/AF-G4N374-F1-model_v6.pdb	../raw/alphafold/AF-G4N374-F1-model.pdb	2026-07-23T03:31:07.088713+00:00	274751	e8a47b6eb34d845ae7d20f8de0028f7d0ea90ae09a1dd47e4b4adc97ca290fbf	plantpersulf/0.0.0
G4N375	v6	https://alphafold.ebi.ac.uk/files/AF-G4N375-F1-model_v6.pdb	../raw/alphafold/AF-G4N375-F1-model.pdb	2026-07-23T03:31:10.200205+00:00	161513	b1cf3a9ce97ca023a0aa6a2739f19bc36b0c3c5ae3feda16a8b996d48cc99c51	plantpersulf/0.0.0
G4N395	v6	https://alphafold.ebi.ac.uk/files/AF-G4N395-F1-model_v6.pdb	../raw/alphafold/AF-G4N395-F1-model.pdb	2026-07-23T03:31:13.717488+00:00	406943	b6d9df606b3b3c75cc9152784b70d10d1477c5a847a82551631638392132c08c	plantpersulf/0.0.0
G4N3G9	v6	https://alphafold.ebi.ac.uk/files/AF-G4N3G9-F1-model_v6.pdb	../raw/alphafold/AF-G4N3G9-F1-model.pdb	2026-07-23T03:31:16.883698+00:00	263573	59e869ab2bb12997068023712a4428466cb8512dc6658900eb1e89a55b3206a0	plantpersulf/0.0.0
G4N3I0	v6	https://alphafold.ebi.ac.uk/files/AF-G4N3I0-F1-model_v6.pdb	../raw/alphafold/AF-G4N3I0-F1-model.pdb	2026-07-23T03:31:20.317732+00:00	407996	2f39657df98aab30e0496b1c020e9493ae07706318b97eaa81ec1e60ae89e3e5	plantpersulf/0.0.0
G4N3L2	v6	https://alphafold.ebi.ac.uk/files/AF-G4N3L2-F1-model_v6.pdb	../raw/alphafold/AF-G4N3L2-F1-model.pdb	2026-07-23T03:31:23.769205+00:00	655370	020e7159cf2680269062bf83a6b6f6d6ff2cbceb77283ef148e16b359e686189	plantpersulf/0.0.0
G4N3L9	v6	https://alphafold.ebi.ac.uk/files/AF-G4N3L9-F1-model_v6.pdb	../raw/alphafold/AF-G4N3L9-F1-model.pdb	2026-07-23T03:31:26.846763+00:00	167264	f36c63915bda08aa881ce30a28fb2ad9f2d79acbb96bc7c74f4a8bd27d39a57c	plantpersulf/0.0.0
G4N3M2	v6	https://alphafold.ebi.ac.uk/files/AF-G4N3M2-F1-model_v6.pdb	../raw/alphafold/AF-G4N3M2-F1-model.pdb	2026-07-23T03:31:30.045931+00:00	232307	61b1ead935b4e08442dfb359d683f5c40a65dc7b3441a76764aaf77d15c0d232	plantpersulf/0.0.0
G4N3Q6	v6	https://alphafold.ebi.ac.uk/files/AF-G4N3Q6-F1-model_v6.pdb	../raw/alphafold/AF-G4N3Q6-F1-model.pdb	2026-07-23T03:31:33.150756+00:00	203471	552c122f4ebe6382e287375e3e75073a0793c8fbf3df827e17953d6d6b9bf056	plantpersulf/0.0.0
G4N3R7	v6	https://alphafold.ebi.ac.uk/files/AF-G4N3R7-F1-model_v6.pdb	../raw/alphafold/AF-G4N3R7-F1-model.pdb	2026-07-23T03:31:36.678684+00:00	700730	f838419592f2d4b2d7ca800fa5b52c4f917bfb1b098839b3fc5d9ab61a66cb12	plantpersulf/0.0.0
G4N3T0	v6	https://alphafold.ebi.ac.uk/files/AF-G4N3T0-F1-model_v6.pdb	../raw/alphafold/AF-G4N3T0-F1-model.pdb	2026-07-23T03:31:39.997902+00:00	407186	22bb1e3ad274826b6651464d49a6604576b282a9f31f59ecf9f5fe615d2e7374	plantpersulf/0.0.0
G4N3T2	v6	https://alphafold.ebi.ac.uk/files/AF-G4N3T2-F1-model_v6.pdb	../raw/alphafold/AF-G4N3T2-F1-model.pdb	2026-07-23T03:31:43.217722+00:00	344978	3f87dba316c85a55b08431d767bed2cd5ff0495e89c8f879aa9c59a587f03688	plantpersulf/0.0.0
G4N3U6	v6	https://alphafold.ebi.ac.uk/files/AF-G4N3U6-F1-model_v6.pdb	../raw/alphafold/AF-G4N3U6-F1-model.pdb	2026-07-23T03:31:46.266000+00:00	180143	b3abe0e2f1211330d1b6f39fd59e20a0ee1c7413de3db21404e019b147ccb40a	plantpersulf/0.0.0
G4N3Y5	v6	https://alphafold.ebi.ac.uk/files/AF-G4N3Y5-F1-model_v6.pdb	../raw/alphafold/AF-G4N3Y5-F1-model.pdb	2026-07-23T03:31:49.477170+00:00	264302	9757500e4d4cec5755869f46f2e26fb2b26e9f61607ae44e00eb53c35296b219	plantpersulf/0.0.0
G4N3Z0	v6	https://alphafold.ebi.ac.uk/files/AF-G4N3Z0-F1-model_v6.pdb	../raw/alphafold/AF-G4N3Z0-F1-model.pdb	2026-07-23T03:31:52.651233+00:00	202823	ac622a41192ccca17dccbfa6c8a9cb5f9eb0ff1c9634f3eda17fb7011ea6307e	plantpersulf/0.0.0
G4N414	v6	https://alphafold.ebi.ac.uk/files/AF-G4N414-F1-model_v6.pdb	../raw/alphafold/AF-G4N414-F1-model.pdb	2026-07-23T03:31:55.853839+00:00	182330	33fb007879c1f0c3a204fb2fadc8a53d16b04df16733acf91c27dab8dd251c6a	plantpersulf/0.0.0
G4N449	v6	https://alphafold.ebi.ac.uk/files/AF-G4N449-F1-model_v6.pdb	../raw/alphafold/AF-G4N449-F1-model.pdb	2026-07-23T03:31:59.106060+00:00	294839	b553876d27c14afc7a4a34ae109bac9c51f4c5b979381e645a266f2887b4d247	plantpersulf/0.0.0
G4N483	v6	https://alphafold.ebi.ac.uk/files/AF-G4N483-F1-model_v6.pdb	../raw/alphafold/AF-G4N483-F1-model.pdb	2026-07-23T03:32:02.250052+00:00	276857	63f4083fb6382bed4a9c8a193ccd88db0f0234a678882d09079cc202941ab23f	plantpersulf/0.0.0
G4N485	v6	https://alphafold.ebi.ac.uk/files/AF-G4N485-F1-model_v6.pdb	../raw/alphafold/AF-G4N485-F1-model.pdb	2026-07-23T03:32:05.936475+00:00	426464	3ec6f6b6ba14940db8d3ca882bb63975e27ffe13b070c031e0f751510a0440b4	plantpersulf/0.0.0
G4N495	v6	https://alphafold.ebi.ac.uk/files/AF-G4N495-F1-model_v6.pdb	../raw/alphafold/AF-G4N495-F1-model.pdb	2026-07-23T03:32:08.726308+00:00	283499	f171708a1bec4de66af63cf9df33adc23816416661962708a39b7b80cc911ae4	plantpersulf/0.0.0
G4N4A8	v6	https://alphafold.ebi.ac.uk/files/AF-G4N4A8-F1-model_v6.pdb	../raw/alphafold/AF-G4N4A8-F1-model.pdb	2026-07-23T03:32:11.588788+00:00	116072	9117fb26ab9e7f549f30217b086159e5db4f8dd1307f22f92f74c49023f99115	plantpersulf/0.0.0
G4N4B9	v6	https://alphafold.ebi.ac.uk/files/AF-G4N4B9-F1-model_v6.pdb	../raw/alphafold/AF-G4N4B9-F1-model.pdb	2026-07-23T03:32:14.866315+00:00	420713	076aac2b29d2aaed6c4f5aeba7615dc74e095109a624b51e239373e5d8b973e8	plantpersulf/0.0.0
G4N4D0	v6	https://alphafold.ebi.ac.uk/files/AF-G4N4D0-F1-model_v6.pdb	../raw/alphafold/AF-G4N4D0-F1-model.pdb	2026-07-23T03:32:18.121045+00:00	322055	6e03f597722880be0258aaf7e852ddc1518dd6c4aa08a9af12ce1dcc84c33b8c	plantpersulf/0.0.0
G4N4G7	v6	https://alphafold.ebi.ac.uk/files/AF-G4N4G7-F1-model_v6.pdb	../raw/alphafold/AF-G4N4G7-F1-model.pdb	2026-07-23T03:32:21.220592+00:00	199826	63b735b8b5351bf3fb8ff6e8ee0a43b480584a781a64f1c07dd6c5a068aa5e3f	plantpersulf/0.0.0
G4N4J5	v6	https://alphafold.ebi.ac.uk/files/AF-G4N4J5-F1-model_v6.pdb	../raw/alphafold/AF-G4N4J5-F1-model.pdb	2026-07-23T03:32:24.791671+00:00	752813	3869ab9f02ed941e0dee8f293711dbff392403c566c267271e08db572e621dea	plantpersulf/0.0.0
G4N4K3	v6	https://alphafold.ebi.ac.uk/files/AF-G4N4K3-F1-model_v6.pdb	../raw/alphafold/AF-G4N4K3-F1-model.pdb	2026-07-23T03:32:28.075290+00:00	194885	ce0d09f71f63ae7b3a852da51092025dd8bf04942cfc0daf2d664a1a0f3a2053	plantpersulf/0.0.0
G4N4L4	v6	https://alphafold.ebi.ac.uk/files/AF-G4N4L4-F1-model_v6.pdb	../raw/alphafold/AF-G4N4L4-F1-model.pdb	2026-07-23T03:32:31.791482+00:00	746657	4b08fe2503d90b837ae7da536bd8c8b7df21dbc55bc560867b427d6b41c90cc4	plantpersulf/0.0.0
G4N4M6	v6	https://alphafold.ebi.ac.uk/files/AF-G4N4M6-F1-model_v6.pdb	../raw/alphafold/AF-G4N4M6-F1-model.pdb	2026-07-23T03:32:35.004084+00:00	254582	eb7837c305900a3c21aa8baabba759d070331015ea0f6c6359cb9237f07c74e5	plantpersulf/0.0.0
G4N4N5	v6	https://alphafold.ebi.ac.uk/files/AF-G4N4N5-F1-model_v6.pdb	../raw/alphafold/AF-G4N4N5-F1-model.pdb	2026-07-23T03:32:37.795710+00:00	83834	7c9dc5af187381092de465c4927bd2b97112d1602c94ab9af975a68cfb21dec7	plantpersulf/0.0.0
G4N4P6	v6	https://alphafold.ebi.ac.uk/files/AF-G4N4P6-F1-model_v6.pdb	../raw/alphafold/AF-G4N4P6-F1-model.pdb	2026-07-23T03:32:40.894457+00:00	191645	6b7de64a5e1ca676cf528072278e5e7ecea4ee14d21c569419fe19c52f244432	plantpersulf/0.0.0
G4N4P8	v6	https://alphafold.ebi.ac.uk/files/AF-G4N4P8-F1-model_v6.pdb	../raw/alphafold/AF-G4N4P8-F1-model.pdb	2026-07-23T03:32:44.201840+00:00	237896	df6254989e8f24754f6bfb42e926522f364748cd22057fab6dae51fcc321abca	plantpersulf/0.0.0
G4N4R0	v6	https://alphafold.ebi.ac.uk/files/AF-G4N4R0-F1-model_v6.pdb	../raw/alphafold/AF-G4N4R0-F1-model.pdb	2026-07-23T03:32:46.845120+00:00	137618	82eb975c4cd57082011c8cae8d75afdb7e0be3320ffde13c0c6848024119f6eb	plantpersulf/0.0.0
G4N4R7	v6	https://alphafold.ebi.ac.uk/files/AF-G4N4R7-F1-model_v6.pdb	../raw/alphafold/AF-G4N4R7-F1-model.pdb	2026-07-23T03:32:50.067295+00:00	284795	05c28d784d12d183644437f58dad00c9eed245c3dea348f60ec567b27bed98c9	plantpersulf/0.0.0
G4N4S2	v6	https://alphafold.ebi.ac.uk/files/AF-G4N4S2-F1-model_v6.pdb	../raw/alphafold/AF-G4N4S2-F1-model.pdb	2026-07-23T03:32:53.393448+00:00	200636	f64d083ba402f42a17699da504a54ee17927f3b68baeff6ffdc346d10ca0dbb4	plantpersulf/0.0.0
G4N4S8	v6	https://alphafold.ebi.ac.uk/files/AF-G4N4S8-F1-model_v6.pdb	../raw/alphafold/AF-G4N4S8-F1-model.pdb	2026-07-23T03:32:56.721672+00:00	351053	e0ae3185013a7e66ee5ec287e7ff22c9eb3fc93d5e6582efc69f05b3d1b36270	plantpersulf/0.0.0
G4N4T4	v6	https://alphafold.ebi.ac.uk/files/AF-G4N4T4-F1-model_v6.pdb	../raw/alphafold/AF-G4N4T4-F1-model.pdb	2026-07-23T03:33:00.265353+00:00	609362	b5bc2b0dcb2cdc58791ad591c14fab5f44d22f9f7ab68f7982af2669db1023d6	plantpersulf/0.0.0
G4N4T9	v6	https://alphafold.ebi.ac.uk/files/AF-G4N4T9-F1-model_v6.pdb	../raw/alphafold/AF-G4N4T9-F1-model.pdb	2026-07-23T03:33:02.911952+00:00	74357	720823928874b228df64831be9f51e9617f4ec34df05b65a366e97c083959594	plantpersulf/0.0.0
G4N4U1	v6	https://alphafold.ebi.ac.uk/files/AF-G4N4U1-F1-model_v6.pdb	../raw/alphafold/AF-G4N4U1-F1-model.pdb	2026-07-23T03:33:06.563270+00:00	300995	05880949d76c3c5c565f3dce7e7f100551168fff28e7ea60a28a2fb329da3679	plantpersulf/0.0.0
G4N4W8	v6	https://alphafold.ebi.ac.uk/files/AF-G4N4W8-F1-model_v6.pdb	../raw/alphafold/AF-G4N4W8-F1-model.pdb	2026-07-23T03:33:10.197036+00:00	660716	97f9e8e823d86d9ca95f62d5978152cbc8e0166810e428e2e123ccf8603a6b77	plantpersulf/0.0.0
G4N4X0	v6	https://alphafold.ebi.ac.uk/files/AF-G4N4X0-F1-model_v6.pdb	../raw/alphafold/AF-G4N4X0-F1-model.pdb	2026-07-23T03:33:13.769075+00:00	218618	3cdd934eb26853823c3c6d851c1238fb05d81373eeec7342b9fa17c7c8d6a557	plantpersulf/0.0.0
G4N4X9	v6	https://alphafold.ebi.ac.uk/files/AF-G4N4X9-F1-model_v6.pdb	../raw/alphafold/AF-G4N4X9-F1-model.pdb	2026-07-23T03:33:16.975391+00:00	361907	7bb59cc7e33044fe5002d82de22da388101c7698397969a14b3ab343c7ec8ec3	plantpersulf/0.0.0
G4N4Y6	v6	https://alphafold.ebi.ac.uk/files/AF-G4N4Y6-F1-model_v6.pdb	../raw/alphafold/AF-G4N4Y6-F1-model.pdb	2026-07-23T03:33:21.500384+00:00	443474	46b51a14126635be11e8e81123d12b54c11b0e38d8210e8b18e60f74b445c524	plantpersulf/0.0.0
G4N517	v6	https://alphafold.ebi.ac.uk/files/AF-G4N517-F1-model_v6.pdb	../raw/alphafold/AF-G4N517-F1-model.pdb	2026-07-23T03:33:25.212825+00:00	520505	a8d9393686f90f1da3a8abb988d507136b851a1f97bc453698937136dd99f94f	plantpersulf/0.0.0
G4N519	v6	https://alphafold.ebi.ac.uk/files/AF-G4N519-F1-model_v6.pdb	../raw/alphafold/AF-G4N519-F1-model.pdb	2026-07-23T03:33:28.252532+00:00	216917	32fd1b19027f96e30bf81e89e7032ab5082cf2714f39c78dcca06ccbf0428acb	plantpersulf/0.0.0
G4N521	v6	https://alphafold.ebi.ac.uk/files/AF-G4N521-F1-model_v6.pdb	../raw/alphafold/AF-G4N521-F1-model.pdb	2026-07-23T03:33:31.678366+00:00	451817	838b337805b2774fbcbe8e9962cdf7a89e5e445bc7a0793d423cfe3692a866d7	plantpersulf/0.0.0
G4N522	v6	https://alphafold.ebi.ac.uk/files/AF-G4N522-F1-model_v6.pdb	../raw/alphafold/AF-G4N522-F1-model.pdb	2026-07-23T03:33:34.925095+00:00	421037	7211f54bc8289704da074ae4230f9fb194fb2e2f94568dd8bee5952b21075939	plantpersulf/0.0.0
G4N528	v6	https://alphafold.ebi.ac.uk/files/AF-G4N528-F1-model_v6.pdb	../raw/alphafold/AF-G4N528-F1-model.pdb	2026-07-23T03:33:38.362079+00:00	224126	28266f6eaf37903c072d031c9d9ca08ffdfb368823d74ceab17cbe7208f36738	plantpersulf/0.0.0
G4N554	v6	https://alphafold.ebi.ac.uk/files/AF-G4N554-F1-model_v6.pdb	../raw/alphafold/AF-G4N554-F1-model.pdb	2026-07-23T03:33:41.952079+00:00	458864	f13e6b9ad97b403698920436b3cea85c75dfcb10d986c46913adc82904c304aa	plantpersulf/0.0.0
G4N562	v6	https://alphafold.ebi.ac.uk/files/AF-G4N562-F1-model_v6.pdb	../raw/alphafold/AF-G4N562-F1-model.pdb	2026-07-23T03:33:45.470668+00:00	428246	ebd45fedd063da443adb329e4571a9d931542d9abdab2d74e6cc6f1fefedc9c5	plantpersulf/0.0.0
G4N564	v6	https://alphafold.ebi.ac.uk/files/AF-G4N564-F1-model_v6.pdb	../raw/alphafold/AF-G4N564-F1-model.pdb	2026-07-23T03:33:48.676464+00:00	250127	fda1c18e09f6a31d475b01ac12a027c8a0a87da53c6c1d204ce2f371cfd2f33c	plantpersulf/0.0.0
G4N574	v6	https://alphafold.ebi.ac.uk/files/AF-G4N574-F1-model_v6.pdb	../raw/alphafold/AF-G4N574-F1-model.pdb	2026-07-23T03:33:51.942390+00:00	216593	ceb0911534a57356209a481cad304ce6232530bccb5c050da159dca38868332e	plantpersulf/0.0.0
G4N577	v6	https://alphafold.ebi.ac.uk/files/AF-G4N577-F1-model_v6.pdb	../raw/alphafold/AF-G4N577-F1-model.pdb	2026-07-23T03:33:55.652261+00:00	554363	c68249f8e7b65fd3a8529e7f393f4c740f121879102e6455f647b8aa3dda6551	plantpersulf/0.0.0
G4N585	v6	https://alphafold.ebi.ac.uk/files/AF-G4N585-F1-model_v6.pdb	../raw/alphafold/AF-G4N585-F1-model.pdb	2026-07-23T03:33:58.727403+00:00	180791	09a6e40f187083b0793246f24419bae8b14dc74266c1636c0420e86c27629560	plantpersulf/0.0.0
G4N588	v6	https://alphafold.ebi.ac.uk/files/AF-G4N588-F1-model_v6.pdb	../raw/alphafold/AF-G4N588-F1-model.pdb	2026-07-23T03:34:01.877928+00:00	197072	07f6614313b691b2bd8e820dfdc1dbfabe2dc78ca95a046b30b98b3686af8624	plantpersulf/0.0.0
G4N589	v6	https://alphafold.ebi.ac.uk/files/AF-G4N589-F1-model_v6.pdb	../raw/alphafold/AF-G4N589-F1-model.pdb	2026-07-23T03:34:05.001274+00:00	197396	ad1c1efa0c683620fdec786a955464ee3fee6f519a7ffc2eaf37bffefe5accda	plantpersulf/0.0.0
G4N596	v6	https://alphafold.ebi.ac.uk/files/AF-G4N596-F1-model_v6.pdb	../raw/alphafold/AF-G4N596-F1-model.pdb	2026-07-23T03:34:08.142209+00:00	142721	1b10d9da17e3c1591c122f481108d10d7ea0fd58b10f3a9f943d3296780a66a7	plantpersulf/0.0.0
G4N5A0	v6	https://alphafold.ebi.ac.uk/files/AF-G4N5A0-F1-model_v6.pdb	../raw/alphafold/AF-G4N5A0-F1-model.pdb	2026-07-23T03:34:11.489990+00:00	218618	be737a36f07491a2d9caf28e5798cff90f509739f6a8bb7c18a1ee929055c123	plantpersulf/0.0.0
G4N5A5	v6	https://alphafold.ebi.ac.uk/files/AF-G4N5A5-F1-model_v6.pdb	../raw/alphafold/AF-G4N5A5-F1-model.pdb	2026-07-23T03:34:14.672909+00:00	228743	dc3455c7f699e6292472d19fe4e61fae25ce641335b1eae82dff64b38b859bcd	plantpersulf/0.0.0
G4N5A7	v6	https://alphafold.ebi.ac.uk/files/AF-G4N5A7-F1-model_v6.pdb	../raw/alphafold/AF-G4N5A7-F1-model.pdb	2026-07-23T03:34:18.312438+00:00	774116	3391c567bf9b42889acf0389d8bc9740798e1d735c43046d571ef450685a6852	plantpersulf/0.0.0
G4N5B0	v6	https://alphafold.ebi.ac.uk/files/AF-G4N5B0-F1-model_v6.pdb	../raw/alphafold/AF-G4N5B0-F1-model.pdb	2026-07-23T03:34:21.457493+00:00	226232	1a244dbd15db39ea1886619235332b12d591a896135b3f752244730160f1e7f3	plantpersulf/0.0.0
G4N5B7	v6	https://alphafold.ebi.ac.uk/files/AF-G4N5B7-F1-model_v6.pdb	../raw/alphafold/AF-G4N5B7-F1-model.pdb	2026-07-23T03:34:24.947981+00:00	488186	bb4e54439431ab71cad79f58607773cbe46fbf8e6d2fc978d70d603b647aa739	plantpersulf/0.0.0
G4N5C0	v6	https://alphafold.ebi.ac.uk/files/AF-G4N5C0-F1-model_v6.pdb	../raw/alphafold/AF-G4N5C0-F1-model.pdb	2026-07-23T03:34:27.520953+00:00	194561	d22ea9d20a4b0df77f99dac3147d2cca79e58e632b5ba69861441888d458c306	plantpersulf/0.0.0
G4N5C7	v6	https://alphafold.ebi.ac.uk/files/AF-G4N5C7-F1-model_v6.pdb	../raw/alphafold/AF-G4N5C7-F1-model.pdb	2026-07-23T03:34:30.531427+00:00	170099	366d2cf85a13cc195a70d1087fc23c9708168efb7d2d99a910f297a34059b37a	plantpersulf/0.0.0
G4N5E0	v6	https://alphafold.ebi.ac.uk/files/AF-G4N5E0-F1-model_v6.pdb	../raw/alphafold/AF-G4N5E0-F1-model.pdb	2026-07-23T03:34:34.015241+00:00	678941	524828e861d97beff306c27c25270f0474a3e8ecf8ba714372aa7ab4284681d7	plantpersulf/0.0.0
G4N5E5	v6	https://alphafold.ebi.ac.uk/files/AF-G4N5E5-F1-model_v6.pdb	../raw/alphafold/AF-G4N5E5-F1-model.pdb	2026-07-23T03:34:37.034070+00:00	145070	f445f8cb9a2c19573636a34bbd447bf82df4f7d1ff71c13a8a4ea5f3ed8ff38b	plantpersulf/0.0.0
G4N5F1	v6	https://alphafold.ebi.ac.uk/files/AF-G4N5F1-F1-model_v6.pdb	../raw/alphafold/AF-G4N5F1-F1-model.pdb	2026-07-23T03:34:39.837243+00:00	356399	6450c222ecd36bfadbb86b930bf9a3531a1197a5f328f5e905bb875f999e3603	plantpersulf/0.0.0
G4N5H5	v6	https://alphafold.ebi.ac.uk/files/AF-G4N5H5-F1-model_v6.pdb	../raw/alphafold/AF-G4N5H5-F1-model.pdb	2026-07-23T03:34:43.218784+00:00	409940	13c00e9e8eff264000427a317c2dde8cdb3a37f2f40647d884486a09e05c26f2	plantpersulf/0.0.0
G4N5H8	v6	https://alphafold.ebi.ac.uk/files/AF-G4N5H8-F1-model_v6.pdb	../raw/alphafold/AF-G4N5H8-F1-model.pdb	2026-07-23T03:34:46.418036+00:00	223802	6ce8f0c1166f16161a75aecc01a1ca0ce76d5fdea9a66dde5e0d2b61a4fc9fb1	plantpersulf/0.0.0
G4N5K9	v6	https://alphafold.ebi.ac.uk/files/AF-G4N5K9-F1-model_v6.pdb	../raw/alphafold/AF-G4N5K9-F1-model.pdb	2026-07-23T03:34:49.940126+00:00	480815	bba389a48cc612f4cec26c7ed8c05c2d14e1652beddcd75b20b4ea0e5e876fcc	plantpersulf/0.0.0
G4N5L3	v6	https://alphafold.ebi.ac.uk/files/AF-G4N5L3-F1-model_v6.pdb	../raw/alphafold/AF-G4N5L3-F1-model.pdb	2026-07-23T03:34:53.159989+00:00	341414	3fb615cc9e764022c30ea62fb1d060f5a5b9d00c00c5c3352107b9537452a1f4	plantpersulf/0.0.0
G4N5L7	v6	https://alphafold.ebi.ac.uk/files/AF-G4N5L7-F1-model_v6.pdb	../raw/alphafold/AF-G4N5L7-F1-model.pdb	2026-07-23T03:34:56.180872+00:00	205415	3856bee06ae47e162b555f3f491fb1d962d52b69926de0b40201682fcaeb08d8	plantpersulf/0.0.0
G4N5M6	v6	https://alphafold.ebi.ac.uk/files/AF-G4N5M6-F1-model_v6.pdb	../raw/alphafold/AF-G4N5M6-F1-model.pdb	2026-07-23T03:34:59.822903+00:00	675215	3789c07dc5e9a96e6285fa239300d111d6e39d4c46caff3c4ae13b547e395d90	plantpersulf/0.0.0
G4N5P6	v6	https://alphafold.ebi.ac.uk/files/AF-G4N5P6-F1-model_v6.pdb	../raw/alphafold/AF-G4N5P6-F1-model.pdb	2026-07-23T03:35:03.010572+00:00	193022	f7e5a7643e4b04206eea43ffff85ca1db470a304e470d57a406c27fbf4ddc580	plantpersulf/0.0.0
G4N5P8	v6	https://alphafold.ebi.ac.uk/files/AF-G4N5P8-F1-model_v6.pdb	../raw/alphafold/AF-G4N5P8-F1-model.pdb	2026-07-23T03:35:06.129253+00:00	321326	f693543b465eefc52981d56a320fbf4e0e486c53ad77dffe13c11a014923f31c	plantpersulf/0.0.0
G4N5R3	v6	https://alphafold.ebi.ac.uk/files/AF-G4N5R3-F1-model_v6.pdb	../raw/alphafold/AF-G4N5R3-F1-model.pdb	2026-07-23T03:35:09.277621+00:00	370088	640f866ab496c5474a491c9f009da142d9710f8d4d9b6d918ab655a08ee599ee	plantpersulf/0.0.0
G4N5R7	v6	https://alphafold.ebi.ac.uk/files/AF-G4N5R7-F1-model_v6.pdb	../raw/alphafold/AF-G4N5R7-F1-model.pdb	2026-07-23T03:35:13.007314+00:00	614627	ffb3d46c821af35062b0a24dff39ac5163d70640bebd278a4de2212ec663724e	plantpersulf/0.0.0
G4N5X6	v6	https://alphafold.ebi.ac.uk/files/AF-G4N5X6-F1-model_v6.pdb	../raw/alphafold/AF-G4N5X6-F1-model.pdb	2026-07-23T03:35:15.969474+00:00	348218	650c94dd06a89bfa816a576848488ba26c1f5ddca25574b5d30aa0b51f60c9a4	plantpersulf/0.0.0
G4N5Y7	v6	https://alphafold.ebi.ac.uk/files/AF-G4N5Y7-F1-model_v6.pdb	../raw/alphafold/AF-G4N5Y7-F1-model.pdb	2026-07-23T03:35:18.975027+00:00	232469	c817b402086976402d991aed90f429c2d94d18ab632e2e9ba3f286b8badf64b3	plantpersulf/0.0.0
G4N5Z2	v6	https://alphafold.ebi.ac.uk/files/AF-G4N5Z2-F1-model_v6.pdb	../raw/alphafold/AF-G4N5Z2-F1-model.pdb	2026-07-23T03:35:22.333327+00:00	302372	cf393b80b202c807e6f9dc9721e5d03e74add2d04f9b4bb01fd8b961d5931985	plantpersulf/0.0.0
G4N604	v6	https://alphafold.ebi.ac.uk/files/AF-G4N604-F1-model_v6.pdb	../raw/alphafold/AF-G4N604-F1-model.pdb	2026-07-23T03:35:25.740321+00:00	499850	2f00e42c5d9b041662e04c12c6a281dd06fc824bd4d54c905eb8aa34ca08f98e	plantpersulf/0.0.0
G4N625	v6	https://alphafold.ebi.ac.uk/files/AF-G4N625-F1-model_v6.pdb	../raw/alphafold/AF-G4N625-F1-model.pdb	2026-07-23T03:35:28.996219+00:00	339632	28e00f96514686bbcb45ae3af72b800a7c15f998bf8588b423463b01ea3d0d56	plantpersulf/0.0.0
G4N632	v6	https://alphafold.ebi.ac.uk/files/AF-G4N632-F1-model_v6.pdb	../raw/alphafold/AF-G4N632-F1-model.pdb	2026-07-23T03:35:32.772780+00:00	670679	6ed9bb9ff6bbce67a7b601739134f1f538a637ba58c1ba56057d2a95e2981ad2	plantpersulf/0.0.0
G4N640	v6	https://alphafold.ebi.ac.uk/files/AF-G4N640-F1-model_v6.pdb	../raw/alphafold/AF-G4N640-F1-model.pdb	2026-07-23T03:35:36.067304+00:00	379079	21e25f42b9654169e3dfccd21368f56eddfba126addc2cd88e2db95590283d75	plantpersulf/0.0.0
G4N647	v6	https://alphafold.ebi.ac.uk/files/AF-G4N647-F1-model_v6.pdb	../raw/alphafold/AF-G4N647-F1-model.pdb	2026-07-23T03:35:39.366211+00:00	250046	622c770ebfbd1c26755afeb76548a5bd57e5c3a8d0be45c58be1d98764a5fce5	plantpersulf/0.0.0
G4N676	v6	https://alphafold.ebi.ac.uk/files/AF-G4N676-F1-model_v6.pdb	../raw/alphafold/AF-G4N676-F1-model.pdb	2026-07-23T03:35:42.731042+00:00	372518	1895fc046ecd51e7edc5c1893826f405259e0bade845c7e57727177082cca3f2	plantpersulf/0.0.0
G4N684	v6	https://alphafold.ebi.ac.uk/files/AF-G4N684-F1-model_v6.pdb	../raw/alphafold/AF-G4N684-F1-model.pdb	2026-07-23T03:35:45.741096+00:00	206792	ab954b48a1534de32216fbf2942c64ee0779ccb8e70699a805b9278cc63a5816	plantpersulf/0.0.0
G4N688	v6	https://alphafold.ebi.ac.uk/files/AF-G4N688-F1-model_v6.pdb	../raw/alphafold/AF-G4N688-F1-model.pdb	2026-07-23T03:35:49.191437+00:00	419660	21e0bf4496f2f8af7470baf1a49d31fbb857f9e5f81e5d8db250b78881eb7f74	plantpersulf/0.0.0
G4N695	v6	https://alphafold.ebi.ac.uk/files/AF-G4N695-F1-model_v6.pdb	../raw/alphafold/AF-G4N695-F1-model.pdb	2026-07-23T03:35:52.360067+00:00	270458	d5c6574c4b99e29d83bfeb530a7a719db32e808d379b2dbf08db6773a1780ccf	plantpersulf/0.0.0
G4N6A6	v6	https://alphafold.ebi.ac.uk/files/AF-G4N6A6-F1-model_v6.pdb	../raw/alphafold/AF-G4N6A6-F1-model.pdb	2026-07-23T03:35:55.466662+00:00	251828	c453d1d9a7f56e5e0c6c6010b8cea5bbaf3f48b718f121047df8c52a5424e77c	plantpersulf/0.0.0
G4N6C5	v6	https://alphafold.ebi.ac.uk/files/AF-G4N6C5-F1-model_v6.pdb	../raw/alphafold/AF-G4N6C5-F1-model.pdb	2026-07-23T03:35:58.199695+00:00	61559	424d933bc75413f4001d0bef4e070f6104538dea935ea9ecd6bf175d631111c6	plantpersulf/0.0.0
G4N6C7	v6	https://alphafold.ebi.ac.uk/files/AF-G4N6C7-F1-model_v6.pdb	../raw/alphafold/AF-G4N6C7-F1-model.pdb	2026-07-23T03:36:01.645143+00:00	653426	422fca4dd26dc33e7441c72c99768c7bb7c31242a8de0542e1f3b209f96a7e42	plantpersulf/0.0.0
G4N6D0	v6	https://alphafold.ebi.ac.uk/files/AF-G4N6D0-F1-model_v6.pdb	../raw/alphafold/AF-G4N6D0-F1-model.pdb	2026-07-23T03:36:05.019970+00:00	364256	9add0e82929d3a96978eb5bf6d96449c10564bb06fd409569470762ff05718fd	plantpersulf/0.0.0
G4N6E2	v6	https://alphafold.ebi.ac.uk/files/AF-G4N6E2-F1-model_v6.pdb	../raw/alphafold/AF-G4N6E2-F1-model.pdb	2026-07-23T03:36:08.147288+00:00	168398	9af9cc47eb8636fc05ab334275de2c837c28a6bd67ea37b5b18af0bae6aefe13	plantpersulf/0.0.0
G4N6F6	v6	https://alphafold.ebi.ac.uk/files/AF-G4N6F6-F1-model_v6.pdb	../raw/alphafold/AF-G4N6F6-F1-model.pdb	2026-07-23T03:36:11.955336+00:00	77192	f8f9ac053f7493702af9fa78f92147359bb551569b68a2d7d0d18c51124e5a9f	plantpersulf/0.0.0
G4N6F7	v6	https://alphafold.ebi.ac.uk/files/AF-G4N6F7-F1-model_v6.pdb	../raw/alphafold/AF-G4N6F7-F1-model.pdb	2026-07-23T03:36:15.127553+00:00	195614	fa9e9363ce406e33981577738c97125e976d6b7191744b71a67bdd1d0e571f2a	plantpersulf/0.0.0
G4N6G1	v6	https://alphafold.ebi.ac.uk/files/AF-G4N6G1-F1-model_v6.pdb	../raw/alphafold/AF-G4N6G1-F1-model.pdb	2026-07-23T03:36:18.029732+00:00	390824	7e08b2e90016f53cb4a1cec922e63e3eb08abd02d87e2d26253265d08d7a5012	plantpersulf/0.0.0
G4N6G3	v6	https://alphafold.ebi.ac.uk/files/AF-G4N6G3-F1-model_v6.pdb	../raw/alphafold/AF-G4N6G3-F1-model.pdb	2026-07-23T03:36:21.125481+00:00	118583	9ffbfe53700e7c03b85548ef8ec863e53512ca08b49626ada90d790c5ed52283	plantpersulf/0.0.0
G4N6J4	v6	https://alphafold.ebi.ac.uk/files/AF-G4N6J4-F1-model_v6.pdb	../raw/alphafold/AF-G4N6J4-F1-model.pdb	2026-07-23T03:36:24.249602+00:00	359558	386efb368966cf18b23e267591add3ebe518935c287377fca100bd5ee7e1097e	plantpersulf/0.0.0
G4N6K7	v6	https://alphafold.ebi.ac.uk/files/AF-G4N6K7-F1-model_v6.pdb	../raw/alphafold/AF-G4N6K7-F1-model.pdb	2026-07-23T03:36:27.425888+00:00	229553	75a75b33de70b1db07e1bbc3d3b188927f5f15bbdc5c6b6624ed169606d9d858	plantpersulf/0.0.0
G4N6M6	v6	https://alphafold.ebi.ac.uk/files/AF-G4N6M6-F1-model_v6.pdb	../raw/alphafold/AF-G4N6M6-F1-model.pdb	2026-07-23T03:36:29.900211+00:00	445580	8509b55b72d67079ff8ef70683179195bc11804d79b4c45a0e5196f34b20d4d8	plantpersulf/0.0.0
G4N6M9	v6	https://alphafold.ebi.ac.uk/files/AF-G4N6M9-F1-model_v6.pdb	../raw/alphafold/AF-G4N6M9-F1-model.pdb	2026-07-23T03:36:33.365925+00:00	260171	e109f5528760d3321ff984e04f79e691bbf36e8f92d2ff24af2a747754e169f5	plantpersulf/0.0.0
G4N6N9	v6	https://alphafold.ebi.ac.uk/files/AF-G4N6N9-F1-model_v6.pdb	../raw/alphafold/AF-G4N6N9-F1-model.pdb	2026-07-23T03:36:36.741418+00:00	295973	4bd7efc35fb9aa3c4b7c1acc96c9c3970f5665c7f696a7522b991217e9039f88	plantpersulf/0.0.0
G4N6P6	v6	https://alphafold.ebi.ac.uk/files/AF-G4N6P6-F1-model_v6.pdb	../raw/alphafold/AF-G4N6P6-F1-model.pdb	2026-07-23T03:36:39.435398+00:00	333233	2bb89c3697fe6deeca16983d103b99f1d119c4c9f0f0444bf5d578acc438d66f	plantpersulf/0.0.0
G4N6R8	v6	https://alphafold.ebi.ac.uk/files/AF-G4N6R8-F1-model_v6.pdb	../raw/alphafold/AF-G4N6R8-F1-model.pdb	2026-07-23T03:36:42.524589+00:00	219428	186431366ea554276036ea1f909e1085a7497ba2431128cddb6ed3e0124dee79	plantpersulf/0.0.0
G4N6T2	v6	https://alphafold.ebi.ac.uk/files/AF-G4N6T2-F1-model_v6.pdb	../raw/alphafold/AF-G4N6T2-F1-model.pdb	2026-07-23T03:36:45.941338+00:00	554525	4a3ba1dec7c377b088a7cba0c06fdc2409ddc6c82a2febcfed6ad200fb0fbe5e	plantpersulf/0.0.0
G4N6T3	v6	https://alphafold.ebi.ac.uk/files/AF-G4N6T3-F1-model_v6.pdb	../raw/alphafold/AF-G4N6T3-F1-model.pdb	2026-07-23T03:36:49.321600+00:00	395441	78152ffe2d6b7e1a083ed9679393371cbd8131353fa0197de3df9f08c4a64a01	plantpersulf/0.0.0
G4N6U0	v6	https://alphafold.ebi.ac.uk/files/AF-G4N6U0-F1-model_v6.pdb	../raw/alphafold/AF-G4N6U0-F1-model.pdb	2026-07-23T03:36:52.656515+00:00	317762	746cf811726bc1711b194c188610de5bffd48024b0dfd6b73120f73fd931dce8	plantpersulf/0.0.0
G4N6U8	v6	https://alphafold.ebi.ac.uk/files/AF-G4N6U8-F1-model_v6.pdb	../raw/alphafold/AF-G4N6U8-F1-model.pdb	2026-07-23T03:36:55.505058+00:00	154790	49429b270ddbd3b8a93cf26737e5eb8a1a01ebede34bbca28641870413f5a106	plantpersulf/0.0.0
G4N6V0	v6	https://alphafold.ebi.ac.uk/files/AF-G4N6V0-F1-model_v6.pdb	../raw/alphafold/AF-G4N6V0-F1-model.pdb	2026-07-23T03:36:58.745223+00:00	300428	093612c871c48d2e97ca46aae89b24a3ab10b696dd2da0533b8fd559ff408d9b	plantpersulf/0.0.0
G4N6V5	v6	https://alphafold.ebi.ac.uk/files/AF-G4N6V5-F1-model_v6.pdb	../raw/alphafold/AF-G4N6V5-F1-model.pdb	2026-07-23T03:37:01.996231+00:00	361421	0eaf97dc40485775f884f782e887ed877df99fee67c17209a48101a02c1e8903	plantpersulf/0.0.0
G4N6X2	v6	https://alphafold.ebi.ac.uk/files/AF-G4N6X2-F1-model_v6.pdb	../raw/alphafold/AF-G4N6X2-F1-model.pdb	2026-07-23T03:37:05.293589+00:00	317438	c9b0e6eb0f890dc91b39b77399af339fc022f501808f2131bf61c0b7f2af9239	plantpersulf/0.0.0
G4N6X3	v6	https://alphafold.ebi.ac.uk/files/AF-G4N6X3-F1-model_v6.pdb	../raw/alphafold/AF-G4N6X3-F1-model.pdb	2026-07-23T03:37:07.906411+00:00	313226	7758d9f845d4c0ade487cd9e8d5274a69bbda542935cd34fc8d3644a8fffa11c	plantpersulf/0.0.0
G4N6X9	v6	https://alphafold.ebi.ac.uk/files/AF-G4N6X9-F1-model_v6.pdb	../raw/alphafold/AF-G4N6X9-F1-model.pdb	2026-07-23T03:37:10.951586+00:00	200960	fc85f8dacffc05d6f2ef26ce173d4599f72e9ddd2422d781e55b2e8065402061	plantpersulf/0.0.0
G4N6Y1	v6	https://alphafold.ebi.ac.uk/files/AF-G4N6Y1-F1-model_v6.pdb	../raw/alphafold/AF-G4N6Y1-F1-model.pdb	2026-07-23T03:37:14.636955+00:00	797120	7a96d0c265087870ef1e136d31c75d28c959fe9232f2cf5b274d3c775297a23c	plantpersulf/0.0.0
G4N6Z6	v6	https://alphafold.ebi.ac.uk/files/AF-G4N6Z6-F1-model_v6.pdb	../raw/alphafold/AF-G4N6Z6-F1-model.pdb	2026-07-23T03:37:18.032329+00:00	328373	817a83a961735152fa0857874ef13dc438732477268025e9327ec7de07e2b3c1	plantpersulf/0.0.0
G4N700	v6	https://alphafold.ebi.ac.uk/files/AF-G4N700-F1-model_v6.pdb	../raw/alphafold/AF-G4N700-F1-model.pdb	2026-07-23T03:37:20.998316+00:00	96470	eaa7eebd2de0218f62512681e6ce3b1f2d769a95f91d46cf9c28b901478ec09c	plantpersulf/0.0.0
G4N711	v6	https://alphafold.ebi.ac.uk/files/AF-G4N711-F1-model_v6.pdb	../raw/alphafold/AF-G4N711-F1-model.pdb	2026-07-23T03:37:23.805955+00:00	316628	3f279c262656123e64ef0616f7f8d9af1efda84e6a00d04fe8f18f4f02885e5e	plantpersulf/0.0.0
G4N712	v6	https://alphafold.ebi.ac.uk/files/AF-G4N712-F1-model_v6.pdb	../raw/alphafold/AF-G4N712-F1-model.pdb	2026-07-23T03:37:27.263042+00:00	316304	ed214c632d057872c674c8cb0ba033ad48b73011b2c99daf758044b53038736e	plantpersulf/0.0.0
G4N714	v6	https://alphafold.ebi.ac.uk/files/AF-G4N714-F1-model_v6.pdb	../raw/alphafold/AF-G4N714-F1-model.pdb	2026-07-23T03:37:31.009531+00:00	784565	06ade7e448ce1ef484f96705d34b25df3ecfa8e1094848465d0cda54f44f33d6	plantpersulf/0.0.0
G4N716	v6	https://alphafold.ebi.ac.uk/files/AF-G4N716-F1-model_v6.pdb	../raw/alphafold/AF-G4N716-F1-model.pdb	2026-07-23T03:37:34.290195+00:00	299213	7e4b63bb6053e39b109e5c6658dc34545d820c793fcf56991fd7b034649bd89d	plantpersulf/0.0.0
G4N727	v6	https://alphafold.ebi.ac.uk/files/AF-G4N727-F1-model_v6.pdb	../raw/alphafold/AF-G4N727-F1-model.pdb	2026-07-23T03:37:37.455919+00:00	293948	72b5142e54c1175d7fd296546b63fd344d745c305385fc64d4d2314507f45e89	plantpersulf/0.0.0
G4N741	v6	https://alphafold.ebi.ac.uk/files/AF-G4N741-F1-model_v6.pdb	../raw/alphafold/AF-G4N741-F1-model.pdb	2026-07-23T03:37:40.805111+00:00	389042	b55eb95c251c197736fdb0473fae62337cb7459f5d6519830ab39de23981710b	plantpersulf/0.0.0
G4N746	v6	https://alphafold.ebi.ac.uk/files/AF-G4N746-F1-model_v6.pdb	../raw/alphafold/AF-G4N746-F1-model.pdb	2026-07-23T03:37:44.371884+00:00	636821	51f7e230c16b5198dc4665e5e35a02edf8b9a5a44dbc9ee9005a6974d8ff6acd	plantpersulf/0.0.0
G4N752	v6	https://alphafold.ebi.ac.uk/files/AF-G4N752-F1-model_v6.pdb	../raw/alphafold/AF-G4N752-F1-model.pdb	2026-07-23T03:37:47.489032+00:00	233765	0cec1eaa6d65cd33115d4c4b1c69d984627ad8c8010962f9125dc5027d9b63d0	plantpersulf/0.0.0
G4N754	v6	https://alphafold.ebi.ac.uk/files/AF-G4N754-F1-model_v6.pdb	../raw/alphafold/AF-G4N754-F1-model.pdb	2026-07-23T03:37:50.603086+00:00	214001	96d392e6795f65e69f0f52728c8a5f3f2a2df9cb8b09bd0a67eefe91e2b77190	plantpersulf/0.0.0
G4N762	v6	https://alphafold.ebi.ac.uk/files/AF-G4N762-F1-model_v6.pdb	../raw/alphafold/AF-G4N762-F1-model.pdb	2026-07-23T03:37:53.576978+00:00	347570	f7966c6db9732ac30d5b18de388feb48595b39f88ca0dba60d99e32881ac0da1	plantpersulf/0.0.0
G4N763	v6	https://alphafold.ebi.ac.uk/files/AF-G4N763-F1-model_v6.pdb	../raw/alphafold/AF-G4N763-F1-model.pdb	2026-07-23T03:37:56.153120+00:00	172691	467ea582412a16f9bee4ff74c13a0423af9d820912eb93bdecc8ec3ab6010566	plantpersulf/0.0.0
G4N769	v6	https://alphafold.ebi.ac.uk/files/AF-G4N769-F1-model_v6.pdb	../raw/alphafold/AF-G4N769-F1-model.pdb	2026-07-23T03:37:59.473224+00:00	236681	e9e6e50f74f543b28fea492cc3a15da894162986d8a0628e3b5af7a787ac694a	plantpersulf/0.0.0
G4N778	v6	https://alphafold.ebi.ac.uk/files/AF-G4N778-F1-model_v6.pdb	../raw/alphafold/AF-G4N778-F1-model.pdb	2026-07-23T03:38:03.082458+00:00	593972	51da54a481efe33316983715874996a46d704065f7b93ac9c9025eee9a1bddcb	plantpersulf/0.0.0
G4N779	v6	https://alphafold.ebi.ac.uk/files/AF-G4N779-F1-model_v6.pdb	../raw/alphafold/AF-G4N779-F1-model.pdb	2026-07-23T03:38:07.012924+00:00	366767	89d903c9ca13412e3b4e82a46bd7368a6bca779af3bb8761a30ee19c4d41c6f7	plantpersulf/0.0.0
G4N783	v6	https://alphafold.ebi.ac.uk/files/AF-G4N783-F1-model_v6.pdb	../raw/alphafold/AF-G4N783-F1-model.pdb	2026-07-23T03:38:10.350285+00:00	352106	198954b263ccd42e8afc50ff83479694d41358fa3a0a3844d712e544a42bbfe4	plantpersulf/0.0.0
G4N792	v6	https://alphafold.ebi.ac.uk/files/AF-G4N792-F1-model_v6.pdb	../raw/alphafold/AF-G4N792-F1-model.pdb	2026-07-23T03:38:14.053613+00:00	383048	3bbc77643ff738f6b10e6ac5ed835147826abafb1745a68efc8cdfcf383d4309	plantpersulf/0.0.0
G4N796	v6	https://alphafold.ebi.ac.uk/files/AF-G4N796-F1-model_v6.pdb	../raw/alphafold/AF-G4N796-F1-model.pdb	2026-07-23T03:38:17.178929+00:00	123443	269b566b610352069f40dd26862e97837d753abf52ffe242e7eb3d07b2099ede	plantpersulf/0.0.0
G4N7B6	v6	https://alphafold.ebi.ac.uk/files/AF-G4N7B6-F1-model_v6.pdb	../raw/alphafold/AF-G4N7B6-F1-model.pdb	2026-07-23T03:38:20.346902+00:00	193751	1047c3ab276d3dbd6998b3f5f4e8d1ae138339a2d720e2ab1c34fdc4fd289f00	plantpersulf/0.0.0
G4N7C6	v6	https://alphafold.ebi.ac.uk/files/AF-G4N7C6-F1-model_v6.pdb	../raw/alphafold/AF-G4N7C6-F1-model.pdb	2026-07-23T03:38:23.751811+00:00	576800	1f1c48a81f13c5853adc05dfd73a467c99b65b7fa40e6fb1f8c71aedf96aed6f	plantpersulf/0.0.0
G4N7E4	v6	https://alphafold.ebi.ac.uk/files/AF-G4N7E4-F1-model_v6.pdb	../raw/alphafold/AF-G4N7E4-F1-model.pdb	2026-07-23T03:38:26.702973+00:00	172610	1d30f3d84a6f0f6e1ebbb4d6b8c0913c750e369349076c4ca9dcebf4c4b48291	plantpersulf/0.0.0
G4N7G1	v6	https://alphafold.ebi.ac.uk/files/AF-G4N7G1-F1-model_v6.pdb	../raw/alphafold/AF-G4N7G1-F1-model.pdb	2026-07-23T03:38:30.105738+00:00	265355	a196cf814c7b4ffd867666de62103fa4ee0699028abf51fe1a97b1dbbfc510e7	plantpersulf/0.0.0
G4N7G6	v6	https://alphafold.ebi.ac.uk/files/AF-G4N7G6-F1-model_v6.pdb	../raw/alphafold/AF-G4N7G6-F1-model.pdb	2026-07-23T03:38:33.224580+00:00	478304	11177aa5db149e7bb5c18eade5e95d56ab0aaf02f9d58b5d27139518cb25cc6d	plantpersulf/0.0.0
G4N7H2	v6	https://alphafold.ebi.ac.uk/files/AF-G4N7H2-F1-model_v6.pdb	../raw/alphafold/AF-G4N7H2-F1-model.pdb	2026-07-23T03:38:36.638697+00:00	325538	c144d1b4e58221eadafbb310b46c5810f45124c060ceefe4794d17e7f354c134	plantpersulf/0.0.0
G4N7H9	v6	https://alphafold.ebi.ac.uk/files/AF-G4N7H9-F1-model_v6.pdb	../raw/alphafold/AF-G4N7H9-F1-model.pdb	2026-07-23T03:38:40.101055+00:00	331289	3d1f4506a0f7097f4eec15bcced71510ca54518c478104d6bc70f465a29c9869	plantpersulf/0.0.0
G4N7I5	v6	https://alphafold.ebi.ac.uk/files/AF-G4N7I5-F1-model_v6.pdb	../raw/alphafold/AF-G4N7I5-F1-model.pdb	2026-07-23T03:38:43.490183+00:00	274913	2481233b8812d53faf68e651b4af5ac2e1b52373fcfccd75c07de98bcd70a97f	plantpersulf/0.0.0
G4N7I6	v6	https://alphafold.ebi.ac.uk/files/AF-G4N7I6-F1-model_v6.pdb	../raw/alphafold/AF-G4N7I6-F1-model.pdb	2026-07-23T03:38:46.166174+00:00	97847	8e08114619075e645d9e803bd933720cf40310f33adf74a3b09c903441d7336c	plantpersulf/0.0.0
G4N7I8	v6	https://alphafold.ebi.ac.uk/files/AF-G4N7I8-F1-model_v6.pdb	../raw/alphafold/AF-G4N7I8-F1-model.pdb	2026-07-23T03:38:48.820230+00:00	197072	418d13fcfb3329865b8b93ae59265c368855490b78973caaa4f02ad296791c34	plantpersulf/0.0.0
G4N7J5	v6	https://alphafold.ebi.ac.uk/files/AF-G4N7J5-F1-model_v6.pdb	../raw/alphafold/AF-G4N7J5-F1-model.pdb	2026-07-23T03:38:52.389115+00:00	650186	57b2e4914d7441ea3eef5f02c402de336d577f9d5df31f1c1024468133d02201	plantpersulf/0.0.0
G4N7K3	v6	https://alphafold.ebi.ac.uk/files/AF-G4N7K3-F1-model_v6.pdb	../raw/alphafold/AF-G4N7K3-F1-model.pdb	2026-07-23T03:38:55.592918+00:00	276776	9a1b765b69568e700c9f55a25e4e31f611fceadc746a545e34d1842047b4f433	plantpersulf/0.0.0
G4N7K4	v6	https://alphafold.ebi.ac.uk/files/AF-G4N7K4-F1-model_v6.pdb	../raw/alphafold/AF-G4N7K4-F1-model.pdb	2026-07-23T03:38:58.996384+00:00	404351	20f1b6d11fcfb32f19496f2a1ed67baff56af1c9c39a00e2ef6a0a1682fbf4da	plantpersulf/0.0.0
G4N7K8	v6	https://alphafold.ebi.ac.uk/files/AF-G4N7K8-F1-model_v6.pdb	../raw/alphafold/AF-G4N7K8-F1-model.pdb	2026-07-23T03:39:02.589994+00:00	389447	06bbe89fc04b439db3aad3ff3d9d2ca14be009061b5ea0f655af2a63e7860a56	plantpersulf/0.0.0
G4N7M7	v6	https://alphafold.ebi.ac.uk/files/AF-G4N7M7-F1-model_v6.pdb	../raw/alphafold/AF-G4N7M7-F1-model.pdb	2026-07-23T03:39:05.944381+00:00	341819	c4626bf667525362c87ba8b584031fa2420e8472491f4127ef50ca16b2952394	plantpersulf/0.0.0
G4N7N5	v6	https://alphafold.ebi.ac.uk/files/AF-G4N7N5-F1-model_v6.pdb	../raw/alphafold/AF-G4N7N5-F1-model.pdb	2026-07-23T03:39:08.866284+00:00	128789	61f5c9eeefa3145e4a6a7bbf71587bf4955b9b7448af32177218afb0dd0321d4	plantpersulf/0.0.0
G4N7P0	v6	https://alphafold.ebi.ac.uk/files/AF-G4N7P0-F1-model_v6.pdb	../raw/alphafold/AF-G4N7P0-F1-model.pdb	2026-07-23T03:39:12.480250+00:00	532655	022fd033b086995f368a4c1f0c7555c41cec0319d816880302500e5a179b5d15	plantpersulf/0.0.0
G4N7P1	v6	https://alphafold.ebi.ac.uk/files/AF-G4N7P1-F1-model_v6.pdb	../raw/alphafold/AF-G4N7P1-F1-model.pdb	2026-07-23T03:39:15.006311+00:00	154304	18ca1068626ecbdff3e48c9b00af1768ecb70995d00f75ce21a6cf3ae4cd787b	plantpersulf/0.0.0
G4N7Q6	v6	https://alphafold.ebi.ac.uk/files/AF-G4N7Q6-F1-model_v6.pdb	../raw/alphafold/AF-G4N7Q6-F1-model.pdb	2026-07-23T03:39:18.707151+00:00	703970	9a23bb2340441d7e1e707baa45360643d1ee14a71e5496b2b75c42931a40a6dd	plantpersulf/0.0.0
G4N7R0	v6	https://alphafold.ebi.ac.uk/files/AF-G4N7R0-F1-model_v6.pdb	../raw/alphafold/AF-G4N7R0-F1-model.pdb	2026-07-23T03:39:21.914157+00:00	275804	21ee03450287627d89eaece09833a971444392fc4bb433974f727df3abd03806	plantpersulf/0.0.0
G4N7R8	v6	https://alphafold.ebi.ac.uk/files/AF-G4N7R8-F1-model_v6.pdb	../raw/alphafold/AF-G4N7R8-F1-model.pdb	2026-07-23T03:39:25.270114+00:00	341009	949f1de248303ee9dcf0c5fc0f8a850b9f35f91a16bfec2ce70d6bd67d457f15	plantpersulf/0.0.0
G4N7S5	v6	https://alphafold.ebi.ac.uk/files/AF-G4N7S5-F1-model_v6.pdb	../raw/alphafold/AF-G4N7S5-F1-model.pdb	2026-07-23T03:39:28.336173+00:00	198287	38560c865fc07fdc37432b6ff61858af074cf2ab2f4b04491a126e74a3f10249	plantpersulf/0.0.0
G4N7T0	v6	https://alphafold.ebi.ac.uk/files/AF-G4N7T0-F1-model_v6.pdb	../raw/alphafold/AF-G4N7T0-F1-model.pdb	2026-07-23T03:39:31.599200+00:00	269405	900068e08cf8b83196a5eb9c0a025ad8473115a18d1befae30d615fafcfed91e	plantpersulf/0.0.0
G4N7T5	v6	https://alphafold.ebi.ac.uk/files/AF-G4N7T5-F1-model_v6.pdb	../raw/alphafold/AF-G4N7T5-F1-model.pdb	2026-07-23T03:39:34.437391+00:00	77273	8f1d36496c808b408d33426375f36e9382df14976bd74e523c9c85d7e3afed80	plantpersulf/0.0.0
G4N7U4	v6	https://alphafold.ebi.ac.uk/files/AF-G4N7U4-F1-model_v6.pdb	../raw/alphafold/AF-G4N7U4-F1-model.pdb	2026-07-23T03:39:37.983899+00:00	512081	e50bdbc1988156f27ec721968b62f4872aa34edab3a9373bc61f94604eb67ee5	plantpersulf/0.0.0
G4N7U7	v6	https://alphafold.ebi.ac.uk/files/AF-G4N7U7-F1-model_v6.pdb	../raw/alphafold/AF-G4N7U7-F1-model.pdb	2026-07-23T03:39:41.508168+00:00	486809	8b9e95654085cb26b4d45b7ac61862f6774d3b1131b09aaae42468b80a15b5e5	plantpersulf/0.0.0
G4N7Y7	v6	https://alphafold.ebi.ac.uk/files/AF-G4N7Y7-F1-model_v6.pdb	../raw/alphafold/AF-G4N7Y7-F1-model.pdb	2026-07-23T03:39:45.399225+00:00	787886	344bfbc875d8b3d6f95f491674242af5c73f08371c274ebaf9b47f34f61df09f	plantpersulf/0.0.0
G4N7Z3	v6	https://alphafold.ebi.ac.uk/files/AF-G4N7Z3-F1-model_v6.pdb	../raw/alphafold/AF-G4N7Z3-F1-model.pdb	2026-07-23T03:39:49.642828+00:00	189296	e71947352328277e5129e2b49202e0c178abe2f1c8a1de5838a43c4dd59ea3bb	plantpersulf/0.0.0
G4N807	v6	https://alphafold.ebi.ac.uk/files/AF-G4N807-F1-model_v6.pdb	../raw/alphafold/AF-G4N807-F1-model.pdb	2026-07-23T03:39:52.785596+00:00	290222	25d43ef3aa5f853631883fa141e4f7a32fb579299c67620fd12f82519911761d	plantpersulf/0.0.0
G4N809	v6	https://alphafold.ebi.ac.uk/files/AF-G4N809-F1-model_v6.pdb	../raw/alphafold/AF-G4N809-F1-model.pdb	2026-07-23T03:39:56.032932+00:00	363608	206c082f735aba2badb9515af22e66aafbec0194f18b58f6eaa0fa6771022377	plantpersulf/0.0.0
G4N847	v6	https://alphafold.ebi.ac.uk/files/AF-G4N847-F1-model_v6.pdb	../raw/alphafold/AF-G4N847-F1-model.pdb	2026-07-23T03:39:59.204305+00:00	745847	3648d5af71016b678ef8cba4d7686dd6f60f8371c715d26d3d97015bd35add7f	plantpersulf/0.0.0
G4N849	v6	https://alphafold.ebi.ac.uk/files/AF-G4N849-F1-model_v6.pdb	../raw/alphafold/AF-G4N849-F1-model.pdb	2026-07-23T03:40:02.403876+00:00	262682	abba2f07cc2415e1c4dff11ceba17379fa9eaf102938cf72b7abed39b9b4c235	plantpersulf/0.0.0
G4N861	v6	https://alphafold.ebi.ac.uk/files/AF-G4N861-F1-model_v6.pdb	../raw/alphafold/AF-G4N861-F1-model.pdb	2026-07-23T03:40:05.733424+00:00	364985	9344fc863c20ffcf86bd08b030a76aaddb69f6b1e1fa86b7595e224d938d44f2	plantpersulf/0.0.0
G4N872	v6	https://alphafold.ebi.ac.uk/files/AF-G4N872-F1-model_v6.pdb	../raw/alphafold/AF-G4N872-F1-model.pdb	2026-07-23T03:40:08.671663+00:00	127574	a0fcaa1d0d0d667c829ee9219219a9b4f6e7168b9fcecaa3b997e6c4886177d6	plantpersulf/0.0.0
G4N879	v6	https://alphafold.ebi.ac.uk/files/AF-G4N879-F1-model_v6.pdb	../raw/alphafold/AF-G4N879-F1-model.pdb	2026-07-23T03:40:11.457266+00:00	325862	7e9dde682e8768779153127a68caa7c2e56b0c7adf45f7a5f11a442bbfccf65e	plantpersulf/0.0.0
G4N885	v6	https://alphafold.ebi.ac.uk/files/AF-G4N885-F1-model_v6.pdb	../raw/alphafold/AF-G4N885-F1-model.pdb	2026-07-23T03:40:14.584104+00:00	201932	7794352e23ce62911fa23431eba7d663aff756eb332c71dd5f1874f8a9fd10c6	plantpersulf/0.0.0
G4N8E7	v6	https://alphafold.ebi.ac.uk/files/AF-G4N8E7-F1-model_v6.pdb	../raw/alphafold/AF-G4N8E7-F1-model.pdb	2026-07-23T03:40:18.067146+00:00	382724	a92c06d1ce3a56f44f40486dd3871dff51e5b1067078710b56d90e5c8a61ffa3	plantpersulf/0.0.0
G4N8F5	v6	https://alphafold.ebi.ac.uk/files/AF-G4N8F5-F1-model_v6.pdb	../raw/alphafold/AF-G4N8F5-F1-model.pdb	2026-07-23T03:40:21.105335+00:00	231335	718b44b38f611eb6216e6d4b31c621623853a720e67e39d72bfc4519cc1c502d	plantpersulf/0.0.0
G4N8H9	v6	https://alphafold.ebi.ac.uk/files/AF-G4N8H9-F1-model_v6.pdb	../raw/alphafold/AF-G4N8H9-F1-model.pdb	2026-07-23T03:40:24.121179+00:00	334286	124996baa673103ab4479d7b5739448c0df8f160fb02c11ccd46a8e4c7582a68	plantpersulf/0.0.0
G4N8K7	v6	https://alphafold.ebi.ac.uk/files/AF-G4N8K7-F1-model_v6.pdb	../raw/alphafold/AF-G4N8K7-F1-model.pdb	2026-07-23T03:40:27.634776+00:00	350648	ef1e1cac1a72e442cf0193747408a909d2e5e6003bf82ead89c8fc356ce8a6b4	plantpersulf/0.0.0
G4N8M5	v6	https://alphafold.ebi.ac.uk/files/AF-G4N8M5-F1-model_v6.pdb	../raw/alphafold/AF-G4N8M5-F1-model.pdb	2026-07-23T03:40:31.018337+00:00	337769	2c496134db610dc28ccd85acd1c9d1b78f85715534584d5452d26b8db97794f0	plantpersulf/0.0.0
G4N8V7	v6	https://alphafold.ebi.ac.uk/files/AF-G4N8V7-F1-model_v6.pdb	../raw/alphafold/AF-G4N8V7-F1-model.pdb	2026-07-23T03:40:34.487018+00:00	341657	5be37e13c26402314e6bcec3fcba7804dc9fad38bd7e19a425ae43ae280f82c0	plantpersulf/0.0.0
G4N8W1	v6	https://alphafold.ebi.ac.uk/files/AF-G4N8W1-F1-model_v6.pdb	../raw/alphafold/AF-G4N8W1-F1-model.pdb	2026-07-23T03:40:37.421231+00:00	79055	a602bd6fd195a630634e065be3cd464afd734df02a70c5864d0bc531f8c314d3	plantpersulf/0.0.0
G4N8Z3	v6	https://alphafold.ebi.ac.uk/files/AF-G4N8Z3-F1-model_v6.pdb	../raw/alphafold/AF-G4N8Z3-F1-model.pdb	2026-07-23T03:40:40.795016+00:00	441773	709cc0567ed72816353892f0c2ace6aff066df27d6be369e33a248df2dad7e79	plantpersulf/0.0.0
G4N940	v6	https://alphafold.ebi.ac.uk/files/AF-G4N940-F1-model_v6.pdb	../raw/alphafold/AF-G4N940-F1-model.pdb	2026-07-23T03:40:43.916248+00:00	137132	4aef753a3244c182be877d24cef423549e4cc708f82398cdec9e7073e6a03b2e	plantpersulf/0.0.0
G4N954	v6	https://alphafold.ebi.ac.uk/files/AF-G4N954-F1-model_v6.pdb	../raw/alphafold/AF-G4N954-F1-model.pdb	2026-07-23T03:40:47.311097+00:00	220076	0de1bd2ed110dd3abea44d02a721a12e747592e2b729f67563c8cbe91fd2c254	plantpersulf/0.0.0
G4N977	v6	https://alphafold.ebi.ac.uk/files/AF-G4N977-F1-model_v6.pdb	../raw/alphafold/AF-G4N977-F1-model.pdb	2026-07-23T03:40:51.069093+00:00	745685	29c5b0157917538184c048f3b5824f664c19eb6685d57e69295e6a202f89d40b	plantpersulf/0.0.0
G4N987	v6	https://alphafold.ebi.ac.uk/files/AF-G4N987-F1-model_v6.pdb	../raw/alphafold/AF-G4N987-F1-model.pdb	2026-07-23T03:40:54.364276+00:00	352187	10d16a9b83804efbfbdb40ff893ccf3b913d8cd19898d979002557dff78c55d1	plantpersulf/0.0.0
G4N9D6	v6	https://alphafold.ebi.ac.uk/files/AF-G4N9D6-F1-model_v6.pdb	../raw/alphafold/AF-G4N9D6-F1-model.pdb	2026-07-23T03:40:57.495583+00:00	394388	464ac16fca8078f98e9438248cf4cf84411cd5e4556e6bee3128b13b9a7e2cfe	plantpersulf/0.0.0
G4N9E7	v6	https://alphafold.ebi.ac.uk/files/AF-G4N9E7-F1-model_v6.pdb	../raw/alphafold/AF-G4N9E7-F1-model.pdb	2026-07-23T03:41:00.709234+00:00	319706	7ef8c8eefa843819a9e1056fdcbd07aa1564cea006335ced39c740ba5113f6f7	plantpersulf/0.0.0
G4N9F1	v6	https://alphafold.ebi.ac.uk/files/AF-G4N9F1-F1-model_v6.pdb	../raw/alphafold/AF-G4N9F1-F1-model.pdb	2026-07-23T03:41:03.846269+00:00	170180	476d001a1e402018222dc6dc290c69e77d449dcf6ab864196931493691fd2497	plantpersulf/0.0.0
G4N9G9	v6	https://alphafold.ebi.ac.uk/files/AF-G4N9G9-F1-model_v6.pdb	../raw/alphafold/AF-G4N9G9-F1-model.pdb	2026-07-23T03:41:07.129414+00:00	263411	5a3a7dd9691e42388ea2a0365f9621c9ed584400f3dc69e598e69fc4b30a145c	plantpersulf/0.0.0
G4N9H6	v6	https://alphafold.ebi.ac.uk/files/AF-G4N9H6-F1-model_v6.pdb	../raw/alphafold/AF-G4N9H6-F1-model.pdb	2026-07-23T03:41:10.228261+00:00	185489	846232b9e580c85942b2b1fbd8b65d8e5d98e2bf1523b7a49c527914986044fc	plantpersulf/0.0.0
G4N9J5	v6	https://alphafold.ebi.ac.uk/files/AF-G4N9J5-F1-model_v6.pdb	../raw/alphafold/AF-G4N9J5-F1-model.pdb	2026-07-23T03:41:13.603753+00:00	299051	9bcda5d9021ebadfad83fc01d507695ffa6b703060b854919ccd9dfbf8b9dd6b	plantpersulf/0.0.0
G4N9M5	v6	https://alphafold.ebi.ac.uk/files/AF-G4N9M5-F1-model_v6.pdb	../raw/alphafold/AF-G4N9M5-F1-model.pdb	2026-07-23T03:41:16.163962+00:00	330560	c330e69659b1ef7cf9075b8ed0662065cc815753c9291dc8bc177289a37344c3	plantpersulf/0.0.0
G4N9M7	v6	https://alphafold.ebi.ac.uk/files/AF-G4N9M7-F1-model_v6.pdb	../raw/alphafold/AF-G4N9M7-F1-model.pdb	2026-07-23T03:41:19.144517+00:00	174149	de7fb6c84d80765ee41da95a3c12a8c0e18b5769bb5ae2ce85f383d03ef8e8f5	plantpersulf/0.0.0
G4N9N3	v6	https://alphafold.ebi.ac.uk/files/AF-G4N9N3-F1-model_v6.pdb	../raw/alphafold/AF-G4N9N3-F1-model.pdb	2026-07-23T03:41:22.634776+00:00	470690	88d661c10720014eb18780f0c940ff44f525b80cc20704326e9124ed0138bec9	plantpersulf/0.0.0
G4N9S5	v6	https://alphafold.ebi.ac.uk/files/AF-G4N9S5-F1-model_v6.pdb	../raw/alphafold/AF-G4N9S5-F1-model.pdb	2026-07-23T03:41:25.794825+00:00	284714	e1061eb0925eb06a7c5304383db54c1ef3408f592e2c7a64688fa3ab22cf7c61	plantpersulf/0.0.0
G4N9W9	v6	https://alphafold.ebi.ac.uk/files/AF-G4N9W9-F1-model_v6.pdb	../raw/alphafold/AF-G4N9W9-F1-model.pdb	2026-07-23T03:41:30.897284+00:00	160865	1c0d22a750db486bcc1b824addf0ce0fe94a5acd04f745407284589e5871afe1	plantpersulf/0.0.0
G4N9X2	v6	https://alphafold.ebi.ac.uk/files/AF-G4N9X2-F1-model_v6.pdb	../raw/alphafold/AF-G4N9X2-F1-model.pdb	2026-07-23T03:41:33.801508+00:00	322136	5b98ea55ad8159b2e9ec622480cd04e84d5234a6899c8e407648f1da389aa892	plantpersulf/0.0.0
G4N9Y9	v6	https://alphafold.ebi.ac.uk/files/AF-G4N9Y9-F1-model_v6.pdb	../raw/alphafold/AF-G4N9Y9-F1-model.pdb	2026-07-23T03:41:36.331523+00:00	248831	34c1f9d2a99663626e29ce44aef9cb06240c6a7395bb713d5a91b9e6f598daaf	plantpersulf/0.0.0
G4N9Z3	v6	https://alphafold.ebi.ac.uk/files/AF-G4N9Z3-F1-model_v6.pdb	../raw/alphafold/AF-G4N9Z3-F1-model.pdb	2026-07-23T03:41:39.657947+00:00	213353	dd8fcaa8aceff5bcdbee68ec8274891f4ae57d91e697f11aca0668515df0cd74	plantpersulf/0.0.0
G4NA01	v6	https://alphafold.ebi.ac.uk/files/AF-G4NA01-F1-model_v6.pdb	../raw/alphafold/AF-G4NA01-F1-model.pdb	2026-07-23T03:41:42.723748+00:00	322298	4b4aa35872512cc8f14f526801cd0937b12e97fcd8741b25d06bde7e039cdb18	plantpersulf/0.0.0
G4NA18	v6	https://alphafold.ebi.ac.uk/files/AF-G4NA18-F1-model_v6.pdb	../raw/alphafold/AF-G4NA18-F1-model.pdb	2026-07-23T03:41:45.933121+00:00	240650	2c086757c04b525f5645792879fc7541918498bc1e0849cb41a4b040b5f111f3	plantpersulf/0.0.0
G4NA19	v6	https://alphafold.ebi.ac.uk/files/AF-G4NA19-F1-model_v6.pdb	../raw/alphafold/AF-G4NA19-F1-model.pdb	2026-07-23T03:41:48.438619+00:00	131138	1effe6a611d2194df25aa639c83865029f0d4539a9bdc0163d8b44bd1c3db6d6	plantpersulf/0.0.0
G4NA21	v6	https://alphafold.ebi.ac.uk/files/AF-G4NA21-F1-model_v6.pdb	../raw/alphafold/AF-G4NA21-F1-model.pdb	2026-07-23T03:41:51.709686+00:00	256121	62e2136ac277055b41578455c2deb3ce1a2e5aa6f18564b69b65a193ed8eb565	plantpersulf/0.0.0
G4NA29	v6	https://alphafold.ebi.ac.uk/files/AF-G4NA29-F1-model_v6.pdb	../raw/alphafold/AF-G4NA29-F1-model.pdb	2026-07-23T03:41:55.318834+00:00	555011	8a3f0c54f589e0bd479891bbee42488d88546d5d74475611f0febcf6270f47e3	plantpersulf/0.0.0
G4NA37	v6	https://alphafold.ebi.ac.uk/files/AF-G4NA37-F1-model_v6.pdb	../raw/alphafold/AF-G4NA37-F1-model.pdb	2026-07-23T03:41:58.424292+00:00	238382	6f16da93919fe1d38763790fec70a725af0b275fdf281e6332e0adad0966b42f	plantpersulf/0.0.0
G4NA50	v6	https://alphafold.ebi.ac.uk/files/AF-G4NA50-F1-model_v6.pdb	../raw/alphafold/AF-G4NA50-F1-model.pdb	2026-07-23T03:42:01.559369+00:00	256526	347687444fb5d63f2b3cd114b34679e44c17fb4f2dad482d8ecdf690f776266e	plantpersulf/0.0.0
G4NAB6	v6	https://alphafold.ebi.ac.uk/files/AF-G4NAB6-F1-model_v6.pdb	../raw/alphafold/AF-G4NAB6-F1-model.pdb	2026-07-23T03:42:04.628099+00:00	164510	a1b52502313889693ec3caea9425bbd940a9c709532783c23c98ebb123222dca	plantpersulf/0.0.0
G4NAB9	v6	https://alphafold.ebi.ac.uk/files/AF-G4NAB9-F1-model_v6.pdb	../raw/alphafold/AF-G4NAB9-F1-model.pdb	2026-07-23T03:42:07.998882+00:00	435212	9fe61472eaa4c373fef3a37f1599062eb66f66afcde29a10e13dc52acd80c36d	plantpersulf/0.0.0
G4NAC6	v6	https://alphafold.ebi.ac.uk/files/AF-G4NAC6-F1-model_v6.pdb	../raw/alphafold/AF-G4NAC6-F1-model.pdb	2026-07-23T03:42:11.414005+00:00	600614	1551f8bb22e1cacfc17c0f2dc1c7c0d6bd864207eaaad784607007a8f19b4e0b	plantpersulf/0.0.0
G4NAD1	v6	https://alphafold.ebi.ac.uk/files/AF-G4NAD1-F1-model_v6.pdb	../raw/alphafold/AF-G4NAD1-F1-model.pdb	2026-07-23T03:42:14.705081+00:00	346274	85b52e1d9c2a7fb668936821d6817783772ade33b00b3149815b8415d6e6fb98	plantpersulf/0.0.0
G4NAD9	v6	https://alphafold.ebi.ac.uk/files/AF-G4NAD9-F1-model_v6.pdb	../raw/alphafold/AF-G4NAD9-F1-model.pdb	2026-07-23T03:42:18.177885+00:00	460646	082ac8ea7d85a31bfa0b008a349b723ad81c5e7048f1951d0dece48a7dfa66f6	plantpersulf/0.0.0
G4NAH5	v6	https://alphafold.ebi.ac.uk/files/AF-G4NAH5-F1-model_v6.pdb	../raw/alphafold/AF-G4NAH5-F1-model.pdb	2026-07-23T03:42:21.785213+00:00	552662	c5db91edddfcc05e37e286cf3bad3b253b814fb416fab1532b1313314ba9b11c	plantpersulf/0.0.0
G4NAH9	v6	https://alphafold.ebi.ac.uk/files/AF-G4NAH9-F1-model_v6.pdb	../raw/alphafold/AF-G4NAH9-F1-model.pdb	2026-07-23T03:42:25.045333+00:00	222830	8f37457f849172cf07d52e1a1edceb21d957ef2c6bc1799a4af5c80ea550a591	plantpersulf/0.0.0
G4NAI2	v6	https://alphafold.ebi.ac.uk/files/AF-G4NAI2-F1-model_v6.pdb	../raw/alphafold/AF-G4NAI2-F1-model.pdb	2026-07-23T03:42:28.371880+00:00	306341	b84a3cc172eddb55aaa43f7e150a5d2e5e51ff4b55f7801e5e5c57b75ea1e727	plantpersulf/0.0.0
G4NAR5	v6	https://alphafold.ebi.ac.uk/files/AF-G4NAR5-F1-model_v6.pdb	../raw/alphafold/AF-G4NAR5-F1-model.pdb	2026-07-23T03:42:31.146870+00:00	358424	bf1e352e3edc7ac9e4ead33b7dffd6a9de581effb8fe3b4d92a1b189e27482f0	plantpersulf/0.0.0
G4NAS0	v6	https://alphafold.ebi.ac.uk/files/AF-G4NAS0-F1-model_v6.pdb	../raw/alphafold/AF-G4NAS0-F1-model.pdb	2026-07-23T03:42:34.313090+00:00	203876	00aae97d5cda38fdac3f4fd27f537cc75794e91fdd851c878fbbe4bf7fad5348	plantpersulf/0.0.0
G4NAS4	v6	https://alphafold.ebi.ac.uk/files/AF-G4NAS4-F1-model_v6.pdb	../raw/alphafold/AF-G4NAS4-F1-model.pdb	2026-07-23T03:42:37.115060+00:00	256445	4e6bf9d565c6d504d9f2d2c354a37497d6d796719358cb5689b20269769e3c55	plantpersulf/0.0.0
G4NAS7	v6	https://alphafold.ebi.ac.uk/files/AF-G4NAS7-F1-model_v6.pdb	../raw/alphafold/AF-G4NAS7-F1-model.pdb	2026-07-23T03:42:40.563159+00:00	468098	484984f993e7a1cb3fafff8609c1a3f412b37b200b20881ad7f1ecafb36a1893	plantpersulf/0.0.0
G4NAT0	v6	https://alphafold.ebi.ac.uk/files/AF-G4NAT0-F1-model_v6.pdb	../raw/alphafold/AF-G4NAT0-F1-model.pdb	2026-07-23T03:42:44.224852+00:00	698705	e0a5aaeae595eb11adaaebd3e8f902d5cba07cf718b020b0fb083f9464d277ef	plantpersulf/0.0.0
G4NAT1	v6	https://alphafold.ebi.ac.uk/files/AF-G4NAT1-F1-model_v6.pdb	../raw/alphafold/AF-G4NAT1-F1-model.pdb	2026-07-23T03:42:47.351061+00:00	141182	a6d805fff1dff021e859b92975a498457a79aca9e08175f606479e8a538ecc5f	plantpersulf/0.0.0
G4NAT3	v6	https://alphafold.ebi.ac.uk/files/AF-G4NAT3-F1-model_v6.pdb	../raw/alphafold/AF-G4NAT3-F1-model.pdb	2026-07-23T03:42:51.150106+00:00	662417	f7a3d23af807d3c5e829a2dced67591dd1112b6f59b8667d56bbb3c239e32a77	plantpersulf/0.0.0
G4NAT8	v6	https://alphafold.ebi.ac.uk/files/AF-G4NAT8-F1-model_v6.pdb	../raw/alphafold/AF-G4NAT8-F1-model.pdb	2026-07-23T03:42:53.869963+00:00	441935	b7e29cf6aec6701b8c6a96c3b7a833dd728613a1725d068a132a55f1cf047aa8	plantpersulf/0.0.0
G4NAV9	v6	https://alphafold.ebi.ac.uk/files/AF-G4NAV9-F1-model_v6.pdb	../raw/alphafold/AF-G4NAV9-F1-model.pdb	2026-07-23T03:42:57.245324+00:00	351458	6152e445919ca6eaffabec20e45ec892385b6b974c2d453ec655708ff1d4594e	plantpersulf/0.0.0
G4NAW2	v6	https://alphafold.ebi.ac.uk/files/AF-G4NAW2-F1-model_v6.pdb	../raw/alphafold/AF-G4NAW2-F1-model.pdb	2026-07-23T03:43:00.835731+00:00	397628	4926017f3de8a01b0af9664dad546984f7f051932141e1d38265b6b2f0e8de22	plantpersulf/0.0.0
G4NAX0	v6	https://alphafold.ebi.ac.uk/files/AF-G4NAX0-F1-model_v6.pdb	../raw/alphafold/AF-G4NAX0-F1-model.pdb	2026-07-23T03:43:04.170370+00:00	216026	42d5c43ac5ea19b1851913c2500e63a9f814ac1ef9402cb464d6ffa16b283520	plantpersulf/0.0.0
G4NAX6	v6	https://alphafold.ebi.ac.uk/files/AF-G4NAX6-F1-model_v6.pdb	../raw/alphafold/AF-G4NAX6-F1-model.pdb	2026-07-23T03:43:07.426192+00:00	318815	c6b4802798eea46834ea50042dd74ec438f778402062f52674979fd76a4bce49	plantpersulf/0.0.0
G4NAX7	v6	https://alphafold.ebi.ac.uk/files/AF-G4NAX7-F1-model_v6.pdb	../raw/alphafold/AF-G4NAX7-F1-model.pdb	2026-07-23T03:43:10.569520+00:00	206468	521c32ece8e42fdb09ab0d765cc66f6dfc23d3613afe605ae534278a419ec145	plantpersulf/0.0.0
G4NAY4	v6	https://alphafold.ebi.ac.uk/files/AF-G4NAY4-F1-model_v6.pdb	../raw/alphafold/AF-G4NAY4-F1-model.pdb	2026-07-23T03:43:14.234310+00:00	387179	d0fa0dabcc2b84f76ea74647adc87fda28fe5d377401fb94cbc6a774a96c195b	plantpersulf/0.0.0
G4NB18	v6	https://alphafold.ebi.ac.uk/files/AF-G4NB18-F1-model_v6.pdb	../raw/alphafold/AF-G4NB18-F1-model.pdb	2026-07-23T03:43:17.548912+00:00	297593	7ff3ec31678cfd6adc1f497d431a9ecdc3720ce19da58cba452cb7c32b6052ce	plantpersulf/0.0.0
G4NB24	v6	https://alphafold.ebi.ac.uk/files/AF-G4NB24-F1-model_v6.pdb	../raw/alphafold/AF-G4NB24-F1-model.pdb	2026-07-23T03:43:20.832205+00:00	316790	47c7bcd267d523226c18b780b0c7e99f1849aa7b85f11854ae78942959f45c4c	plantpersulf/0.0.0
G4NB71	v6	https://alphafold.ebi.ac.uk/files/AF-G4NB71-F1-model_v6.pdb	../raw/alphafold/AF-G4NB71-F1-model.pdb	2026-07-23T03:43:25.170777+00:00	238787	42157140578e5c2a9a674c01520a3e2eac03fbfe7a13a1aea2cc3cc430ed22d0	plantpersulf/0.0.0
G4NB83	v6	https://alphafold.ebi.ac.uk/files/AF-G4NB83-F1-model_v6.pdb	../raw/alphafold/AF-G4NB83-F1-model.pdb	2026-07-23T03:43:28.400913+00:00	290222	aefd8922abfe0b5de29277b06ed15d60d1d0497bcde50871b2065f0619401354	plantpersulf/0.0.0
G4NBE9	v6	https://alphafold.ebi.ac.uk/files/AF-G4NBE9-F1-model_v6.pdb	../raw/alphafold/AF-G4NBE9-F1-model.pdb	2026-07-23T03:43:31.675427+00:00	258956	7bfd23bfc54aef45836d4ff24224c30296572eb033b03c277d7618528ef4fa28	plantpersulf/0.0.0
G4NBG2	v6	https://alphafold.ebi.ac.uk/files/AF-G4NBG2-F1-model_v6.pdb	../raw/alphafold/AF-G4NBG2-F1-model.pdb	2026-07-23T03:43:34.774280+00:00	113642	695362ee86b052951d4355efb6dda1a8c4807da24cecd6801fc2efa60f701b87	plantpersulf/0.0.0
G4NBP7	v6	https://alphafold.ebi.ac.uk/files/AF-G4NBP7-F1-model_v6.pdb	../raw/alphafold/AF-G4NBP7-F1-model.pdb	2026-07-23T03:43:37.791382+00:00	166535	1484c4863b7fb0e54484f32f0993199fb6f21de2c8bcf14333409264377308d0	plantpersulf/0.0.0
G4NBQ1	v6	https://alphafold.ebi.ac.uk/files/AF-G4NBQ1-F1-model_v6.pdb	../raw/alphafold/AF-G4NBQ1-F1-model.pdb	2026-07-23T03:43:41.046970+00:00	294191	ad3ea2dd46db59f14c1a27734833623f263733334467a86c5a348d7bbbfd3a3a	plantpersulf/0.0.0
G4NBT8	v6	https://alphafold.ebi.ac.uk/files/AF-G4NBT8-F1-model_v6.pdb	../raw/alphafold/AF-G4NBT8-F1-model.pdb	2026-07-23T03:43:43.944967+00:00	122795	12a1330f4cbc890b6f7ee0e0dc0ba519b9fe459801fafa4eed0b902672dc4b6f	plantpersulf/0.0.0
G4NBT9	v6	https://alphafold.ebi.ac.uk/files/AF-G4NBT9-F1-model_v6.pdb	../raw/alphafold/AF-G4NBT9-F1-model.pdb	2026-07-23T03:43:47.158891+00:00	281717	5d88aa1a89e2dd011df755084148ffda9d1d6a23fbb6c911ad835147e1d77a36	plantpersulf/0.0.0
G4NBW1	v6	https://alphafold.ebi.ac.uk/files/AF-G4NBW1-F1-model_v6.pdb	../raw/alphafold/AF-G4NBW1-F1-model.pdb	2026-07-23T03:43:50.155833+00:00	122876	fa5b7a40d830ff03ac562806096c59a42c68f86426abf260b560c38511aa221f	plantpersulf/0.0.0
G4NBX3	v6	https://alphafold.ebi.ac.uk/files/AF-G4NBX3-F1-model_v6.pdb	../raw/alphafold/AF-G4NBX3-F1-model.pdb	2026-07-23T03:43:53.204408+00:00	130247	754b41561683215f15cfeb0df81b1b1ce498dbac7f041e325911b085016aead8	plantpersulf/0.0.0
G4NBY3	v6	https://alphafold.ebi.ac.uk/files/AF-G4NBY3-F1-model_v6.pdb	../raw/alphafold/AF-G4NBY3-F1-model.pdb	2026-07-23T03:43:56.284955+00:00	165644	bd9a54b999e08444f6071d0cdbf1f7dfef2e84854a56c4d05835ebed0121b51b	plantpersulf/0.0.0
G4NC11	v6	https://alphafold.ebi.ac.uk/files/AF-G4NC11-F1-model_v6.pdb	../raw/alphafold/AF-G4NC11-F1-model.pdb	2026-07-23T03:43:59.255114+00:00	128708	5f6227ae83830d4ff1664d8bc1190a5500b09704163e865ec64c377404cf1836	plantpersulf/0.0.0
G4NC20	v6	https://alphafold.ebi.ac.uk/files/AF-G4NC20-F1-model_v6.pdb	../raw/alphafold/AF-G4NC20-F1-model.pdb	2026-07-23T03:44:02.100391+00:00	148067	1f79e2cb9a788c06d08d1cd17319462dde3aca4bb6e95b8ee6301c7b20a0b1bb	plantpersulf/0.0.0
G4NC30	v6	https://alphafold.ebi.ac.uk/files/AF-G4NC30-F1-model_v6.pdb	../raw/alphafold/AF-G4NC30-F1-model.pdb	2026-07-23T03:44:05.637010+00:00	387746	8554a8b17e6486fa07172e8dd0ac1630916b458b753acac1c1740c16c4c2d14d	plantpersulf/0.0.0
G4NC31	v6	https://alphafold.ebi.ac.uk/files/AF-G4NC31-F1-model_v6.pdb	../raw/alphafold/AF-G4NC31-F1-model.pdb	2026-07-23T03:44:08.255006+00:00	459431	fd52c0dde57c00b5590764c991ad8f96fd6ed772b7a2ba1893f971729179a465	plantpersulf/0.0.0
G4NC37	v6	https://alphafold.ebi.ac.uk/files/AF-G4NC37-F1-model_v6.pdb	../raw/alphafold/AF-G4NC37-F1-model.pdb	2026-07-23T03:44:12.533022+00:00	175445	dcb892cc24962e0c11894818bf6a93deacda17a16a6bcd9e9339162d041db90d	plantpersulf/0.0.0
G4NC46	v6	https://alphafold.ebi.ac.uk/files/AF-G4NC46-F1-model_v6.pdb	../raw/alphafold/AF-G4NC46-F1-model.pdb	2026-07-23T03:44:15.973585+00:00	433106	5ae5d8c1b36354bd7d24559d5bb47410eecf9f1a5d8e5614f7e4447c98527225	plantpersulf/0.0.0
G4NC51	v6	https://alphafold.ebi.ac.uk/files/AF-G4NC51-F1-model_v6.pdb	../raw/alphafold/AF-G4NC51-F1-model.pdb	2026-07-23T03:44:19.266730+00:00	378107	fca0ae920b77842d6cc46dc11aeca0b7a14ef2f4131be5f3d05ffe6ab0e03a76	plantpersulf/0.0.0
G4NC58	v6	https://alphafold.ebi.ac.uk/files/AF-G4NC58-F1-model_v6.pdb	../raw/alphafold/AF-G4NC58-F1-model.pdb	2026-07-23T03:44:22.112135+00:00	122633	cd409128b4f9b91aac0fb8d89ca2a31bc51240791e79cbc10cd516fce79aa5cf	plantpersulf/0.0.0
G4NC59	v6	https://alphafold.ebi.ac.uk/files/AF-G4NC59-F1-model_v6.pdb	../raw/alphafold/AF-G4NC59-F1-model.pdb	2026-07-23T03:44:25.414279+00:00	273536	1529e7dc91cd4789d2c42dfe451cc0b978fc8424f765c42c20b74499f690a9c1	plantpersulf/0.0.0
G4NC78	v6	https://alphafold.ebi.ac.uk/files/AF-G4NC78-F1-model_v6.pdb	../raw/alphafold/AF-G4NC78-F1-model.pdb	2026-07-23T03:44:29.071740+00:00	782216	b375cf5fa9185e5c67c014de49646152231886947b718e929213830b64d2e503	plantpersulf/0.0.0
G4NC80	v6	https://alphafold.ebi.ac.uk/files/AF-G4NC80-F1-model_v6.pdb	../raw/alphafold/AF-G4NC80-F1-model.pdb	2026-07-23T03:44:32.049857+00:00	192617	b7fb79c1622938c5099e271547df332c837ed52f80134e7061d69e4f489022df	plantpersulf/0.0.0
G4NC87	v6	https://alphafold.ebi.ac.uk/files/AF-G4NC87-F1-model_v6.pdb	../raw/alphafold/AF-G4NC87-F1-model.pdb	2026-07-23T03:44:35.300734+00:00	220967	4132e4db4d165dd4846aafa78ff6c56333b2758258ba3fe501eeaa080830a685	plantpersulf/0.0.0
G4NC90	v6	https://alphafold.ebi.ac.uk/files/AF-G4NC90-F1-model_v6.pdb	../raw/alphafold/AF-G4NC90-F1-model.pdb	2026-07-23T03:44:37.999063+00:00	62855	27a9d4ae4e2c797ded092195765a0082280ba4f1e511550163ecbc4f37a133b9	plantpersulf/0.0.0
G4NC97	v6	https://alphafold.ebi.ac.uk/files/AF-G4NC97-F1-model_v6.pdb	../raw/alphafold/AF-G4NC97-F1-model.pdb	2026-07-23T03:44:41.234622+00:00	201203	1f9c6a2df1d0a3e0a5d54bf5f2c4e5b9e492102f4e1cf97b436deb800bc9f1a6	plantpersulf/0.0.0
G4NC99	v6	https://alphafold.ebi.ac.uk/files/AF-G4NC99-F1-model_v6.pdb	../raw/alphafold/AF-G4NC99-F1-model.pdb	2026-07-23T03:44:44.235508+00:00	218456	02b22dc5a5362a1ca8085dde8ffbdfbabf479c132a34facb322f5489d3bbfdd6	plantpersulf/0.0.0
G4NCA2	v6	https://alphafold.ebi.ac.uk/files/AF-G4NCA2-F1-model_v6.pdb	../raw/alphafold/AF-G4NCA2-F1-model.pdb	2026-07-23T03:44:47.217863+00:00	153980	4d2e227a0dbd46d73bf4971c69443d0fcfd4eacd976f609a30c3710566909503	plantpersulf/0.0.0
G4NCA6	v6	https://alphafold.ebi.ac.uk/files/AF-G4NCA6-F1-model_v6.pdb	../raw/alphafold/AF-G4NCA6-F1-model.pdb	2026-07-23T03:44:50.131221+00:00	114209	5cad205fa173131584cebdd0f6f563d6fb4d92a5b9f24e1160ce25e2ebc5f164	plantpersulf/0.0.0
G4NCA7	v6	https://alphafold.ebi.ac.uk/files/AF-G4NCA7-F1-model_v6.pdb	../raw/alphafold/AF-G4NCA7-F1-model.pdb	2026-07-23T03:44:53.421551+00:00	322622	62afebdede04cd4f55a997339f605637c698c35ade6f439cefbed32ee0df3f0d	plantpersulf/0.0.0
G4NCD5	v6	https://alphafold.ebi.ac.uk/files/AF-G4NCD5-F1-model_v6.pdb	../raw/alphafold/AF-G4NCD5-F1-model.pdb	2026-07-23T03:44:56.860412+00:00	410750	1bdc776c5c2e4b9fa8029e4e78abcd04993b0feee8f075fc395978a1174d22bc	plantpersulf/0.0.0
G4NCG1	v6	https://alphafold.ebi.ac.uk/files/AF-G4NCG1-F1-model_v6.pdb	../raw/alphafold/AF-G4NCG1-F1-model.pdb	2026-07-23T03:44:59.964706+00:00	306341	07eea6b46dee768c1952d4c394a6dc51b601570cc6e279e8b5dae591858766c5	plantpersulf/0.0.0
G4NCH2	v6	https://alphafold.ebi.ac.uk/files/AF-G4NCH2-F1-model_v6.pdb	../raw/alphafold/AF-G4NCH2-F1-model.pdb	2026-07-23T03:45:03.124496+00:00	210518	6a52504984ae3e7a799645fc3bf76335d598c288d23b4f8dc608a9c5c73074fb	plantpersulf/0.0.0
G4NCH9	v6	https://alphafold.ebi.ac.uk/files/AF-G4NCH9-F1-model_v6.pdb	../raw/alphafold/AF-G4NCH9-F1-model.pdb	2026-07-23T03:45:06.317682+00:00	207116	87af39121e3f3d88a5d8a2109ee8402cc3304bca41c1a1ffe0f353504921c231	plantpersulf/0.0.0
G4NCJ7	v6	https://alphafold.ebi.ac.uk/files/AF-G4NCJ7-F1-model_v6.pdb	../raw/alphafold/AF-G4NCJ7-F1-model.pdb	2026-07-23T03:45:09.681039+00:00	276776	688052bff19e32002981615946934eab8cc39d228c9dcd5666687607e96ce166	plantpersulf/0.0.0
G4NCL5	v6	https://alphafold.ebi.ac.uk/files/AF-G4NCL5-F1-model_v6.pdb	../raw/alphafold/AF-G4NCL5-F1-model.pdb	2026-07-23T03:45:12.900693+00:00	250937	7822c11ab38a5d23e8fd83b0f35471d666bd587aaca3d8da8bf4c449fb6c6177	plantpersulf/0.0.0
G4NCL8	v6	https://alphafold.ebi.ac.uk/files/AF-G4NCL8-F1-model_v6.pdb	../raw/alphafold/AF-G4NCL8-F1-model.pdb	2026-07-23T03:45:15.994084+00:00	211733	2c2053c1bdc86d4faa473ae30f0de3b847fe4964c5ea2c912544c648c1d5d079	plantpersulf/0.0.0
G4NCN9	v6	https://alphafold.ebi.ac.uk/files/AF-G4NCN9-F1-model_v6.pdb	../raw/alphafold/AF-G4NCN9-F1-model.pdb	2026-07-23T03:45:18.765532+00:00	61073	bdf4807cac1f15677b3cb0d48c635d3783dd69795503d4e61d8b0d25b77cd295	plantpersulf/0.0.0
G4NCQ6	v6	https://alphafold.ebi.ac.uk/files/AF-G4NCQ6-F1-model_v6.pdb	../raw/alphafold/AF-G4NCQ6-F1-model.pdb	2026-07-23T03:45:21.567682+00:00	101087	3f4df75b498479b9518b9417711feadef6980959db3df94c3f19bf378dc124c5	plantpersulf/0.0.0
G4NCR9	v6	https://alphafold.ebi.ac.uk/files/AF-G4NCR9-F1-model_v6.pdb	../raw/alphafold/AF-G4NCR9-F1-model.pdb	2026-07-23T03:45:24.961607+00:00	452465	3d0844b43b0794459d9a9908d6497c176acba3b2e3f3ed122a8f4dcf831d86ac	plantpersulf/0.0.0
G4NCS0	v6	https://alphafold.ebi.ac.uk/files/AF-G4NCS0-F1-model_v6.pdb	../raw/alphafold/AF-G4NCS0-F1-model.pdb	2026-07-23T03:45:28.297680+00:00	409940	ad251cbf9fcd1a90c99c07caf9c7ee90cd377132fdb0897a7a6bc288e7cd5ae6	plantpersulf/0.0.0
G4NCT2	v6	https://alphafold.ebi.ac.uk/files/AF-G4NCT2-F1-model_v6.pdb	../raw/alphafold/AF-G4NCT2-F1-model.pdb	2026-07-23T03:45:31.569695+00:00	271106	b2c12ce0dfc0051f0838aee173ab76b35bc2e79fef8e4f11e47916dbeb181447	plantpersulf/0.0.0
G4NCT4	v6	https://alphafold.ebi.ac.uk/files/AF-G4NCT4-F1-model_v6.pdb	../raw/alphafold/AF-G4NCT4-F1-model.pdb	2026-07-23T03:45:34.613588+00:00	148229	861eae6d71b3f6b2e18f828dc14499376183544c1c448e2bf01a109036425ccc	plantpersulf/0.0.0
G4NCU0	v6	https://alphafold.ebi.ac.uk/files/AF-G4NCU0-F1-model_v6.pdb	../raw/alphafold/AF-G4NCU0-F1-model.pdb	2026-07-23T03:45:37.738279+00:00	291518	d60812cfbbc5f168591908406c9a3272e013a54309fad3f728e31c00d0842141	plantpersulf/0.0.0
G4NCV2	v6	https://alphafold.ebi.ac.uk/files/AF-G4NCV2-F1-model_v6.pdb	../raw/alphafold/AF-G4NCV2-F1-model.pdb	2026-07-23T03:45:40.746059+00:00	121823	cba7097dce2eb5fea6842ba595fc8004b556b1b55b797b57e132457cbaac0856	plantpersulf/0.0.0
G4NCV3	v6	https://alphafold.ebi.ac.uk/files/AF-G4NCV3-F1-model_v6.pdb	../raw/alphafold/AF-G4NCV3-F1-model.pdb	2026-07-23T03:45:44.632206+00:00	665090	1eaac2ab92bfbaaa740c37f7ef143e89f4a9338f5d8f74850acf1c0b0e20e99e	plantpersulf/0.0.0
G4NCX5	v6	https://alphafold.ebi.ac.uk/files/AF-G4NCX5-F1-model_v6.pdb	../raw/alphafold/AF-G4NCX5-F1-model.pdb	2026-07-23T03:45:47.369670+00:00	323027	929e2427a18304178685aa97d9cfbfc5d7372db0e68478a944f89c56c2564680	plantpersulf/0.0.0
G4NCY1	v6	https://alphafold.ebi.ac.uk/files/AF-G4NCY1-F1-model_v6.pdb	../raw/alphafold/AF-G4NCY1-F1-model.pdb	2026-07-23T03:45:50.730294+00:00	453680	2dcea2f4869b7e35cb953b8544a5eec3c0bc7c43785252a69a1e94ebe3824379	plantpersulf/0.0.0
G4NCY8	v6	https://alphafold.ebi.ac.uk/files/AF-G4NCY8-F1-model_v6.pdb	../raw/alphafold/AF-G4NCY8-F1-model.pdb	2026-07-23T03:45:53.798078+00:00	165320	ba2a7f4927908541f5f78862285015e0d09c870a83ba54c2e64117d511a0aff5	plantpersulf/0.0.0
G4ND07	v6	https://alphafold.ebi.ac.uk/files/AF-G4ND07-F1-model_v6.pdb	../raw/alphafold/AF-G4ND07-F1-model.pdb	2026-07-23T03:45:57.348554+00:00	378350	d95fe84896af9f484967204bf4e21e20811711135cc292d5218671105bc3a99d	plantpersulf/0.0.0
G4ND30	v6	https://alphafold.ebi.ac.uk/files/AF-G4ND30-F1-model_v6.pdb	../raw/alphafold/AF-G4ND30-F1-model.pdb	2026-07-23T03:46:00.513688+00:00	217727	5141ef3f42cf901a6556de198e544811de4b959e33782bd2169a75f7bed021ed	plantpersulf/0.0.0
G4ND44	v6	https://alphafold.ebi.ac.uk/files/AF-G4ND44-F1-model_v6.pdb	../raw/alphafold/AF-G4ND44-F1-model.pdb	2026-07-23T03:46:03.431089+00:00	401192	1e59cb46b43d3365b24a0d9ef5675fb71f30c74d18b5817bfdec73b9c8dce3a2	plantpersulf/0.0.0
G4ND47	v6	https://alphafold.ebi.ac.uk/files/AF-G4ND47-F1-model_v6.pdb	../raw/alphafold/AF-G4ND47-F1-model.pdb	2026-07-23T03:46:06.278352+00:00	698786	455b6697524c861cbad6c27a40c3ff20b07daf47d90d4f8c6e09471552f89c21	plantpersulf/0.0.0
G4ND55	v6	https://alphafold.ebi.ac.uk/files/AF-G4ND55-F1-model_v6.pdb	../raw/alphafold/AF-G4ND55-F1-model.pdb	2026-07-23T03:46:09.638798+00:00	383291	29469db3418b4a8a42efb1da1b26fdbcc827424866d935562a9e156326714caf	plantpersulf/0.0.0
G4ND63	v6	https://alphafold.ebi.ac.uk/files/AF-G4ND63-F1-model_v6.pdb	../raw/alphafold/AF-G4ND63-F1-model.pdb	2026-07-23T03:46:12.982244+00:00	300914	7a7d2df57c443d968fae091dfd3394a9be11c53b2eef4220346cb5829c1f38fe	plantpersulf/0.0.0
G4ND67	v6	https://alphafold.ebi.ac.uk/files/AF-G4ND67-F1-model_v6.pdb	../raw/alphafold/AF-G4ND67-F1-model.pdb	2026-07-23T03:46:16.484926+00:00	421361	842492c9564dfd6ce6ca793ec9de5e15c3cc72e58f0faf19c19f77e8515f98ca	plantpersulf/0.0.0
G4ND85	v6	https://alphafold.ebi.ac.uk/files/AF-G4ND85-F1-model_v6.pdb	../raw/alphafold/AF-G4ND85-F1-model.pdb	2026-07-23T03:46:20.033535+00:00	381185	1168f12561c3b7d3192461221c808ad0accf224dcd2ea46f7983694a42d2dd01	plantpersulf/0.0.0
G4NDB5	v6	https://alphafold.ebi.ac.uk/files/AF-G4NDB5-F1-model_v6.pdb	../raw/alphafold/AF-G4NDB5-F1-model.pdb	2026-07-23T03:46:23.210512+00:00	201203	24f5adf1637aaf7678ee514b3598eba078405dce56e0d9a3f3b92a1f03d0a02d	plantpersulf/0.0.0
G4NDC9	v6	https://alphafold.ebi.ac.uk/files/AF-G4NDC9-F1-model_v6.pdb	../raw/alphafold/AF-G4NDC9-F1-model.pdb	2026-07-23T03:46:26.532330+00:00	247049	605b14106601eac02b016b749070ae77f981a6ad8fdc3980643ef1463cd336da	plantpersulf/0.0.0
G4NDD2	v6	https://alphafold.ebi.ac.uk/files/AF-G4NDD2-F1-model_v6.pdb	../raw/alphafold/AF-G4NDD2-F1-model.pdb	2026-07-23T03:46:29.693618+00:00	232307	31744ab2f18d1bd16ea9225fdb727fb3ee6dd44b80d3d54b3d855732ac5490ff	plantpersulf/0.0.0
G4NDD5	v6	https://alphafold.ebi.ac.uk/files/AF-G4NDD5-F1-model_v6.pdb	../raw/alphafold/AF-G4NDD5-F1-model.pdb	2026-07-23T03:46:33.012089+00:00	268028	6a3b325ea68e623d88b14943205a72309d447dc2d0f7194bb1367ded59e98a9f	plantpersulf/0.0.0
G4NDG3	v6	https://alphafold.ebi.ac.uk/files/AF-G4NDG3-F1-model_v6.pdb	../raw/alphafold/AF-G4NDG3-F1-model.pdb	2026-07-23T03:46:37.328324+00:00	309824	2b8eacc7329d9e6764fe9dece17a021fe4cc74ad2043f8a3f81e2ac918796189	plantpersulf/0.0.0
G4NDH0	v6	https://alphafold.ebi.ac.uk/files/AF-G4NDH0-F1-model_v6.pdb	../raw/alphafold/AF-G4NDH0-F1-model.pdb	2026-07-23T03:46:40.466128+00:00	198125	b5ecb9ee9737d33ca779400ed33cd4974370e7f83c173aa63db4f4c2d9dd39de	plantpersulf/0.0.0
G4NDH6	v6	https://alphafold.ebi.ac.uk/files/AF-G4NDH6-F1-model_v6.pdb	../raw/alphafold/AF-G4NDH6-F1-model.pdb	2026-07-23T03:46:43.813298+00:00	393902	2a6f656fc60404e20631681ed5a62643693ef99d131e002047b8e594501c6bfa	plantpersulf/0.0.0
G4NDI4	v6	https://alphafold.ebi.ac.uk/files/AF-G4NDI4-F1-model_v6.pdb	../raw/alphafold/AF-G4NDI4-F1-model.pdb	2026-07-23T03:46:47.179436+00:00	345221	82a5ac648f63124d4ffd9a650a9d770150c830b2b0ddfd3875b8d796f36f6411	plantpersulf/0.0.0
G4NDL7	v6	https://alphafold.ebi.ac.uk/files/AF-G4NDL7-F1-model_v6.pdb	../raw/alphafold/AF-G4NDL7-F1-model.pdb	2026-07-23T03:46:50.540695+00:00	228824	da97bdf5b793b77efa1c001f236d52fb1f5a95724413b7b3978e8b4badceb097	plantpersulf/0.0.0
G4NDN3	v6	https://alphafold.ebi.ac.uk/files/AF-G4NDN3-F1-model_v6.pdb	../raw/alphafold/AF-G4NDN3-F1-model.pdb	2026-07-23T03:46:53.776263+00:00	221777	ff81f96ca2bb93c49a48313377ec0c9cb1fd83042308bb9d9440fdf2f1293154	plantpersulf/0.0.0
G4NDN4	v6	https://alphafold.ebi.ac.uk/files/AF-G4NDN4-F1-model_v6.pdb	../raw/alphafold/AF-G4NDN4-F1-model.pdb	2026-07-23T03:46:56.666299+00:00	141101	f31353d89bf3c877a0b02a70a17efdfa89d7d6e6cd702235b75c8363af2b43e6	plantpersulf/0.0.0
G4NDN8	v6	https://alphafold.ebi.ac.uk/files/AF-G4NDN8-F1-model_v6.pdb	../raw/alphafold/AF-G4NDN8-F1-model.pdb	2026-07-23T03:47:00.044915+00:00	331937	17e3bb166cc61ceefa1e713a9aca3d7193befbbac4394a5db8f969795a987fc7	plantpersulf/0.0.0
G4NDP7	v6	https://alphafold.ebi.ac.uk/files/AF-G4NDP7-F1-model_v6.pdb	../raw/alphafold/AF-G4NDP7-F1-model.pdb	2026-07-23T03:47:02.944906+00:00	58319	8011f8ff67d3cf59cb2ca70ab554ea72afd456ee2e480695150f9baed79b63d6	plantpersulf/0.0.0
G4NDR0	v6	https://alphafold.ebi.ac.uk/files/AF-G4NDR0-F1-model_v6.pdb	../raw/alphafold/AF-G4NDR0-F1-model.pdb	2026-07-23T03:47:06.590288+00:00	362636	0a9dca97c2d228947c486d446057562deaf9f40d18d3942eb6e333a1e03e9f18	plantpersulf/0.0.0
G4NDS1	v6	https://alphafold.ebi.ac.uk/files/AF-G4NDS1-F1-model_v6.pdb	../raw/alphafold/AF-G4NDS1-F1-model.pdb	2026-07-23T03:47:09.898315+00:00	377216	1d8cd010e58ade3bb8cdca9c3b0ba5be56f3ee34790390f7a446559efb293115	plantpersulf/0.0.0
G4NDS9	v6	https://alphafold.ebi.ac.uk/files/AF-G4NDS9-F1-model_v6.pdb	../raw/alphafold/AF-G4NDS9-F1-model.pdb	2026-07-23T03:47:13.259593+00:00	400382	531a964971493c74ae0a53e7cf6d9874088a32a68cd344405631480cd6c84655	plantpersulf/0.0.0
G4NDV3	v6	https://alphafold.ebi.ac.uk/files/AF-G4NDV3-F1-model_v6.pdb	../raw/alphafold/AF-G4NDV3-F1-model.pdb	2026-07-23T03:47:16.529046+00:00	285119	005f1dbc65d3f6d403cd1480194533cc5ab0b96354f97b2788c5c4a619e87a46	plantpersulf/0.0.0
G4NDV6	v6	https://alphafold.ebi.ac.uk/files/AF-G4NDV6-F1-model_v6.pdb	../raw/alphafold/AF-G4NDV6-F1-model.pdb	2026-07-23T03:47:19.668583+00:00	453194	0d0578ebf1020fa455d446b668470505798a49481f0f013618081382e2b3ff0e	plantpersulf/0.0.0
G4NDW5	v6	https://alphafold.ebi.ac.uk/files/AF-G4NDW5-F1-model_v6.pdb	../raw/alphafold/AF-G4NDW5-F1-model.pdb	2026-07-23T03:47:22.917576+00:00	381023	64ad292cbcf4781d80e3faa9527f172eb8fcb356538794ddf496eb13cc896cac	plantpersulf/0.0.0
G4NDY9	v6	https://alphafold.ebi.ac.uk/files/AF-G4NDY9-F1-model_v6.pdb	../raw/alphafold/AF-G4NDY9-F1-model.pdb	2026-07-23T03:47:27.013605+00:00	334205	d86a0081ba76cc602491bd1cd6c518adca352fa10ea9f90c6fcee9416307e642	plantpersulf/0.0.0
G4NDZ5	v6	https://alphafold.ebi.ac.uk/files/AF-G4NDZ5-F1-model_v6.pdb	../raw/alphafold/AF-G4NDZ5-F1-model.pdb	2026-07-23T03:47:30.244610+00:00	325052	cace3ca0a408ff55436921366a0a2bb05538b24cb4d93a81c65e1aeae5c60787	plantpersulf/0.0.0
G4NE06	v6	https://alphafold.ebi.ac.uk/files/AF-G4NE06-F1-model_v6.pdb	../raw/alphafold/AF-G4NE06-F1-model.pdb	2026-07-23T03:47:33.458360+00:00	305936	ce51a2a6aebc96072f94e75c049a914d320cd247a7f99a183585d2cddb5f664a	plantpersulf/0.0.0
G4NE12	v6	https://alphafold.ebi.ac.uk/files/AF-G4NE12-F1-model_v6.pdb	../raw/alphafold/AF-G4NE12-F1-model.pdb	2026-07-23T03:47:36.266126+00:00	89099	8401528b27edfe82ab287363f9935a55dcd70726ad5a84ea71aa2522b520f19a	plantpersulf/0.0.0
G4NE13	v6	https://alphafold.ebi.ac.uk/files/AF-G4NE13-F1-model_v6.pdb	../raw/alphafold/AF-G4NE13-F1-model.pdb	2026-07-23T03:47:39.873550+00:00	447443	9ffe5c452ce0d63f5cd99f95597c76042dcf7c3b6b97fb355d0f2b52abe63934	plantpersulf/0.0.0
G4NE17	v6	https://alphafold.ebi.ac.uk/files/AF-G4NE17-F1-model_v6.pdb	../raw/alphafold/AF-G4NE17-F1-model.pdb	2026-07-23T03:47:42.915628+00:00	191888	f691c9fb1f0796f527cc71c59ac201fa1f9cbf48437f9104d742bd2a5de2948b	plantpersulf/0.0.0
G4NE39	v6	https://alphafold.ebi.ac.uk/files/AF-G4NE39-F1-model_v6.pdb	../raw/alphafold/AF-G4NE39-F1-model.pdb	2026-07-23T03:47:46.517805+00:00	473201	1022e64e4291c4fc2c06b6ed345b81e7762076dea8a55d5b2d6264a3a600f947	plantpersulf/0.0.0
G4NE42	v6	https://alphafold.ebi.ac.uk/files/AF-G4NE42-F1-model_v6.pdb	../raw/alphafold/AF-G4NE42-F1-model.pdb	2026-07-23T03:47:49.492228+00:00	183788	8afaefd0b7f4eb6e5d83128abb997d7b110652f948372131f9df9dc22bdac4f3	plantpersulf/0.0.0
G4NE44	v6	https://alphafold.ebi.ac.uk/files/AF-G4NE44-F1-model_v6.pdb	../raw/alphafold/AF-G4NE44-F1-model.pdb	2026-07-23T03:47:52.861556+00:00	409130	7436d0ff57bf25d33d22d63018c8595728a8818b7973d4468f2a3dc85499427b	plantpersulf/0.0.0
G4NE52	v6	https://alphafold.ebi.ac.uk/files/AF-G4NE52-F1-model_v6.pdb	../raw/alphafold/AF-G4NE52-F1-model.pdb	2026-07-23T03:47:55.546652+00:00	59372	4896a7d61631a855b4c4b2a629f5048a8ca33bdaa2db909866244fadd648aa5f	plantpersulf/0.0.0
G4NE75	v6	https://alphafold.ebi.ac.uk/files/AF-G4NE75-F1-model_v6.pdb	../raw/alphafold/AF-G4NE75-F1-model.pdb	2026-07-23T03:47:58.642904+00:00	206792	ded7767f4d58eb0c47ea50e27728eebef08ea36f9b9cef6ff6544c502bea1bac	plantpersulf/0.0.0
G4NE83	v6	https://alphafold.ebi.ac.uk/files/AF-G4NE83-F1-model_v6.pdb	../raw/alphafold/AF-G4NE83-F1-model.pdb	2026-07-23T03:48:02.195817+00:00	344249	6b5c40408741b985be7299d92242f14dd376988cfaaa41c1190f699be923f89a	plantpersulf/0.0.0
G4NE97	v6	https://alphafold.ebi.ac.uk/files/AF-G4NE97-F1-model_v6.pdb	../raw/alphafold/AF-G4NE97-F1-model.pdb	2026-07-23T03:48:05.232371+00:00	813077	12386e5818a123bf02af257841d9360d5b34d3dd7ad2737aa4c2b5830e899c91	plantpersulf/0.0.0
G4NEA6	v6	https://alphafold.ebi.ac.uk/files/AF-G4NEA6-F1-model_v6.pdb	../raw/alphafold/AF-G4NEA6-F1-model.pdb	2026-07-23T03:48:08.734676+00:00	353078	8e06a91ec2e5257a39ed4ddd7f6afa034bc7fc25bca846cd10effec93c431098	plantpersulf/0.0.0
G4NEB6	v6	https://alphafold.ebi.ac.uk/files/AF-G4NEB6-F1-model_v6.pdb	../raw/alphafold/AF-G4NEB6-F1-model.pdb	2026-07-23T03:48:12.353447+00:00	634634	610731f4dbd1d9c37aef7f4779382024066692840d37e2ebaf781bef4d37b989	plantpersulf/0.0.0
G4NED3	v6	https://alphafold.ebi.ac.uk/files/AF-G4NED3-F1-model_v6.pdb	../raw/alphafold/AF-G4NED3-F1-model.pdb	2026-07-23T03:48:15.419218+00:00	208817	0d12418c6a7ed705b941b85cf0c9d734ce07a1a5394c1aa2c513637288f3ab56	plantpersulf/0.0.0
G4NEF2	v6	https://alphafold.ebi.ac.uk/files/AF-G4NEF2-F1-model_v6.pdb	../raw/alphafold/AF-G4NEF2-F1-model.pdb	2026-07-23T03:48:18.864183+00:00	307637	09f1ab42ac7f1cbf40980cd76160c8cd23aca134c4409f89a0996f936b430ee7	plantpersulf/0.0.0
G4NEG2	v6	https://alphafold.ebi.ac.uk/files/AF-G4NEG2-F1-model_v6.pdb	../raw/alphafold/AF-G4NEG2-F1-model.pdb	2026-07-23T03:48:21.852247+00:00	149039	4797e53d297dcc56a820c507670f5d2ad6d5f37a0da6e4b1c292dd2df0f72de4	plantpersulf/0.0.0
G4NEH5	v6	https://alphafold.ebi.ac.uk/files/AF-G4NEH5-F1-model_v6.pdb	../raw/alphafold/AF-G4NEH5-F1-model.pdb	2026-07-23T03:48:24.671733+00:00	110240	c26af34e31e6a585e3a56a56e86c3e2a039c6efb00375db51d45b069b69c48ae	plantpersulf/0.0.0
G4NEH7	v6	https://alphafold.ebi.ac.uk/files/AF-G4NEH7-F1-model_v6.pdb	../raw/alphafold/AF-G4NEH7-F1-model.pdb	2026-07-23T03:48:27.893011+00:00	259766	a045b926702edc45fa0b120c347b8f8c782982db25e51623718f7a6af7883c60	plantpersulf/0.0.0
G4NEI0	v6	https://alphafold.ebi.ac.uk/files/AF-G4NEI0-F1-model_v6.pdb	../raw/alphafold/AF-G4NEI0-F1-model.pdb	2026-07-23T03:48:31.595352+00:00	341333	2395b9da4b8507f305ae37579ee91bd3dfe3acd8dc4096c7f2287d16256cf448	plantpersulf/0.0.0
G4NEI2	v6	https://alphafold.ebi.ac.uk/files/AF-G4NEI2-F1-model_v6.pdb	../raw/alphafold/AF-G4NEI2-F1-model.pdb	2026-07-23T03:48:34.804686+00:00	213920	bdafdc4c8f754e0a17e82f237f687c26984c572513d59a2b46787481af247361	plantpersulf/0.0.0
G4NEL5	v6	https://alphafold.ebi.ac.uk/files/AF-G4NEL5-F1-model_v6.pdb	../raw/alphafold/AF-G4NEL5-F1-model.pdb	2026-07-23T03:48:39.159577+00:00	325457	3490b3222bb776ff6e17d40a81abec2a6bf397ed4f5f3a2d489b77caeea2522d	plantpersulf/0.0.0
G4NEM8	v6	https://alphafold.ebi.ac.uk/files/AF-G4NEM8-F1-model_v6.pdb	../raw/alphafold/AF-G4NEM8-F1-model.pdb	2026-07-23T03:48:42.553816+00:00	268109	04d741f63f1270b8dd227b1c9c0811ecc8ff1a639d97e4571214930c2a2e5c11	plantpersulf/0.0.0
G4NES9	v6	https://alphafold.ebi.ac.uk/files/AF-G4NES9-F1-model_v6.pdb	../raw/alphafold/AF-G4NES9-F1-model.pdb	2026-07-23T03:48:45.821501+00:00	171314	a449d15cc7335c12078d53d51c629db9f6f9d7590e257b12062ca2bd57540f56	plantpersulf/0.0.0
G4NET0	v6	https://alphafold.ebi.ac.uk/files/AF-G4NET0-F1-model_v6.pdb	../raw/alphafold/AF-G4NET0-F1-model.pdb	2026-07-23T03:48:49.253137+00:00	371870	b61d175071434e9afdfc4e416c5054c4f7cc5fdfe071a37ecf1eb69526ac38b8	plantpersulf/0.0.0
G4NEV6	v6	https://alphafold.ebi.ac.uk/files/AF-G4NEV6-F1-model_v6.pdb	../raw/alphafold/AF-G4NEV6-F1-model.pdb	2026-07-23T03:48:52.633790+00:00	393740	4f78642feb21bf74805999a6e8cd5f8c5143a45676ed5edaebdb060d6c63e9b6	plantpersulf/0.0.0
G4NEY9	v6	https://alphafold.ebi.ac.uk/files/AF-G4NEY9-F1-model_v6.pdb	../raw/alphafold/AF-G4NEY9-F1-model.pdb	2026-07-23T03:48:55.863606+00:00	262682	2b0c82ec3c9a8c6fa330175cf69126d48fc64416d58cca63fea7291e9276999d	plantpersulf/0.0.0
G4NF63	v6	https://alphafold.ebi.ac.uk/files/AF-G4NF63-F1-model_v6.pdb	../raw/alphafold/AF-G4NF63-F1-model.pdb	2026-07-23T03:48:59.259315+00:00	254825	47a5fe4c5f1bbabb8de6fbb822faaa1aa967edf9f5355206dba37fb7c8d61141	plantpersulf/0.0.0
G4NF64	v6	https://alphafold.ebi.ac.uk/files/AF-G4NF64-F1-model_v6.pdb	../raw/alphafold/AF-G4NF64-F1-model.pdb	2026-07-23T03:49:02.318462+00:00	248102	274c03df07ce2b1a5e5caa27fde36959767b4e79f32b47e3f21a91eec1aae643	plantpersulf/0.0.0
G4NF76	v6	https://alphafold.ebi.ac.uk/files/AF-G4NF76-F1-model_v6.pdb	../raw/alphafold/AF-G4NF76-F1-model.pdb	2026-07-23T03:49:05.312034+00:00	145070	cdc01cc52933620738463c143c968be58d35c399d077cc8e60102bfe0a620639	plantpersulf/0.0.0
G4NF97	v6	https://alphafold.ebi.ac.uk/files/AF-G4NF97-F1-model_v6.pdb	../raw/alphafold/AF-G4NF97-F1-model.pdb	2026-07-23T03:49:08.818587+00:00	457244	77851f08b49e18c5418102516ad4df71fce8032b548a87ac0a8b67b999c54ad1	plantpersulf/0.0.0
G4NFA8	v6	https://alphafold.ebi.ac.uk/files/AF-G4NFA8-F1-model_v6.pdb	../raw/alphafold/AF-G4NFA8-F1-model.pdb	2026-07-23T03:49:12.058339+00:00	331856	61ef21d68f54c78fbb8b12e3962db008b1893ac6b7900f644148750f2d5f053e	plantpersulf/0.0.0
G4NFA9	v6	https://alphafold.ebi.ac.uk/files/AF-G4NFA9-F1-model_v6.pdb	../raw/alphafold/AF-G4NFA9-F1-model.pdb	2026-07-23T03:49:14.936198+00:00	139805	f51348b3edc03e8f4cac2c55398895d4e0749819d80e9d966df06df1d4a5d8ec	plantpersulf/0.0.0
G4NFG0	v6	https://alphafold.ebi.ac.uk/files/AF-G4NFG0-F1-model_v6.pdb	../raw/alphafold/AF-G4NFG0-F1-model.pdb	2026-07-23T03:49:18.131729+00:00	283499	df615108b932a58d9ad6c9cb1f7689d20fe7930ca8bab021ccc7d3d03a2d5f97	plantpersulf/0.0.0
G4NFJ5	v6	https://alphafold.ebi.ac.uk/files/AF-G4NFJ5-F1-model_v6.pdb	../raw/alphafold/AF-G4NFJ5-F1-model.pdb	2026-07-23T03:49:21.211842+00:00	164186	d71457564aebc620cdf93947dcc8a786494bb41a80d931ff5fd43d9b97991848	plantpersulf/0.0.0
G4NFS0	v6	https://alphafold.ebi.ac.uk/files/AF-G4NFS0-F1-model_v6.pdb	../raw/alphafold/AF-G4NFS0-F1-model.pdb	2026-07-23T03:49:25.482324+00:00	261062	8d7d7fedb1372744500f70dd09db634e2689cae1bec86b53779f67cd07c57a80	plantpersulf/0.0.0
G4NFT2	v6	https://alphafold.ebi.ac.uk/files/AF-G4NFT2-F1-model_v6.pdb	../raw/alphafold/AF-G4NFT2-F1-model.pdb	2026-07-23T03:49:29.198292+00:00	550394	04f32ff130eb7ae0d755134a4783ce05c40a4eabc442e58b4920fc0121538d28	plantpersulf/0.0.0
G4NFT6	v6	https://alphafold.ebi.ac.uk/files/AF-G4NFT6-F1-model_v6.pdb	../raw/alphafold/AF-G4NFT6-F1-model.pdb	2026-07-23T03:49:31.984427+00:00	222587	15d0c97197d09e81237102bc6a70922a2289d88ab8c1e2b38aea4045f022247e	plantpersulf/0.0.0
G4NFU5	v6	https://alphafold.ebi.ac.uk/files/AF-G4NFU5-F1-model_v6.pdb	../raw/alphafold/AF-G4NFU5-F1-model.pdb	2026-07-23T03:49:35.244569+00:00	334610	1a12e4bbc9e1967b4cfcbfeb1104a5d11e2cf9d85900886ffa4af2decb45fc35	plantpersulf/0.0.0
G4NFU6	v6	https://alphafold.ebi.ac.uk/files/AF-G4NFU6-F1-model_v6.pdb	../raw/alphafold/AF-G4NFU6-F1-model.pdb	2026-07-23T03:49:38.805114+00:00	589841	6892591577e2c0c7e879d7dc375a31c436c79c23eb8d370ad97a35bff98c760a	plantpersulf/0.0.0
G4NFW1	v6	https://alphafold.ebi.ac.uk/files/AF-G4NFW1-F1-model_v6.pdb	../raw/alphafold/AF-G4NFW1-F1-model.pdb	2026-07-23T03:49:41.329251+00:00	283985	eec39e567cf9e00a02eaab1f95937e9cf826d9afeff3e6252ea9e07b4b1ae1ba	plantpersulf/0.0.0
G4NG12	v6	https://alphafold.ebi.ac.uk/files/AF-G4NG12-F1-model_v6.pdb	../raw/alphafold/AF-G4NG12-F1-model.pdb	2026-07-23T03:49:44.543485+00:00	233036	423ffe707cd3b67be381377b23470c74eccdcc017a09e8562ea6760df8a06466	plantpersulf/0.0.0
G4NG28	v6	https://alphafold.ebi.ac.uk/files/AF-G4NG28-F1-model_v6.pdb	../raw/alphafold/AF-G4NG28-F1-model.pdb	2026-07-23T03:49:47.708491+00:00	250694	0304db113937ac9e601a3f15736869043a01b0047d8d6ba0c8f22d52e2394c18	plantpersulf/0.0.0
G4NG70	v6	https://alphafold.ebi.ac.uk/files/AF-G4NG70-F1-model_v6.pdb	../raw/alphafold/AF-G4NG70-F1-model.pdb	2026-07-23T03:49:51.090632+00:00	368954	074d1dc0369e70d0795f3517a1bfd56f1efd1f9e2099b2893e31458f85da1b1d	plantpersulf/0.0.0
G4NG71	v6	https://alphafold.ebi.ac.uk/files/AF-G4NG71-F1-model_v6.pdb	../raw/alphafold/AF-G4NG71-F1-model.pdb	2026-07-23T03:49:54.402319+00:00	357128	7280d7e6bdf5fe21e20586ecd0773c0621f4d6fe3fc297e1d852127a32d3ba45	plantpersulf/0.0.0
G4NG91	v6	https://alphafold.ebi.ac.uk/files/AF-G4NG91-F1-model_v6.pdb	../raw/alphafold/AF-G4NG91-F1-model.pdb	2026-07-23T03:49:57.265358+00:00	133001	1ffb88e960df997c6ebcb70ecdac099a72d18560e351a3e5d387f27ed155a39a	plantpersulf/0.0.0
G4NG93	v6	https://alphafold.ebi.ac.uk/files/AF-G4NG93-F1-model_v6.pdb	../raw/alphafold/AF-G4NG93-F1-model.pdb	2026-07-23T03:50:00.279770+00:00	192050	85414aeaed1aa77d47fe9323fa446e1685cf5c519a46e09fffff8dc1f2610a8a	plantpersulf/0.0.0
G4NGA5	v6	https://alphafold.ebi.ac.uk/files/AF-G4NGA5-F1-model_v6.pdb	../raw/alphafold/AF-G4NGA5-F1-model.pdb	2026-07-23T03:50:03.772746+00:00	341576	dc017010b564d0c8f63cbce7f3ba365b30843efa27de471b092383cbe115eec5	plantpersulf/0.0.0
G4NGD7	v6	https://alphafold.ebi.ac.uk/files/AF-G4NGD7-F1-model_v6.pdb	../raw/alphafold/AF-G4NGD7-F1-model.pdb	2026-07-23T03:50:07.119004+00:00	361340	3f3259119991e643ad734cc93ff1aa684aef3da710cec88966c6c26f4d443d32	plantpersulf/0.0.0
G4NGE1	v6	https://alphafold.ebi.ac.uk/files/AF-G4NGE1-F1-model_v6.pdb	../raw/alphafold/AF-G4NGE1-F1-model.pdb	2026-07-23T03:50:10.223205+00:00	318086	25ea3e6f1015137570856354b7468415c9d4385bbfcc9a37536993c610e6e5c0	plantpersulf/0.0.0
G4NGE9	v6	https://alphafold.ebi.ac.uk/files/AF-G4NGE9-F1-model_v6.pdb	../raw/alphafold/AF-G4NGE9-F1-model.pdb	2026-07-23T03:50:14.425680+00:00	280583	653cb603cc2e0811c523791548b5a969ea76f29325b131d4bfd019681fbda768	plantpersulf/0.0.0
G4NGF3	v6	https://alphafold.ebi.ac.uk/files/AF-G4NGF3-F1-model_v6.pdb	../raw/alphafold/AF-G4NGF3-F1-model.pdb	2026-07-23T03:50:18.075943+00:00	434645	4043d1501ef0610af848c2fc9281ce52c7a678f155ec56c7d190779451dfd988	plantpersulf/0.0.0
G4NGG1	v6	https://alphafold.ebi.ac.uk/files/AF-G4NGG1-F1-model_v6.pdb	../raw/alphafold/AF-G4NGG1-F1-model.pdb	2026-07-23T03:50:21.092889+00:00	150416	825a4464fd551c71045d556a8362740d94576d174c2a1cb3b91d01771dd8960a	plantpersulf/0.0.0
G4NGH5	v6	https://alphafold.ebi.ac.uk/files/AF-G4NGH5-F1-model_v6.pdb	../raw/alphafold/AF-G4NGH5-F1-model.pdb	2026-07-23T03:50:23.702296+00:00	253691	ce22f0f984fa2f046ddf142b1d51167b891781b1f76e7f8d0f6bc548b47e603f	plantpersulf/0.0.0
G4NGL9	v6	https://alphafold.ebi.ac.uk/files/AF-G4NGL9-F1-model_v6.pdb	../raw/alphafold/AF-G4NGL9-F1-model.pdb	2026-07-23T03:50:26.872747+00:00	211895	c80d4705c44abd8a04f05c4ed3fa94921b68f34f103d4f999361cea5a8cb7b07	plantpersulf/0.0.0
G4NGP4	v6	https://alphafold.ebi.ac.uk/files/AF-G4NGP4-F1-model_v6.pdb	../raw/alphafold/AF-G4NGP4-F1-model.pdb	2026-07-23T03:50:30.019772+00:00	182006	c5dec8f4b62d2cce91c1183b1fe7a3d752a701a5e40da7fa667fba8be283d5a3	plantpersulf/0.0.0
G4NGQ3	v6	https://alphafold.ebi.ac.uk/files/AF-G4NGQ3-F1-model_v6.pdb	../raw/alphafold/AF-G4NGQ3-F1-model.pdb	2026-07-23T03:50:34.273081+00:00	268190	8bf1a11e287a93063dfe548d82bbadc49da996dfadf3f9cb8a0885160e88917e	plantpersulf/0.0.0
G4NGS0	v6	https://alphafold.ebi.ac.uk/files/AF-G4NGS0-F1-model_v6.pdb	../raw/alphafold/AF-G4NGS0-F1-model.pdb	2026-07-23T03:50:37.508992+00:00	272726	e8d3e9ff46a5225ffdb0bb7ba270dcd07e902a2141a8af37add37a375577bb2d	plantpersulf/0.0.0
G4NGT3	v6	https://alphafold.ebi.ac.uk/files/AF-G4NGT3-F1-model_v6.pdb	../raw/alphafold/AF-G4NGT3-F1-model.pdb	2026-07-23T03:50:40.813481+00:00	280583	7c166e7eab5edab06bc86c26a6dfbf722041eba31f2e379dcd667b2ce3085a15	plantpersulf/0.0.0
G4NGU0	v6	https://alphafold.ebi.ac.uk/files/AF-G4NGU0-F1-model_v6.pdb	../raw/alphafold/AF-G4NGU0-F1-model.pdb	2026-07-23T03:50:43.799164+00:00	299780	87a0327c66f52f4b9f185daa0b9a57ca0f5f54af16ded98be019eb78af5d4744	plantpersulf/0.0.0
G4NGW1	v6	https://alphafold.ebi.ac.uk/files/AF-G4NGW1-F1-model_v6.pdb	../raw/alphafold/AF-G4NGW1-F1-model.pdb	2026-07-23T03:50:47.264674+00:00	324161	7d486fe565ca983f13ba06c6bd06fc521684541f60513feb067449b60aa57d95	plantpersulf/0.0.0
G4NGW6	v6	https://alphafold.ebi.ac.uk/files/AF-G4NGW6-F1-model_v6.pdb	../raw/alphafold/AF-G4NGW6-F1-model.pdb	2026-07-23T03:50:50.599354+00:00	325052	7bdb135170304a53da4b5ea895dfa56e7f20037ff184fc9e327553c08e8517de	plantpersulf/0.0.0
G4NGW8	v6	https://alphafold.ebi.ac.uk/files/AF-G4NGW8-F1-model_v6.pdb	../raw/alphafold/AF-G4NGW8-F1-model.pdb	2026-07-23T03:50:53.675292+00:00	250289	d5baac15df43f950ee61c2e474c69f0e4ae9f3300a34dd9ebf88f4be01eb88bb	plantpersulf/0.0.0
G4NGX6	v6	https://alphafold.ebi.ac.uk/files/AF-G4NGX6-F1-model_v6.pdb	../raw/alphafold/AF-G4NGX6-F1-model.pdb	2026-07-23T03:50:56.225086+00:00	202094	24e522eccbec9637bcb0e4d434b0747280276c5a34a3dda6f3946ea2fc269833	plantpersulf/0.0.0
G4NGY3	v6	https://alphafold.ebi.ac.uk/files/AF-G4NGY3-F1-model_v6.pdb	../raw/alphafold/AF-G4NGY3-F1-model.pdb	2026-07-23T03:50:59.982909+00:00	623861	9c1e4ce5370d42c5f8d516096d3c6659e3b43ef3c7edf6cee5f6fb0cf33d8955	plantpersulf/0.0.0
G4NGZ4	v6	https://alphafold.ebi.ac.uk/files/AF-G4NGZ4-F1-model_v6.pdb	../raw/alphafold/AF-G4NGZ4-F1-model.pdb	2026-07-23T03:51:03.231921+00:00	243485	9447aae3f6ee69bd7b5d99a17a2f27202abb74fa8ace44114c609f926bc00eff	plantpersulf/0.0.0
G4NH07	v6	https://alphafold.ebi.ac.uk/files/AF-G4NH07-F1-model_v6.pdb	../raw/alphafold/AF-G4NH07-F1-model.pdb	2026-07-23T03:51:06.885896+00:00	531521	196758c99ccf8fa285d91d724da8673c2a2a5e67ee83ae2e37bbbcb426b78873	plantpersulf/0.0.0
G4NH26	v6	https://alphafold.ebi.ac.uk/files/AF-G4NH26-F1-model_v6.pdb	../raw/alphafold/AF-G4NH26-F1-model.pdb	2026-07-23T03:51:10.012818+00:00	173663	533f48ab6e7c56ccb7d72e46ead0258a85ee8881d05d975759b77fc3c08bc915	plantpersulf/0.0.0
G4NH38	v6	https://alphafold.ebi.ac.uk/files/AF-G4NH38-F1-model_v6.pdb	../raw/alphafold/AF-G4NH38-F1-model.pdb	2026-07-23T03:51:13.579121+00:00	478142	3180660026ac381da95d4960aaf59b564dc382adb925b38bf09ac6283d11cae2	plantpersulf/0.0.0
G4NH43	v6	https://alphafold.ebi.ac.uk/files/AF-G4NH43-F1-model_v6.pdb	../raw/alphafold/AF-G4NH43-F1-model.pdb	2026-07-23T03:51:16.930672+00:00	361097	209aafcc1a5b5b11ae3cf232dca4eb5656fc7be22a97d256f518db8460af89bf	plantpersulf/0.0.0
G4NH48	v6	https://alphafold.ebi.ac.uk/files/AF-G4NH48-F1-model_v6.pdb	../raw/alphafold/AF-G4NH48-F1-model.pdb	2026-07-23T03:51:20.186500+00:00	307799	b540dc0acdd8f4c2b2a310853a7dab6ba4d54192d95b58dbe13fa97cb8e96441	plantpersulf/0.0.0
G4NH66	v6	https://alphafold.ebi.ac.uk/files/AF-G4NH66-F1-model_v6.pdb	../raw/alphafold/AF-G4NH66-F1-model.pdb	2026-07-23T03:51:23.234755+00:00	192050	9fa1191c4bcd31940dce1cd0b4d67b0802e976d8635a23a7e4eee93d06dfb499	plantpersulf/0.0.0
G4NH69	v6	https://alphafold.ebi.ac.uk/files/AF-G4NH69-F1-model_v6.pdb	../raw/alphafold/AF-G4NH69-F1-model.pdb	2026-07-23T03:51:26.310008+00:00	259037	a3859a00b7422c13ca6647fa9079ad327783c0b26c8f3f5626f28f66c7cff424	plantpersulf/0.0.0
G4NH78	v6	https://alphafold.ebi.ac.uk/files/AF-G4NH78-F1-model_v6.pdb	../raw/alphafold/AF-G4NH78-F1-model.pdb	2026-07-23T03:51:29.416106+00:00	169046	0d0c1493badcad300f9430d7855d27dc212f3fed5542e419211071cca7714abf	plantpersulf/0.0.0
G4NH84	v6	https://alphafold.ebi.ac.uk/files/AF-G4NH84-F1-model_v6.pdb	../raw/alphafold/AF-G4NH84-F1-model.pdb	2026-07-23T03:51:32.682223+00:00	254420	a8cca4406c437875345db71bc402ac0606c6cbfec609de87d4567af5472826ab	plantpersulf/0.0.0
G4NHA4	v6	https://alphafold.ebi.ac.uk/files/AF-G4NHA4-F1-model_v6.pdb	../raw/alphafold/AF-G4NHA4-F1-model.pdb	2026-07-23T03:51:35.347587+00:00	62288	ac310c646a21793c68a3b631a796f23663bda12f5b7667b309b398f4dadd6a7e	plantpersulf/0.0.0
G4NHA5	v6	https://alphafold.ebi.ac.uk/files/AF-G4NHA5-F1-model_v6.pdb	../raw/alphafold/AF-G4NHA5-F1-model.pdb	2026-07-23T03:51:38.985027+00:00	513701	dbae9edb68a788e4878f3944058a7a02e8e63b4b218383711264232a253c127e	plantpersulf/0.0.0
G4NHC2	v6	https://alphafold.ebi.ac.uk/files/AF-G4NHC2-F1-model_v6.pdb	../raw/alphafold/AF-G4NHC2-F1-model.pdb	2026-07-23T03:51:41.961774+00:00	218375	06df16ed87aa7194b357832b07925a4290248d3b8d36f757281fa6e9afe74ad8	plantpersulf/0.0.0
G4NHC6	v6	https://alphafold.ebi.ac.uk/files/AF-G4NHC6-F1-model_v6.pdb	../raw/alphafold/AF-G4NHC6-F1-model.pdb	2026-07-23T03:51:44.849599+00:00	439991	1b4f81b823b9b65070050bf47742189f26991bc7a9033193d92380160ae5d73d	plantpersulf/0.0.0
G4NHE4	v6	https://alphafold.ebi.ac.uk/files/AF-G4NHE4-F1-model_v6.pdb	../raw/alphafold/AF-G4NHE4-F1-model.pdb	2026-07-23T03:51:48.121987+00:00	320435	08aca8518a501ee61b8235bdb0d686b3fd07d20504f5f19a1034e355f975b64d	plantpersulf/0.0.0
G4NHE6	v6	https://alphafold.ebi.ac.uk/files/AF-G4NHE6-F1-model_v6.pdb	../raw/alphafold/AF-G4NHE6-F1-model.pdb	2026-07-23T03:51:51.339898+00:00	174959	74e042875bedea29dc427279df4791f57d1cfe2675e3bbee217db76f24a0659d	plantpersulf/0.0.0
G4NHF5	v6	https://alphafold.ebi.ac.uk/files/AF-G4NHF5-F1-model_v6.pdb	../raw/alphafold/AF-G4NHF5-F1-model.pdb	2026-07-23T03:51:54.892828+00:00	544805	cc3c64451d43ac6a7a073567c7651f92da681cf4735a7e170ed670871df7599a	plantpersulf/0.0.0
G4NHF8	v6	https://alphafold.ebi.ac.uk/files/AF-G4NHF8-F1-model_v6.pdb	../raw/alphafold/AF-G4NHF8-F1-model.pdb	2026-07-23T03:51:58.214149+00:00	255473	022c5aacc1ee0a63bcaec071d2cabf2943d9029d8c2f99b07adc1960649a40d3	plantpersulf/0.0.0
G4NHH7	v6	https://alphafold.ebi.ac.uk/files/AF-G4NHH7-F1-model_v6.pdb	../raw/alphafold/AF-G4NHH7-F1-model.pdb	2026-07-23T03:52:01.716242+00:00	425492	16e44f2481058212a829f72c45b2724d99f8235774a9e11a64a497cd4cbd4108	plantpersulf/0.0.0
G4NHJ2	v6	https://alphafold.ebi.ac.uk/files/AF-G4NHJ2-F1-model_v6.pdb	../raw/alphafold/AF-G4NHJ2-F1-model.pdb	2026-07-23T03:52:04.911744+00:00	311039	39d12535cce7cc88c9c8d085d8d071cef83e5511465b2d1cf35faac96433d679	plantpersulf/0.0.0
G4NHQ2	v6	https://alphafold.ebi.ac.uk/files/AF-G4NHQ2-F1-model_v6.pdb	../raw/alphafold/AF-G4NHQ2-F1-model.pdb	2026-07-23T03:52:08.404206+00:00	412613	92ab810fba73fbd3e875c1bd510623a2f9af445df6f0fe244d91e02eefc36c95	plantpersulf/0.0.0
G4NHQ3	v6	https://alphafold.ebi.ac.uk/files/AF-G4NHQ3-F1-model_v6.pdb	../raw/alphafold/AF-G4NHQ3-F1-model.pdb	2026-07-23T03:52:11.410269+00:00	183545	63c7376a43db31c11fbc8497ce588f07d325c2646d2fd919682bfa37eb0a006f	plantpersulf/0.0.0
G4NHR8	v6	https://alphafold.ebi.ac.uk/files/AF-G4NHR8-F1-model_v6.pdb	../raw/alphafold/AF-G4NHR8-F1-model.pdb	2026-07-23T03:52:14.607058+00:00	310472	6c9886683ca87e86f199300212f09e41612a91f80db956be657083b4524c470b	plantpersulf/0.0.0
G4NHU5	v6	https://alphafold.ebi.ac.uk/files/AF-G4NHU5-F1-model_v6.pdb	../raw/alphafold/AF-G4NHU5-F1-model.pdb	2026-07-23T03:52:18.081184+00:00	676835	9bd5b44c585175848fb66da1de0b58c83bb013edbd1a9f5e838afa9e4e906cb0	plantpersulf/0.0.0
G4NHV1	v6	https://alphafold.ebi.ac.uk/files/AF-G4NHV1-F1-model_v6.pdb	../raw/alphafold/AF-G4NHV1-F1-model.pdb	2026-07-23T03:52:21.387431+00:00	265355	dba6f3c1a5adbfeac549e2fc6c7f676262ee052f181bbf2dd039587f5c94814c	plantpersulf/0.0.0
G4NHZ0	v6	https://alphafold.ebi.ac.uk/files/AF-G4NHZ0-F1-model_v6.pdb	../raw/alphafold/AF-G4NHZ0-F1-model.pdb	2026-07-23T03:52:24.507121+00:00	223802	fca578994e80915acb216f97fd8fce9631071d7b8db094075ee6e351c62d2b6a	plantpersulf/0.0.0
G4NI02	v6	https://alphafold.ebi.ac.uk/files/AF-G4NI02-F1-model_v6.pdb	../raw/alphafold/AF-G4NI02-F1-model.pdb	2026-07-23T03:52:28.015636+00:00	583847	e95e861798ed1b1de659c894d23db295fa7f85f11601c6eb4ece93be0a4dcd85	plantpersulf/0.0.0
G4NI27	v6	https://alphafold.ebi.ac.uk/files/AF-G4NI27-F1-model_v6.pdb	../raw/alphafold/AF-G4NI27-F1-model.pdb	2026-07-23T03:52:31.091572+00:00	206306	198754d4b307e0c27057fa330541dbacd91c8b783078eef61bdc1fa8fa111b5b	plantpersulf/0.0.0
G4NI50	v6	https://alphafold.ebi.ac.uk/files/AF-G4NI50-F1-model_v6.pdb	../raw/alphafold/AF-G4NI50-F1-model.pdb	2026-07-23T03:52:34.086055+00:00	192698	3754626e1942cab26aa0fe25389c81d5f5734efe467528dfd628e02d6f995faf	plantpersulf/0.0.0
G4NI53	v6	https://alphafold.ebi.ac.uk/files/AF-G4NI53-F1-model_v6.pdb	../raw/alphafold/AF-G4NI53-F1-model.pdb	2026-07-23T03:52:37.367985+00:00	292814	23305ad0f1aff4bc5ebd6b3678f6f7cead5825af1f05c1d5c6c4cc1a2e1030d4	plantpersulf/0.0.0
G4NI74	v6	https://alphafold.ebi.ac.uk/files/AF-G4NI74-F1-model_v6.pdb	../raw/alphafold/AF-G4NI74-F1-model.pdb	2026-07-23T03:52:40.171066+00:00	239840	2a39807d36e45e9d9c60b7aa6bcbc0e477e81a013e9a61ceeab6605020f0f6f4	plantpersulf/0.0.0
G4NI92	v6	https://alphafold.ebi.ac.uk/files/AF-G4NI92-F1-model_v6.pdb	../raw/alphafold/AF-G4NI92-F1-model.pdb	2026-07-23T03:52:43.348968+00:00	303668	a8e63a7664d5e11a780a4d6a8fb5d21abf4597f03fe7fd8a53d38d3066998706	plantpersulf/0.0.0
G4NI95	v6	https://alphafold.ebi.ac.uk/files/AF-G4NI95-F1-model_v6.pdb	../raw/alphafold/AF-G4NI95-F1-model.pdb	2026-07-23T03:52:46.288996+00:00	110159	1297405fbc9aeb1c4452b6550df0fbc273f7ca134ea9c515d7224874e51a7523	plantpersulf/0.0.0
G4NIB7	v6	https://alphafold.ebi.ac.uk/files/AF-G4NIB7-F1-model_v6.pdb	../raw/alphafold/AF-G4NIB7-F1-model.pdb	2026-07-23T03:52:49.566852+00:00	254501	1e52594ff6224a48b884abc091df1fb78d7f620ea4a5f380e6e8d0986e0efc74	plantpersulf/0.0.0
G4NID6	v6	https://alphafold.ebi.ac.uk/files/AF-G4NID6-F1-model_v6.pdb	../raw/alphafold/AF-G4NID6-F1-model.pdb	2026-07-23T03:52:52.643435+00:00	170909	52d3902d4b54d21efffb5718670065415b2f0a2c5f50c02bbc988dd64d1aed2f	plantpersulf/0.0.0
G4NIE1	v6	https://alphafold.ebi.ac.uk/files/AF-G4NIE1-F1-model_v6.pdb	../raw/alphafold/AF-G4NIE1-F1-model.pdb	2026-07-23T03:52:56.010013+00:00	432863	ca90fe84e65ee6866f81814cf1a5e3b3502260802ff7e16b1b4535e93b51eabb	plantpersulf/0.0.0
G4NIH7	v6	https://alphafold.ebi.ac.uk/files/AF-G4NIH7-F1-model_v6.pdb	../raw/alphafold/AF-G4NIH7-F1-model.pdb	2026-07-23T03:52:58.962501+00:00	506249	43006979a12874c0c864e721c7318cdee69e183de7fdb503dd1469cdf2b368f4	plantpersulf/0.0.0
G4NIQ1	v6	https://alphafold.ebi.ac.uk/files/AF-G4NIQ1-F1-model_v6.pdb	../raw/alphafold/AF-G4NIQ1-F1-model.pdb	2026-07-23T03:53:02.404892+00:00	293057	d176108c741cdfd9d48be3f610a7087821cade81f889238ae90316e03fa5935c	plantpersulf/0.0.0
G4NIQ4	v6	https://alphafold.ebi.ac.uk/files/AF-G4NIQ4-F1-model_v6.pdb	../raw/alphafold/AF-G4NIQ4-F1-model.pdb	2026-07-23T03:53:05.567906+00:00	75896	8347b5a1393ff4eecba5496d9ce36c0bacf038d24a96edfadfa6cfb0933b394b	plantpersulf/0.0.0
G4NIR2	v6	https://alphafold.ebi.ac.uk/files/AF-G4NIR2-F1-model_v6.pdb	../raw/alphafold/AF-G4NIR2-F1-model.pdb	2026-07-23T03:53:09.199785+00:00	433187	1d699acc4d20ad116444249a5baf75838197efdb771b47b15fd9f3210e36200f	plantpersulf/0.0.0
G4NIS3	v6	https://alphafold.ebi.ac.uk/files/AF-G4NIS3-F1-model_v6.pdb	../raw/alphafold/AF-G4NIS3-F1-model.pdb	2026-07-23T03:53:13.404183+00:00	328697	d2a823ff1c8360e508260071e3103c08b2d231f106eab0159e4f36570591a62d	plantpersulf/0.0.0
G4NIU4	v6	https://alphafold.ebi.ac.uk/files/AF-G4NIU4-F1-model_v6.pdb	../raw/alphafold/AF-G4NIU4-F1-model.pdb	2026-07-23T03:53:18.272717+00:00	102545	385fb3c29b9aaf2f1a22b90cfcbff9b4370ec8dc621c04b6d06b8f44d72915b3	plantpersulf/0.0.0
G4NIW9	v6	https://alphafold.ebi.ac.uk/files/AF-G4NIW9-F1-model_v6.pdb	../raw/alphafold/AF-G4NIW9-F1-model.pdb	2026-07-23T03:53:21.342943+00:00	156653	85a3c17453868cd933942a4a61c12299fea242ce15d2a845a28e7948e2548f6e	plantpersulf/0.0.0
G4NIY0	v6	https://alphafold.ebi.ac.uk/files/AF-G4NIY0-F1-model_v6.pdb	../raw/alphafold/AF-G4NIY0-F1-model.pdb	2026-07-23T03:53:24.467916+00:00	362636	c0387040e9cf9beaed4dfb2a63d156f6fb55b1e8a0bddc85a5185727afb79abc	plantpersulf/0.0.0
G4NIZ7	v6	https://alphafold.ebi.ac.uk/files/AF-G4NIZ7-F1-model_v6.pdb	../raw/alphafold/AF-G4NIZ7-F1-model.pdb	2026-07-23T03:53:27.801891+00:00	341414	b4cf86ed6404dffaa80903ed8d5b76c8cda2553d7858dd30d52e15542e23edd4	plantpersulf/0.0.0
G4NJ81	v6	https://alphafold.ebi.ac.uk/files/AF-G4NJ81-F1-model_v6.pdb	../raw/alphafold/AF-G4NJ81-F1-model.pdb	2026-07-23T03:53:31.359856+00:00	370898	fd04329a9f05b1f2fa49903bf0752ac0f93f72285d781d78ed1589cce9a68792	plantpersulf/0.0.0
G4NJB0	v6	https://alphafold.ebi.ac.uk/files/AF-G4NJB0-F1-model_v6.pdb	../raw/alphafold/AF-G4NJB0-F1-model.pdb	2026-07-23T03:53:34.465367+00:00	280502	839721f2a86c4f947038e9ccd105d4e30b06dca9c0b97d531de8c2162ec5af24	plantpersulf/0.0.0
G4NJD1	v6	https://alphafold.ebi.ac.uk/files/AF-G4NJD1-F1-model_v6.pdb	../raw/alphafold/AF-G4NJD1-F1-model.pdb	2026-07-23T03:53:38.015539+00:00	456515	b748d84412c7c3e2d809b0f960f6c1e896c91d17f21e67b1219e49c9135f3af8	plantpersulf/0.0.0
G4NJG9	v6	https://alphafold.ebi.ac.uk/files/AF-G4NJG9-F1-model_v6.pdb	../raw/alphafold/AF-G4NJG9-F1-model.pdb	2026-07-23T03:53:41.188253+00:00	269000	15668ae0ff4e38914ff2c7be746eab5a07d52ffa0945547447f019f118d13368	plantpersulf/0.0.0
G4NJH2	v6	https://alphafold.ebi.ac.uk/files/AF-G4NJH2-F1-model_v6.pdb	../raw/alphafold/AF-G4NJH2-F1-model.pdb	2026-07-23T03:53:44.604750+00:00	490616	fe41265b454f1ed46bfd78c2060ada3c3124b182f855a4deab53a786ae25e470	plantpersulf/0.0.0
G4NJN0	v6	https://alphafold.ebi.ac.uk/files/AF-G4NJN0-F1-model_v6.pdb	../raw/alphafold/AF-G4NJN0-F1-model.pdb	2026-07-23T03:53:48.342458+00:00	199583	830b56fb230862bd777e49a8e5f6b9eb2d3f2f995ad199939954e280ae05f02d	plantpersulf/0.0.0
G4NJP0	v6	https://alphafold.ebi.ac.uk/files/AF-G4NJP0-F1-model_v6.pdb	../raw/alphafold/AF-G4NJP0-F1-model.pdb	2026-07-23T03:53:51.355709+00:00	212219	4951d7159c4fe819f8d1adf792088396fc3a1b51fa395854ba721b36e9209364	plantpersulf/0.0.0
G4NJV8	v6	https://alphafold.ebi.ac.uk/files/AF-G4NJV8-F1-model_v6.pdb	../raw/alphafold/AF-G4NJV8-F1-model.pdb	2026-07-23T03:53:54.986851+00:00	710774	ffc475b132059ce2cf2e7e8882da9215bf6d2d5eda4e0ae9489d27cdc3990205	plantpersulf/0.0.0
G4NJW1	v6	https://alphafold.ebi.ac.uk/files/AF-G4NJW1-F1-model_v6.pdb	../raw/alphafold/AF-G4NJW1-F1-model.pdb	2026-07-23T03:53:58.103992+00:00	215135	1079880e87a96bd932f82769eb716978d75d0451d32b12ca50f1b4242121f329	plantpersulf/0.0.0
G4NJY7	v6	https://alphafold.ebi.ac.uk/files/AF-G4NJY7-F1-model_v6.pdb	../raw/alphafold/AF-G4NJY7-F1-model.pdb	2026-07-23T03:54:01.128186+00:00	138671	7d076f99459678d507900bada5faa9dd660db2ad727c10d77cf697e7564344f0	plantpersulf/0.0.0
G4NJZ1	v6	https://alphafold.ebi.ac.uk/files/AF-G4NJZ1-F1-model_v6.pdb	../raw/alphafold/AF-G4NJZ1-F1-model.pdb	2026-07-23T03:54:04.533513+00:00	478790	3ac941c9a878c22a7105a7406af6dda56692ee29deab7135976c3e840ae39027	plantpersulf/0.0.0
G4NK20	v6	https://alphafold.ebi.ac.uk/files/AF-G4NK20-F1-model_v6.pdb	../raw/alphafold/AF-G4NK20-F1-model.pdb	2026-07-23T03:54:07.720853+00:00	202904	48d2b410432f3aeb10da2034f409efda05c5d0437a8a036f065596baac27bbed	plantpersulf/0.0.0
G4NK46	v6	https://alphafold.ebi.ac.uk/files/AF-G4NK46-F1-model_v6.pdb	../raw/alphafold/AF-G4NK46-F1-model.pdb	2026-07-23T03:54:10.800296+00:00	261548	7a6a77d63f1ce63f4a36b7b94a2133ebd0d891dc67c8030088cf019d61843b55	plantpersulf/0.0.0
G4NK74	v6	https://alphafold.ebi.ac.uk/files/AF-G4NK74-F1-model_v6.pdb	../raw/alphafold/AF-G4NK74-F1-model.pdb	2026-07-23T03:54:13.949667+00:00	240974	0a8b65bb7d6229fc3916e541b2320419317a9de19487f7d96e5297f90d5023d7	plantpersulf/0.0.0
G4NK78	v6	https://alphafold.ebi.ac.uk/files/AF-G4NK78-F1-model_v6.pdb	../raw/alphafold/AF-G4NK78-F1-model.pdb	2026-07-23T03:54:16.820172+00:00	327563	a8d6d2a6292351e312c925c3437a5c8b5e3ca15cdfc921efbf827f5b074c3da3	plantpersulf/0.0.0
G4NKB0	v6	https://alphafold.ebi.ac.uk/files/AF-G4NKB0-F1-model_v6.pdb	../raw/alphafold/AF-G4NKB0-F1-model.pdb	2026-07-23T03:54:20.094077+00:00	268595	8f695107dac3e7fa6393c943df294811f3878a366dbe7b105af1c22d1af052d5	plantpersulf/0.0.0
G4NKC0	v6	https://alphafold.ebi.ac.uk/files/AF-G4NKC0-F1-model_v6.pdb	../raw/alphafold/AF-G4NKC0-F1-model.pdb	2026-07-23T03:54:23.297071+00:00	253448	34cb32ba3995643777e617f38536d17be5301dd469346d27c518c3dcb66c781d	plantpersulf/0.0.0
G4NKD0	v6	https://alphafold.ebi.ac.uk/files/AF-G4NKD0-F1-model_v6.pdb	../raw/alphafold/AF-G4NKD0-F1-model.pdb	2026-07-23T03:54:26.919080+00:00	523664	781b97ec1181b5e9c84f6fb3294794bd1817f76359188de79a8d493d80819725	plantpersulf/0.0.0
G4NKL7	v6	https://alphafold.ebi.ac.uk/files/AF-G4NKL7-F1-model_v6.pdb	../raw/alphafold/AF-G4NKL7-F1-model.pdb	2026-07-23T03:54:31.191355+00:00	348137	8fc7cd5c32af2b9723073cfb0dfd276b8d632a56133536fa27b3dc5c5b0d36a0	plantpersulf/0.0.0
G4NKP8	v6	https://alphafold.ebi.ac.uk/files/AF-G4NKP8-F1-model_v6.pdb	../raw/alphafold/AF-G4NKP8-F1-model.pdb	2026-07-23T03:54:34.311886+00:00	193508	e84116952b24c661c64c76b9a78bec5382bb3d117b9bda0f37472f7bd7be246a	plantpersulf/0.0.0
G4NKT8	v6	https://alphafold.ebi.ac.uk/files/AF-G4NKT8-F1-model_v6.pdb	../raw/alphafold/AF-G4NKT8-F1-model.pdb	2026-07-23T03:54:37.356618+00:00	188162	b6aa01f37634744000389123eab3433d377d59ec2173f7d0dd802bb35beca179	plantpersulf/0.0.0
G4NLA2	v6	https://alphafold.ebi.ac.uk/files/AF-G4NLA2-F1-model_v6.pdb	../raw/alphafold/AF-G4NLA2-F1-model.pdb	2026-07-23T03:54:40.338281+00:00	116963	e8f263e297419e01809a59c4795f40ab60a8a8372e52fceb3950d6b286250ed4	plantpersulf/0.0.0
G4NLD1	v6	https://alphafold.ebi.ac.uk/files/AF-G4NLD1-F1-model_v6.pdb	../raw/alphafold/AF-G4NLD1-F1-model.pdb	2026-07-23T03:54:43.935891+00:00	683477	7d7a24ac0b2cd641c755025b90a5177959308eae20707f054ee468d97f5261f4	plantpersulf/0.0.0
G4NLM7	v6	https://alphafold.ebi.ac.uk/files/AF-G4NLM7-F1-model_v6.pdb	../raw/alphafold/AF-G4NLM7-F1-model.pdb	2026-07-23T03:54:47.276327+00:00	237248	a9e8104bfb5299808405071a44568d78bacdce91fd1807e25405662117e63268	plantpersulf/0.0.0
G4NLN4	v6	https://alphafold.ebi.ac.uk/files/AF-G4NLN4-F1-model_v6.pdb	../raw/alphafold/AF-G4NLN4-F1-model.pdb	2026-07-23T03:54:50.438861+00:00	212138	689f163c90c9edff62c38d37a917bd4556ca75ef8aa5462b862bf3be4dd24d0a	plantpersulf/0.0.0
G4NLR3	v6	https://alphafold.ebi.ac.uk/files/AF-G4NLR3-F1-model_v6.pdb	../raw/alphafold/AF-G4NLR3-F1-model.pdb	2026-07-23T03:54:53.820622+00:00	370493	c3f231154a631a6d8dbf946d1e74971f93c21a47a51aa8d5eacce0d455850cc5	plantpersulf/0.0.0
G4NLU9	v6	https://alphafold.ebi.ac.uk/files/AF-G4NLU9-F1-model_v6.pdb	../raw/alphafold/AF-G4NLU9-F1-model.pdb	2026-07-23T03:54:57.097251+00:00	355427	d9a2e0401eb66c0ebeb5afe44432f4ab26e886d88c6db614959a2316fd2d46f3	plantpersulf/0.0.0
G5EGX7	v6	https://alphafold.ebi.ac.uk/files/AF-G5EGX7-F1-model_v6.pdb	../raw/alphafold/AF-G5EGX7-F1-model.pdb	2026-07-23T03:55:00.441662+00:00	284309	a74799f78d4783b71a756dcb9e98fbbcad74a5ef86edf1a1163258565979af40	plantpersulf/0.0.0
G5EGY9	v6	https://alphafold.ebi.ac.uk/files/AF-G5EGY9-F1-model_v6.pdb	../raw/alphafold/AF-G5EGY9-F1-model.pdb	2026-07-23T03:55:03.538883+00:00	248588	792500429888b185206ed3ba8644331d271b48945303dd3bfc4550f3f0827d44	plantpersulf/0.0.0
G5EH09	v6	https://alphafold.ebi.ac.uk/files/AF-G5EH09-F1-model_v6.pdb	../raw/alphafold/AF-G5EH09-F1-model.pdb	2026-07-23T03:55:06.879644+00:00	363932	0f824f50cc0fffec3369c53a32d42c261b41fbeed0cfa6b4f25caac69e22bd70	plantpersulf/0.0.0
G5EH17	v6	https://alphafold.ebi.ac.uk/files/AF-G5EH17-F1-model_v6.pdb	../raw/alphafold/AF-G5EH17-F1-model.pdb	2026-07-23T03:55:09.778872+00:00	103922	57238a6d996816dc916aafe1f56eea4fc83998a5b2a2f7616b93aaac70f3e928	plantpersulf/0.0.0
G5EH19	v6	https://alphafold.ebi.ac.uk/files/AF-G5EH19-F1-model_v6.pdb	../raw/alphafold/AF-G5EH19-F1-model.pdb	2026-07-23T03:55:12.356985+00:00	130814	5b3e162094bb6f79000d5822cc4441d1cff65bfa5789bcf79b0004bb517c7e34	plantpersulf/0.0.0
G5EH30	v6	https://alphafold.ebi.ac.uk/files/AF-G5EH30-F1-model_v6.pdb	../raw/alphafold/AF-G5EH30-F1-model.pdb	2026-07-23T03:55:15.914645+00:00	497258	8ccca5f65a0cff8240436679652de4d1e589910788448f9798321e51e748605a	plantpersulf/0.0.0
G5EH41	v6	https://alphafold.ebi.ac.uk/files/AF-G5EH41-F1-model_v6.pdb	../raw/alphafold/AF-G5EH41-F1-model.pdb	2026-07-23T03:55:19.322351+00:00	446795	a531e4b572febc7ffb04c1ad630561723965300ed85dca0b804f51370cfb0c8e	plantpersulf/0.0.0
G5EH52	v6	https://alphafold.ebi.ac.uk/files/AF-G5EH52-F1-model_v6.pdb	../raw/alphafold/AF-G5EH52-F1-model.pdb	2026-07-23T03:55:22.615005+00:00	361340	a2c42f93e9bbca682d33c28b33dcd228f3e2883409283e50a25399cd6df833f4	plantpersulf/0.0.0
G5EH83	v6	https://alphafold.ebi.ac.uk/files/AF-G5EH83-F1-model_v6.pdb	../raw/alphafold/AF-G5EH83-F1-model.pdb	2026-07-23T03:55:25.719937+00:00	209222	0151cabfba3ff37fef18f0b6a11f0c0b0f35e22d173014d0586c3ce106a3b0bd	plantpersulf/0.0.0
G5EHA8	v6	https://alphafold.ebi.ac.uk/files/AF-G5EHA8-F1-model_v6.pdb	../raw/alphafold/AF-G5EHA8-F1-model.pdb	2026-07-23T03:55:29.197079+00:00	341252	3fcb812ca31d02e62e1f0bf8e50e65670289ffabd68ccfba3d1130914e8eb759	plantpersulf/0.0.0
G5EHD8	v6	https://alphafold.ebi.ac.uk/files/AF-G5EHD8-F1-model_v6.pdb	../raw/alphafold/AF-G5EHD8-F1-model.pdb	2026-07-23T03:55:32.691111+00:00	310877	28ede2cf14adb1cf7a7e2f14ae97b229af38a42fff01b4769d9c7f7e304f5dda	plantpersulf/0.0.0
G5EHE0	v6	https://alphafold.ebi.ac.uk/files/AF-G5EHE0-F1-model_v6.pdb	../raw/alphafold/AF-G5EHE0-F1-model.pdb	2026-07-23T03:55:35.425087+00:00	75572	15d96f19c58cc8e024d08d20b5277d9b7382d5ee508f9056b493f26d7269fd37	plantpersulf/0.0.0
G5EHF6	v6	https://alphafold.ebi.ac.uk/files/AF-G5EHF6-F1-model_v6.pdb	../raw/alphafold/AF-G5EHF6-F1-model.pdb	2026-07-23T03:55:38.290308+00:00	117611	38595ce6314b1faedf619ee15de611d14777536763c7944051520665f2babad8	plantpersulf/0.0.0
G5EHG3	v6	https://alphafold.ebi.ac.uk/files/AF-G5EHG3-F1-model_v6.pdb	../raw/alphafold/AF-G5EHG3-F1-model.pdb	2026-07-23T03:55:41.788882+00:00	682100	94600804fb0a86048f88eb6523682e4230f45ade69b04a615a4d851bc683c27d	plantpersulf/0.0.0
G5EHG6	v6	https://alphafold.ebi.ac.uk/files/AF-G5EHG6-F1-model_v6.pdb	../raw/alphafold/AF-G5EHG6-F1-model.pdb	2026-07-23T03:55:45.007960+00:00	332423	d4cd9e007311ae00baba8bc3b9f946d999baa3d8da4461ed54890cc5169d432e	plantpersulf/0.0.0
G5EHH6	v6	https://alphafold.ebi.ac.uk/files/AF-G5EHH6-F1-model_v6.pdb	../raw/alphafold/AF-G5EHH6-F1-model.pdb	2026-07-23T03:55:49.172344+00:00	210194	7f1c3c637e7207ebc4a4318b5f75df83da6d30b673ead192b8803749add9f6c9	plantpersulf/0.0.0
G5EHM8	v6	https://alphafold.ebi.ac.uk/files/AF-G5EHM8-F1-model_v6.pdb	../raw/alphafold/AF-G5EHM8-F1-model.pdb	2026-07-23T03:55:52.693395+00:00	570806	3014e022fb0df92de23d5ebb086f2081b0f5e5377c6a9db95df9b88311fedcc2	plantpersulf/0.0.0
G5EHP6	v6	https://alphafold.ebi.ac.uk/files/AF-G5EHP6-F1-model_v6.pdb	../raw/alphafold/AF-G5EHP6-F1-model.pdb	2026-07-23T03:55:55.971826+00:00	337040	7b8fa369fce20cf374842b31850d42a31852a476d868f713ec0f97e9255b7eb8	plantpersulf/0.0.0
G5EHP7	v6	https://alphafold.ebi.ac.uk/files/AF-G5EHP7-F1-model_v6.pdb	../raw/alphafold/AF-G5EHP7-F1-model.pdb	2026-07-23T03:55:59.158569+00:00	269162	78beb48943637f836f08e2e9b43623405a19c59562e05c77c332f92013d77a51	plantpersulf/0.0.0
G5EHQ2	v6	https://alphafold.ebi.ac.uk/files/AF-G5EHQ2-F1-model_v6.pdb	../raw/alphafold/AF-G5EHQ2-F1-model.pdb	2026-07-23T03:56:02.405016+00:00	269729	45f2ac63f249ccb9712be7bd847e6c8727f9438da4247c7cb5198a5110690345	plantpersulf/0.0.0
G5EHQ4	v6	https://alphafold.ebi.ac.uk/files/AF-G5EHQ4-F1-model_v6.pdb	../raw/alphafold/AF-G5EHQ4-F1-model.pdb	2026-07-23T03:56:05.561734+00:00	280178	7542955691942f3aa529e84790b1d7b2e539f395b0d48c043e27d4956e7d7791	plantpersulf/0.0.0
G5EHQ5	v6	https://alphafold.ebi.ac.uk/files/AF-G5EHQ5-F1-model_v6.pdb	../raw/alphafold/AF-G5EHQ5-F1-model.pdb	2026-07-23T03:56:08.507120+00:00	314198	1e50273d51c6de99e55f26f63fc2edac73116da2cd906a194f086e8ecff926b1	plantpersulf/0.0.0
G5EHR8	v6	https://alphafold.ebi.ac.uk/files/AF-G5EHR8-F1-model_v6.pdb	../raw/alphafold/AF-G5EHR8-F1-model.pdb	2026-07-23T03:56:12.038044+00:00	695222	ee35de67744d88ac0aefbb50053f4a872207f1057a38d51321193da5b03e6a47	plantpersulf/0.0.0
G5EHR9	v6	https://alphafold.ebi.ac.uk/files/AF-G5EHR9-F1-model_v6.pdb	../raw/alphafold/AF-G5EHR9-F1-model.pdb	2026-07-23T03:56:14.605093+00:00	107891	5af5d17c41f17c03f3efa7c63a8d6154649f195166c01672f27a5eb457a00c6b	plantpersulf/0.0.0
G5EHW4	v6	https://alphafold.ebi.ac.uk/files/AF-G5EHW4-F1-model_v6.pdb	../raw/alphafold/AF-G5EHW4-F1-model.pdb	2026-07-23T03:56:18.062312+00:00	483731	15fb453d7cd0d510f5c54b3b634328b69aa4ce50ae61b38ce8fc9180d674d667	plantpersulf/0.0.0
G5EHY1	v6	https://alphafold.ebi.ac.uk/files/AF-G5EHY1-F1-model_v6.pdb	../raw/alphafold/AF-G5EHY1-F1-model.pdb	2026-07-23T03:56:21.507842+00:00	395279	615c2b905eff065b4ed2c1a2cfdec9cd6eec68047ff76020a93684696bddb5c0	plantpersulf/0.0.0
G5EHY4	v6	https://alphafold.ebi.ac.uk/files/AF-G5EHY4-F1-model_v6.pdb	../raw/alphafold/AF-G5EHY4-F1-model.pdb	2026-07-23T03:56:24.633388+00:00	145637	a86a8484f8b06aaaa16c519dbf0073c9b6c1d5b8e8738f6ce4a0cf232d2a6876	plantpersulf/0.0.0
G5EHY5	v6	https://alphafold.ebi.ac.uk/files/AF-G5EHY5-F1-model_v6.pdb	../raw/alphafold/AF-G5EHY5-F1-model.pdb	2026-07-23T03:56:27.624769+00:00	183626	330977fde3fdfdd80de2295f59c63c420e89cf988eab129e7732a66cd3b07b96	plantpersulf/0.0.0
G5EHZ2	v6	https://alphafold.ebi.ac.uk/files/AF-G5EHZ2-F1-model_v6.pdb	../raw/alphafold/AF-G5EHZ2-F1-model.pdb	2026-07-23T03:56:30.859176+00:00	331532	5e70a3fcff191706009e09785fe64de438c4371210147f5d1cbfb74a9d6a892c	plantpersulf/0.0.0
G5EHZ3	v6	https://alphafold.ebi.ac.uk/files/AF-G5EHZ3-F1-model_v6.pdb	../raw/alphafold/AF-G5EHZ3-F1-model.pdb	2026-07-23T03:56:34.024085+00:00	292976	737caa7ca0daeb3a60b349e29deac32acdeb265a23267b33e209e1e1b811c950	plantpersulf/0.0.0
G5EI06	v6	https://alphafold.ebi.ac.uk/files/AF-G5EI06-F1-model_v6.pdb	../raw/alphafold/AF-G5EI06-F1-model.pdb	2026-07-23T03:56:36.979617+00:00	161918	5a7738ff667788c78a01c91973b0a7f4abcf6ed0025a554420097110a05949c7	plantpersulf/0.0.0
G5EI09	v6	https://alphafold.ebi.ac.uk/files/AF-G5EI09-F1-model_v6.pdb	../raw/alphafold/AF-G5EI09-F1-model.pdb	2026-07-23T03:56:40.193660+00:00	254906	0da75bcecb4aa472ec4be6f1a9ab4cae90426078c9f6b73ee2ff3b56585ef622	plantpersulf/0.0.0
G5EI34	v6	https://alphafold.ebi.ac.uk/files/AF-G5EI34-F1-model_v6.pdb	../raw/alphafold/AF-G5EI34-F1-model.pdb	2026-07-23T03:56:43.748107+00:00	761156	b2d628fdb70e93a029c16acb1109f3cdffa816309ee4932152fd02ea6e9b8157	plantpersulf/0.0.0
G5EI49	v6	https://alphafold.ebi.ac.uk/files/AF-G5EI49-F1-model_v6.pdb	../raw/alphafold/AF-G5EI49-F1-model.pdb	2026-07-23T03:56:47.045006+00:00	330884	a28de92b0f5e2c367f22e56e2a16c529943207e75ccda7d16478aa53a8841ded	plantpersulf/0.0.0
G5EI70	v6	https://alphafold.ebi.ac.uk/files/AF-G5EI70-F1-model_v6.pdb	../raw/alphafold/AF-G5EI70-F1-model.pdb	2026-07-23T03:56:49.635923+00:00	226475	50567f4654c62a8010ef7969442ec01dac1fd1c86db8ac598fa69ceecf3171f2	plantpersulf/0.0.0
G5EI73	v6	https://alphafold.ebi.ac.uk/files/AF-G5EI73-F1-model_v6.pdb	../raw/alphafold/AF-G5EI73-F1-model.pdb	2026-07-23T03:56:52.587002+00:00	225746	121205ddd473209cb79560cc3824483a06cb0849d5b22dd777b30b5185d28058	plantpersulf/0.0.0
H3K2Y6	v6	https://alphafold.ebi.ac.uk/files/AF-H3K2Y6-F1-model_v6.pdb	../raw/alphafold/AF-H3K2Y6-F1-model.pdb	2026-07-23T03:56:56.548542+00:00	1425842	74425f69f0e02d478246b229264328ee22f600ab356bca7cf7d3e8ae2e78f807	plantpersulf/0.0.0
I3QD82	v6	https://alphafold.ebi.ac.uk/files/AF-I3QD82-F1-model_v6.pdb	../raw/alphafold/AF-I3QD82-F1-model.pdb	2026-07-23T03:57:00.569847+00:00	535166	0da160f23b441a61c13bbd75aecd58d0d9a6404f1e3095535fe64547d2bc639e	plantpersulf/0.0.0
O03042	v6	https://alphafold.ebi.ac.uk/files/AF-O03042-F1-model_v6.pdb	../raw/alphafold/AF-O03042-F1-model_v6.pdb	2026-07-21T08:40:06.275450+00:00	309419	5ff0f9cd536c368937bb83d9c0cfc296d5cd7851651d3fa0e0b1a0c2900a8a21	plantpersulf/0.0.0
O04036	v6	https://alphafold.ebi.ac.uk/files/AF-O04036-F1-model_v6.pdb	../raw/alphafold/AF-O04036-F1-model.pdb	2026-07-23T03:57:04.832964+00:00	315818	f186d774b2c4f3ed8b3c02ccfc54a473dc324b9cf2d93458a91535c3065ad953	plantpersulf/0.0.0
O13315	v6	https://alphafold.ebi.ac.uk/files/AF-O13315-F1-model_v6.pdb	../raw/alphafold/AF-O13315-F1-model.pdb	2026-07-23T03:57:08.017241+00:00	239678	e3ecdd5b1fc88fe81cb4f6bb7421b79f0819a06b5caed923f7490e8a0f2ad5a5	plantpersulf/0.0.0
O14448	v6	https://alphafold.ebi.ac.uk/files/AF-O14448-F1-model_v6.pdb	../raw/alphafold/AF-O14448-F1-model.pdb	2026-07-23T03:57:11.313065+00:00	247859	a206c7df5af8d0b3a3c3247c6092743b3ea56a094266bbfd12185a3529546fee	plantpersulf/0.0.0
O21799	v6	https://alphafold.ebi.ac.uk/files/AF-O21799-F1-model_v6.pdb	../raw/alphafold/AF-O21799-F1-model.pdb	2026-07-23T03:57:14.276253+00:00	91691	9b02ea5cb71c37f09249dba0828494f9b59172e9c223287a62ae805da90a7174	plantpersulf/0.0.0
O22682	v6	https://alphafold.ebi.ac.uk/files/AF-O22682-F1-model_v6.pdb	../raw/alphafold/AF-O22682-F1-model.pdb	2026-07-23T03:57:16.468091+00:00	251909	23fd9eec3fd070edcbd0436e8a2122ebbc068f177d43e68beecd84f33fed882b	plantpersulf/0.0.0
O22975	v6	https://alphafold.ebi.ac.uk/files/AF-O22975-F1-model_v6.pdb	../raw/alphafold/AF-O22975-F1-model.pdb	2026-07-23T03:57:19.663099+00:00	273293	97e13838c42d369e62c575f0635f1f2afa227730fc75e4624097712cf0e0fb0f	plantpersulf/0.0.0
O23461	v6	https://alphafold.ebi.ac.uk/files/AF-O23461-F1-model_v6.pdb	../raw/alphafold/AF-O23461-F1-model.pdb	2026-07-23T03:57:21.960820+00:00	660716	ba436b6c2c455a0bf847d6e35d05e1bb29741d966cc6a0886de7748c793dff21	plantpersulf/0.0.0
O42621	v6	https://alphafold.ebi.ac.uk/files/AF-O42621-F1-model_v6.pdb	../raw/alphafold/AF-O42621-F1-model.pdb	2026-07-23T03:57:25.011155+00:00	140453	9c662b74041e19ab1b64f3c96bdf13d88a7cee2f307061b89b05df250e532408	plantpersulf/0.0.0
O42622	v6	https://alphafold.ebi.ac.uk/files/AF-O42622-F1-model_v6.pdb	../raw/alphafold/AF-O42622-F1-model.pdb	2026-07-23T03:57:28.587303+00:00	492236	f05312daa11fe12bfd1d27788765a86385fe46e1745782d74282b0528f9d97ec	plantpersulf/0.0.0
O48583	v6	https://alphafold.ebi.ac.uk/files/AF-O48583-F1-model_v6.pdb	../raw/alphafold/AF-O48583-F1-model.pdb	2026-07-23T03:57:31.956268+00:00	355994	66c8b5f3b9ecb602098ade98437e899dfe3bc4810eea9f11c07df1ec1fdcaef2	plantpersulf/0.0.0
O49383	v6	https://alphafold.ebi.ac.uk/files/AF-O49383-F1-model_v6.pdb	../raw/alphafold/AF-O49383-F1-model.pdb	2026-07-23T03:57:34.847337+00:00	79136	474ee95320b1235751c4f6b8352f6e0f5d039ab5298e5947b7802c47a85e5e8f	plantpersulf/0.0.0
O49471	v6	https://alphafold.ebi.ac.uk/files/AF-O49471-F1-model_v6.pdb	../raw/alphafold/AF-O49471-F1-model.pdb	2026-07-23T03:57:38.462226+00:00	779624	e4d6ea4ad2e507b4486aa75e37a2642822730f4aa75e0899df5a43c8d5d14a2a	plantpersulf/0.0.0
O49558	v6	https://alphafold.ebi.ac.uk/files/AF-O49558-F1-model_v6.pdb	../raw/alphafold/AF-O49558-F1-model.pdb	2026-07-23T03:57:41.915290+00:00	387260	98dca6bd9701b833ff7409915ec3dc8473c779af8757b856128516a0201d211d	plantpersulf/0.0.0
O50008	v6	https://alphafold.ebi.ac.uk/files/AF-O50008-F1-model_v6.pdb	../raw/alphafold/AF-O50008-F1-model.pdb	2026-07-23T03:57:45.493050+00:00	490049	f93fbbbdc9a746392b963cc00abeeea02ae7dfa9ac6a4c170333a44f533e65bf	plantpersulf/0.0.0
O64422	v6	https://alphafold.ebi.ac.uk/files/AF-O64422-F1-model_v6.pdb	../raw/alphafold/AF-O64422-F1-model.pdb	2026-07-23T03:57:48.819671+00:00	254339	92730fa155e24f612f5910fec883b9b55e072efea7f7c0fceeac475482a4c994	plantpersulf/0.0.0
O64631	v6	https://alphafold.ebi.ac.uk/files/AF-O64631-F1-model_v6.pdb	../raw/alphafold/AF-O64631-F1-model.pdb	2026-07-23T03:57:52.151080+00:00	344087	70dac6a38b44b4160f54c21f6f43d25239380350e2319ea4956dd94e01345f5f	plantpersulf/0.0.0
O64817	v6	https://alphafold.ebi.ac.uk/files/AF-O64817-F1-model_v6.pdb	../raw/alphafold/AF-O64817-F1-model.pdb	2026-07-23T03:57:55.299460+00:00	231092	b73635d378fb5b4e3ba5c397e9fc109afc368031c92ea6979e9fe4b4830c4c86	plantpersulf/0.0.0
O65041	v6	https://alphafold.ebi.ac.uk/files/AF-O65041-F1-model_v6.pdb	../raw/alphafold/AF-O65041-F1-model.pdb	2026-07-23T03:57:58.276751+00:00	294434	6a9c0d80d4c371f3ea80b3bc340c0046fa456c27944d936e6a16834d58f08a16	plantpersulf/0.0.0
O65628	v6	https://alphafold.ebi.ac.uk/files/AF-O65628-F1-model_v6.pdb	../raw/alphafold/AF-O65628-F1-model.pdb	2026-07-23T03:58:01.581078+00:00	292328	d595843271caed30366c9842d67d52b87a187922d219df308a94722f90343f90	plantpersulf/0.0.0
O80358	v6	https://alphafold.ebi.ac.uk/files/AF-O80358-F1-model_v6.pdb	../raw/alphafold/AF-O80358-F1-model.pdb	2026-07-23T03:58:04.932252+00:00	252881	5ea60f4a96f88492d4ec901b594a99a5d264bfef3912e02bf0d12f2c11cc0ba6	plantpersulf/0.0.0
O80543	v6	https://alphafold.ebi.ac.uk/files/AF-O80543-F1-model_v6.pdb	../raw/alphafold/AF-O80543-F1-model.pdb	2026-07-23T03:58:08.167736+00:00	230039	d18fcbdc0a91d76318645bb73b11e3b96549e264ebb3642e41fe6ef264f0ecc7	plantpersulf/0.0.0
O80582	v6	https://alphafold.ebi.ac.uk/files/AF-O80582-F1-model_v6.pdb	../raw/alphafold/AF-O80582-F1-model.pdb	2026-07-23T03:58:11.403742+00:00	266975	e10a23a3b74af79dd0e8dab4821d8ac02f26845b6e4b926cef6e1e9a5c312f6e	plantpersulf/0.0.0
O80899	v6	https://alphafold.ebi.ac.uk/files/AF-O80899-F1-model_v6.pdb	../raw/alphafold/AF-O80899-F1-model.pdb	2026-07-23T03:58:14.710313+00:00	488429	ae26a6f9597dcd7411a2eb7399daa24baf6ae0254aba253a618a2a820746f6f5	plantpersulf/0.0.0
O81069	v6	https://alphafold.ebi.ac.uk/files/AF-O81069-F1-model_v6.pdb	../raw/alphafold/AF-O81069-F1-model.pdb	2026-07-23T03:58:18.263223+00:00	572507	1f583760372952124806fdfc57c7af84447145a28bcc946f3d86c25fee91486c	plantpersulf/0.0.0
O81833	v6	https://alphafold.ebi.ac.uk/files/AF-O81833-F1-model_v6.pdb	../raw/alphafold/AF-O81833-F1-model.pdb	2026-07-23T03:58:21.730103+00:00	532655	f2dbca63de62711a9a52b1a077a118de34700c2748630e16c456bcc73319eb86	plantpersulf/0.0.0
O81908	v6	https://alphafold.ebi.ac.uk/files/AF-O81908-F1-model_v6.pdb	../raw/alphafold/AF-O81908-F1-model.pdb	2026-07-23T03:58:25.149576+00:00	467774	16dc4ddee99666b45a8747e66e9afe5cf878351a304758fa1d56f8a481bb5863	plantpersulf/0.0.0
O82616	v6	https://alphafold.ebi.ac.uk/files/AF-O82616-F1-model_v6.pdb	../raw/alphafold/AF-O82616-F1-model.pdb	2026-07-23T03:58:27.880648+00:00	203066	b0b3d5a52c40c93dda975ee9baf0d20e7118ace74f7f359e774de79da4a90ed4	plantpersulf/0.0.0
P0C467	v6	https://alphafold.ebi.ac.uk/files/AF-P0C467-F1-model_v6.pdb	../raw/alphafold/AF-P0C467-F1-model.pdb	2026-07-23T03:58:30.394895+00:00	74276	5caaf32ca4d40d2360d5f6d5408a40de126ba2e75c99d3d12e5cdba99f642c13	plantpersulf/0.0.0
P0C500	v6	https://alphafold.ebi.ac.uk/files/AF-P0C500-F1-model_v6.pdb	../raw/alphafold/AF-P0C500-F1-model.pdb	2026-07-23T03:58:33.603322+00:00	226475	635f24799de24cb2cee3816dd25f5ec665d10203a1d0903201f310b79075a1db	plantpersulf/0.0.0
P0C540	v6	https://alphafold.ebi.ac.uk/files/AF-P0C540-F1-model_v6.pdb	../raw/alphafold/AF-P0C540-F1-model.pdb	2026-07-23T03:58:36.773542+00:00	242594	7d4efe4b3f793723f1915e78606798ab777208eb15df44fd931bf0b6b8b474df	plantpersulf/0.0.0
P0CT06	v6	https://alphafold.ebi.ac.uk/files/AF-P0CT06-F1-model_v6.pdb	../raw/alphafold/AF-P0CT06-F1-model.pdb	2026-07-23T03:58:40.150439+00:00	354941	bae0c8db64f4c5f8b1bb8e4beba1f435aa07b547462a8f5e35777c29ac7410a9	plantpersulf/0.0.0
P0CT07	v6	https://alphafold.ebi.ac.uk/files/AF-P0CT07-F1-model_v6.pdb	../raw/alphafold/AF-P0CT07-F1-model.pdb	2026-07-23T03:58:43.188856+00:00	159083	111985e9bee2438ce2ad471eec29e657da0f0b0c0166986c343edcfd4061fe60	plantpersulf/0.0.0
P0CT11	v6	https://alphafold.ebi.ac.uk/files/AF-P0CT11-F1-model_v6.pdb	../raw/alphafold/AF-P0CT11-F1-model.pdb	2026-07-23T03:58:46.670975+00:00	273212	f0df42ac1f7ea34b6f6e2d5e07b4572f6bb6935faf2abe9c17e7d27e945de019	plantpersulf/0.0.0
P0CT15	v6	https://alphafold.ebi.ac.uk/files/AF-P0CT15-F1-model_v6.pdb	../raw/alphafold/AF-P0CT15-F1-model.pdb	2026-07-23T03:58:49.290324+00:00	41228	3b0ec86edd26de061da65625101f1dde433d85aa0c1ff70b0252f7a8c713dc8f	plantpersulf/0.0.0
P0DH99	v6	https://alphafold.ebi.ac.uk/files/AF-P0DH99-F1-model_v6.pdb	../raw/alphafold/AF-P0DH99-F1-model.pdb	2026-07-23T03:58:52.249307+00:00	288278	0925bb239dd9fc263cb4b72b2c87ceb77e0b5cdea2139e1180fe83f0fb9bfb53	plantpersulf/0.0.0
P10795	v6	https://alphafold.ebi.ac.uk/files/AF-P10795-F1-model_v6.pdb	../raw/alphafold/AF-P10795-F1-model.pdb	2026-07-23T03:58:55.037080+00:00	120284	28b4efba9aa80603e667d9a5a8ac7f820f589b33cfdc80e56c383b2e10281f70	plantpersulf/0.0.0
P10796	v6	https://alphafold.ebi.ac.uk/files/AF-P10796-F1-model_v6.pdb	../raw/alphafold/AF-P10796-F1-model.pdb	2026-07-23T03:58:57.936433+00:00	120770	73f71bba62abbcaac6b54cabe7d9b1a256562ca13ff824f551c1b70dc4de7283	plantpersulf/0.0.0
P11035	v6	https://alphafold.ebi.ac.uk/files/AF-P11035-F1-model_v6.pdb	../raw/alphafold/AF-P11035-F1-model.pdb	2026-07-23T03:59:01.499325+00:00	595997	bdd0fb6042c5f4e6f3d3c4e6fb01293746f294138848eb2d9f74d269f5f86c94	plantpersulf/0.0.0
P12203	v6	https://alphafold.ebi.ac.uk/files/AF-P12203-F1-model_v6.pdb	../raw/alphafold/AF-P12203-F1-model.pdb	2026-07-23T03:59:04.551098+00:00	118826	09ae4daede84c3f0a69ddf618c3a9cc57f5578b764cfe84f355b08e4bfbfb7f9	plantpersulf/0.0.0
P12330	v6	https://alphafold.ebi.ac.uk/files/AF-P12330-F1-model_v6.pdb	../raw/alphafold/AF-P12330-F1-model.pdb	2026-07-23T03:59:07.645118+00:00	165887	358f6a74f5701260b4a51e5e133d3b37923cb21de8949b1ec325af8d4a624573	plantpersulf/0.0.0
P14655	v6	https://alphafold.ebi.ac.uk/files/AF-P14655-F1-model_v6.pdb	../raw/alphafold/AF-P14655-F1-model.pdb	2026-07-23T03:59:10.885957+00:00	272645	a7d3d31f548d035617bbf2ea34ee7996792fbe3b660358838e9651c5967088fc	plantpersulf/0.0.0
P14717	v6	https://alphafold.ebi.ac.uk/files/AF-P14717-F1-model_v6.pdb	../raw/alphafold/AF-P14717-F1-model.pdb	2026-07-23T03:59:14.164064+00:00	437804	467a35807f54319e1dedd7082722c59f32b57738898473715cf3d1548b5559de	plantpersulf/0.0.0
P16180	v6	https://alphafold.ebi.ac.uk/files/AF-P16180-F1-model_v6.pdb	../raw/alphafold/AF-P16180-F1-model.pdb	2026-07-23T03:59:16.865291+00:00	97442	1bdcdb3bc9df752dc9464ea14657cd640490d7c2d720c1d4efae1666adde923d	plantpersulf/0.0.0
P16972	v6	https://alphafold.ebi.ac.uk/files/AF-P16972-F1-model_v6.pdb	../raw/alphafold/AF-P16972-F1-model.pdb	2026-07-23T03:59:19.880951+00:00	92906	55bed359fa85a5622b6b62ea4e9ebf88d846451980f6e3384d2eb6fb957bde15	plantpersulf/0.0.0
P17784	v6	https://alphafold.ebi.ac.uk/files/AF-P17784-F1-model_v6.pdb	../raw/alphafold/AF-P17784-F1-model.pdb	2026-07-23T03:59:23.202970+00:00	227690	ffde6b9527aeeda77b34fa2aa3692d4e6166de8889cf334b2f45cadf532d43e0	plantpersulf/0.0.0
P19366	v6	https://alphafold.ebi.ac.uk/files/AF-P19366-F1-model_v6.pdb	../raw/alphafold/AF-P19366-F1-model.pdb	2026-07-23T03:59:26.620877+00:00	313955	687da65bbd944f24a0464a26367f0e1b674ff78277b18dfd3cf601c4e8b9128e	plantpersulf/0.0.0
P25697	v6	https://alphafold.ebi.ac.uk/files/AF-P25697-F1-model_v6.pdb	../raw/alphafold/AF-P25697-F1-model.pdb	2026-07-23T03:59:29.811150+00:00	260090	63a7272a405847511edb7e6fc4ba48c4f4d4dc03eb7ad4776422d3c053e4783a	plantpersulf/0.0.0
P25701	v6	https://alphafold.ebi.ac.uk/files/AF-P25701-F1-model_v6.pdb	../raw/alphafold/AF-P25701-F1-model.pdb	2026-07-23T03:59:32.861107+00:00	87155	8cb091cc63ea4af763c3b4bc768899417b97bba2437384f170a439ad9ae309fa	plantpersulf/0.0.0
P25765	v6	https://alphafold.ebi.ac.uk/files/AF-P25765-F1-model_v6.pdb	../raw/alphafold/AF-P25765-F1-model.pdb	2026-07-23T03:59:35.810190+00:00	197153	d3e95e9fad7de4a59fead3095f26fd58901f049827ccaf2c930f49173eb10954	plantpersulf/0.0.0
P25851	v6	https://alphafold.ebi.ac.uk/files/AF-P25851-F1-model_v6.pdb	../raw/alphafold/AF-P25851-F1-model.pdb	2026-07-23T03:59:39.303071+00:00	263411	c2afc47f063ac05337396684d074362b460bdc1b2f564bba4d54cd0ecebdbae4	plantpersulf/0.0.0
P25857	v6	https://alphafold.ebi.ac.uk/files/AF-P25857-F1-model_v6.pdb	../raw/alphafold/AF-P25857-F1-model.pdb	2026-07-23T03:59:42.425921+00:00	277829	b911d14f45b4b92b277346c554f0fcb0c314ba2811f68d79ce77e105e484195d	plantpersulf/0.0.0
P25860	v6	https://alphafold.ebi.ac.uk/files/AF-P25860-F1-model_v6.pdb	../raw/alphafold/AF-P25860-F1-model.pdb	2026-07-23T03:59:45.114250+00:00	49328	59d0080667ca9c1d4d2c5c1f12955bb388d9462b61e0475542e9488c474e4a4b	plantpersulf/0.0.0
P27140-2	v6	https://alphafold.ebi.ac.uk/files/AF-P27140-2-F1-model_v6.pdb	../raw/alphafold/AF-P27140-2-F1-model_v6.pdb	2026-07-21T08:43:36.367270+00:00	211976	51e6bc5f1bb809dfd2505bf66a326574bf188ed197861e44ac552a9a1bdbb81b	plantpersulf/0.0.0
P29197	v6	https://alphafold.ebi.ac.uk/files/AF-P29197-F1-model_v6.pdb	../raw/alphafold/AF-P29197-F1-model.pdb	2026-07-23T03:59:48.539465+00:00	354779	cf531812ca135934dfdf2cdf390eb4d5adb808f4a9a4788f5ebd2bc480b6b5f1	plantpersulf/0.0.0
P31924	v6	https://alphafold.ebi.ac.uk/files/AF-P31924-F1-model_v6.pdb	../raw/alphafold/AF-P31924-F1-model.pdb	2026-07-23T03:59:51.146684+00:00	539378	f087d7dcd42d4359d75e727303268189158705c86aaa2febaa8baa7ea6f736e6	plantpersulf/0.0.0
P33281	v6	https://alphafold.ebi.ac.uk/files/AF-P33281-F1-model_v6.pdb	../raw/alphafold/AF-P33281-F1-model.pdb	2026-07-23T03:59:54.146056+00:00	146933	ceb895f0d0c04f89cc0bfbd9b980e65658f3c20dbe2cf378c832df9f01140f15	plantpersulf/0.0.0
P34791	v6	https://alphafold.ebi.ac.uk/files/AF-P34791-F1-model_v6.pdb	../raw/alphafold/AF-P34791-F1-model.pdb	2026-07-23T03:59:56.522260+00:00	165806	132b4e1fa122aa2f5fb16e83bbe2589ecd3120f724b758269710af2fa99148dd	plantpersulf/0.0.0
P37833	v6	https://alphafold.ebi.ac.uk/files/AF-P37833-F1-model_v6.pdb	../raw/alphafold/AF-P37833-F1-model.pdb	2026-07-23T03:59:59.810911+00:00	260090	c10a9f2584e898ccc72197e744771f541824bb2270940161c53e44eb32ba15da	plantpersulf/0.0.0
P42211	v6	https://alphafold.ebi.ac.uk/files/AF-P42211-F1-model_v6.pdb	../raw/alphafold/AF-P42211-F1-model.pdb	2026-07-23T04:00:02.965655+00:00	314684	6e3dd81ad885250021cd07019d1a6dff6e31bf1db5b00fef8e9643b99cb9a443	plantpersulf/0.0.0
P42737-2	v6	https://alphafold.ebi.ac.uk/files/AF-P42737-2-F1-model_v6.pdb	../raw/alphafold/AF-P42737-2-F1-model.pdb	2026-07-23T04:00:06.816373+00:00	167183	4f5ed9d78eb7e6a5374cf3689591b395d50b70151760ce7edc07094fe09af70d	plantpersulf/0.0.0
P45960	v6	https://alphafold.ebi.ac.uk/files/AF-P45960-F1-model_v6.pdb	../raw/alphafold/AF-P45960-F1-model.pdb	2026-07-23T04:00:10.024876+00:00	291680	c889d8d3207bb86ce8badfeb12bc1be097c406bbc12fd3e4b90fd58a8b8de9b3	plantpersulf/0.0.0
P46283	v6	https://alphafold.ebi.ac.uk/files/AF-P46283-F1-model_v6.pdb	../raw/alphafold/AF-P46283-F1-model.pdb	2026-07-23T04:00:13.349746+00:00	247778	f95c2ef2d0f55af17f424dc64f6596edf5687855215c039c15800f4f3a289879	plantpersulf/0.0.0
P48494	v6	https://alphafold.ebi.ac.uk/files/AF-P48494-F1-model_v6.pdb	../raw/alphafold/AF-P48494-F1-model.pdb	2026-07-23T04:00:16.360128+00:00	159812	b675643d7375530de68fb7fbd1ae004d776563936d5ec0fbd1fedc5561c78f23	plantpersulf/0.0.0
P48642	v6	https://alphafold.ebi.ac.uk/files/AF-P48642-F1-model_v6.pdb	../raw/alphafold/AF-P48642-F1-model.pdb	2026-07-23T04:00:19.666826+00:00	311444	62695bbb011e072aa3d149e914bbd7ef2147baf390fadffa95607f816ca1890b	plantpersulf/0.0.0
P49027	v6	https://alphafold.ebi.ac.uk/files/AF-P49027-F1-model_v6.pdb	../raw/alphafold/AF-P49027-F1-model.pdb	2026-07-23T04:00:22.956413+00:00	212867	b59441d861885b15467785419c5abf34a587a0227fedc96abed39110ddd76a5b	plantpersulf/0.0.0
P49690	v6	https://alphafold.ebi.ac.uk/files/AF-P49690-F1-model_v6.pdb	../raw/alphafold/AF-P49690-F1-model.pdb	2026-07-23T04:00:25.406805+00:00	89909	bcad2530fdf81e4f910c6bfbcd380421664dc2533e13b1be06ef278de8056129	plantpersulf/0.0.0
P52428	v6	https://alphafold.ebi.ac.uk/files/AF-P52428-F1-model_v6.pdb	../raw/alphafold/AF-P52428-F1-model.pdb	2026-07-23T04:00:28.506550+00:00	174230	334b6aff80e420b633e2e2a609fefd9aa7d4b87065349ede0dac94ff295671e6	plantpersulf/0.0.0
P57792	v6	https://alphafold.ebi.ac.uk/files/AF-P57792-F1-model_v6.pdb	../raw/alphafold/AF-P57792-F1-model.pdb	2026-07-23T04:00:31.663349+00:00	773549	30b1e47cfd0c4c53231478e1616fd60e177c42c5f3a1b9afd86fe47e6adcf6d2	plantpersulf/0.0.0
P68209	v6	https://alphafold.ebi.ac.uk/files/AF-P68209-F1-model_v6.pdb	../raw/alphafold/AF-P68209-F1-model.pdb	2026-07-23T04:00:34.665110+00:00	211490	4af9f4bef6fda7f937d8efec4c9206bb1adeffa759cc346b0fb28ddf16fa7bf5	plantpersulf/0.0.0
P82724	v6	https://alphafold.ebi.ac.uk/files/AF-P82724-F1-model_v6.pdb	../raw/alphafold/AF-P82724-F1-model.pdb	2026-07-23T04:00:37.328507+00:00	54998	c8239d3bec25654f390e6619bc8380dc33475347f9444434414b6ca85f850210	plantpersulf/0.0.0
P82743	v6	https://alphafold.ebi.ac.uk/files/AF-P82743-F1-model_v6.pdb	../raw/alphafold/AF-P82743-F1-model.pdb	2026-07-23T04:00:39.469450+00:00	56051	0044e33f2a144b93c08cda6f9fffb97d9c1b9dd91cbc36cf2bb5cdcd07542522	plantpersulf/0.0.0
P92683	v6	https://alphafold.ebi.ac.uk/files/AF-P92683-F1-model_v6.pdb	../raw/alphafold/AF-P92683-F1-model.pdb	2026-07-23T04:00:42.369866+00:00	107891	f57bddcaf4af46804dcc2624d0d0c2ddbc7f7880b0eceb131bbb0dc210e98b2a	plantpersulf/0.0.0
P92983	v6	https://alphafold.ebi.ac.uk/files/AF-P92983-F1-model_v6.pdb	../raw/alphafold/AF-P92983-F1-model.pdb	2026-07-23T04:00:45.548551+00:00	319301	294a7b2e634a24c6ca98d03740a916d155e3180745e82558e789a42960d5b49b	plantpersulf/0.0.0
P93422	v6	https://alphafold.ebi.ac.uk/files/AF-P93422-F1-model_v6.pdb	../raw/alphafold/AF-P93422-F1-model.pdb	2026-07-23T04:00:49.133234+00:00	495152	f729d6c36f4983870359f6e9ffb6d5b52627e0d6b49cb0daaae4d864de4a4999	plantpersulf/0.0.0
P93844	v6	https://alphafold.ebi.ac.uk/files/AF-P93844-F1-model_v6.pdb	../raw/alphafold/AF-P93844-F1-model.pdb	2026-07-23T04:00:52.664099+00:00	530873	5bc721b53793bad42dd2690b618488fd1c53180eadd77fe524a98114202d5061	plantpersulf/0.0.0
P94040	v6	https://alphafold.ebi.ac.uk/files/AF-P94040-F1-model_v6.pdb	../raw/alphafold/AF-P94040-F1-model.pdb	2026-07-23T04:00:55.406656+00:00	128465	1c2f8c1a1bf26ecdae51597245c509be6d85a48b18245ce9ac5b7f289b841f6b	plantpersulf/0.0.0
Q0D840	v6	https://alphafold.ebi.ac.uk/files/AF-Q0D840-F1-model_v6.pdb	../raw/alphafold/AF-Q0D840-F1-model.pdb	2026-07-23T04:00:58.221295+00:00	79541	c20ee6a1d37885e1023fa82f6dc2ebc73d8154c76da11bc0a9be67bea344235c	plantpersulf/0.0.0
Q0D9Q1	v6	https://alphafold.ebi.ac.uk/files/AF-Q0D9Q1-F1-model_v6.pdb	../raw/alphafold/AF-Q0D9Q1-F1-model.pdb	2026-07-23T04:01:01.723511+00:00	523988	a0110bf83f4e31d948cbe0deca78c9862dd2742e13a1929941f7ebbf15fabd68	plantpersulf/0.0.0
Q0DD75	v6	https://alphafold.ebi.ac.uk/files/AF-Q0DD75-F1-model_v6.pdb	../raw/alphafold/AF-Q0DD75-F1-model.pdb	2026-07-23T04:01:04.891843+00:00	356318	3476ec0faff05f590b6ac58592596fd85f6a69143233a3b2f8bb78db82faf77f	plantpersulf/0.0.0
Q0DEU8	v6	https://alphafold.ebi.ac.uk/files/AF-Q0DEU8-F1-model_v6.pdb	../raw/alphafold/AF-Q0DEU8-F1-model.pdb	2026-07-23T04:01:08.391020+00:00	427193	e0d68df3f4ba3a02fe8aa0aadfa2606c3bc34efce71a60589e889c36929e36fc	plantpersulf/0.0.0
Q0DG31	v6	https://alphafold.ebi.ac.uk/files/AF-Q0DG31-F1-model_v6.pdb	../raw/alphafold/AF-Q0DG31-F1-model.pdb	2026-07-23T04:01:11.888954+00:00	398681	46b6976a016af79f55ffacd3a1c728a674d5acc6cf83a714cd145a36c1b1e54b	plantpersulf/0.0.0
Q0DG77	v6	https://alphafold.ebi.ac.uk/files/AF-Q0DG77-F1-model_v6.pdb	../raw/alphafold/AF-Q0DG77-F1-model.pdb	2026-07-23T04:01:15.242236+00:00	366848	51fb5cb8cbc07b18b5435f5c80e7ccc1f38324b653c9322cabca364f9ad34245	plantpersulf/0.0.0
Q0DGS2	v6	https://alphafold.ebi.ac.uk/files/AF-Q0DGS2-F1-model_v6.pdb	../raw/alphafold/AF-Q0DGS2-F1-model.pdb	2026-07-23T04:01:18.494252+00:00	329750	68b07642455388b1eac0622d53b3c10908dd0d28ae33f403b6c3eabec3566bce	plantpersulf/0.0.0
Q0DHB9	v6	https://alphafold.ebi.ac.uk/files/AF-Q0DHB9-F1-model_v6.pdb	../raw/alphafold/AF-Q0DHB9-F1-model.pdb	2026-07-23T04:01:21.307194+00:00	90962	fa4f1e9e5f90bf39cd3aa4a68ea1706b573f52c18336e5bfae04b1766d73cbc4	plantpersulf/0.0.0
Q0DJJ0	v6	https://alphafold.ebi.ac.uk/files/AF-Q0DJJ0-F1-model_v6.pdb	../raw/alphafold/AF-Q0DJJ0-F1-model.pdb	2026-07-23T04:01:24.360244+00:00	215621	6a2ce38bcb1ff6b3d8237d0dd3378b8582ffd0a90ca32c69260c833022ba7230	plantpersulf/0.0.0
Q0DN30	v6	https://alphafold.ebi.ac.uk/files/AF-Q0DN30-F1-model_v6.pdb	../raw/alphafold/AF-Q0DN30-F1-model.pdb	2026-07-23T04:01:27.541334+00:00	140291	1d377e9114d7e069f298d9a3b43fdebf6021f908857954292f4c189e9a2e209a	plantpersulf/0.0.0
Q0DPU1	v6	https://alphafold.ebi.ac.uk/files/AF-Q0DPU1-F1-model_v6.pdb	../raw/alphafold/AF-Q0DPU1-F1-model.pdb	2026-07-23T04:01:30.175818+00:00	133973	c83dfcd8bf364035da6d0c491961ce1a12655aff984f45e4ea047dbe64161b51	plantpersulf/0.0.0
Q0DR89	v6	https://alphafold.ebi.ac.uk/files/AF-Q0DR89-F1-model_v6.pdb	../raw/alphafold/AF-Q0DR89-F1-model.pdb	2026-07-23T04:01:33.441319+00:00	231335	2314efe8aaf117ffd44202e45eb17ed99c8c56d33e8ab6e759ca31f6f1d1ac5d	plantpersulf/0.0.0
Q0DRV6	v6	https://alphafold.ebi.ac.uk/files/AF-Q0DRV6-F1-model_v6.pdb	../raw/alphafold/AF-Q0DRV6-F1-model.pdb	2026-07-23T04:01:36.448927+00:00	91691	08d8190d6e666a4d197fe9bb0d3a46959bddb64ea884b49c071d37444dc61ec1	plantpersulf/0.0.0
Q0DSC3	v6	https://alphafold.ebi.ac.uk/files/AF-Q0DSC3-F1-model_v6.pdb	../raw/alphafold/AF-Q0DSC3-F1-model.pdb	2026-07-23T04:01:39.547796+00:00	174878	3bd08ed13a57838ebca960f059200dec9094fc1aebb3413c44c3d0eb17c45f6f	plantpersulf/0.0.0
Q0DSS1	v6	https://alphafold.ebi.ac.uk/files/AF-Q0DSS1-F1-model_v6.pdb	../raw/alphafold/AF-Q0DSS1-F1-model.pdb	2026-07-23T04:01:42.624793+00:00	200555	98ff917130332f20ede66e394727068b58e7ca9b5e063cd460556b032572ee6c	plantpersulf/0.0.0
Q0DSY0	v6	https://alphafold.ebi.ac.uk/files/AF-Q0DSY0-F1-model_v6.pdb	../raw/alphafold/AF-Q0DSY0-F1-model.pdb	2026-07-23T04:01:46.022044+00:00	527795	3a47ea0014fe5843fb9047fe8fed324d0e86c8b6d18bf278a195ac83c50ed3b5	plantpersulf/0.0.0
Q0DTX5	v6	https://alphafold.ebi.ac.uk/files/AF-Q0DTX5-F1-model_v6.pdb	../raw/alphafold/AF-Q0DTX5-F1-model.pdb	2026-07-23T04:01:48.612156+00:00	98171	83b956e77caa708884f81fd3b8371a60a595c7b9f0816fdbf2e19e59b4e5e3ce	plantpersulf/0.0.0
Q0DV32	v6	https://alphafold.ebi.ac.uk/files/AF-Q0DV32-F1-model_v6.pdb	../raw/alphafold/AF-Q0DV32-F1-model.pdb	2026-07-23T04:01:52.035285+00:00	343844	3c806056856c274c95d738ff8d7857af71121f9f549e8b541f3caa08dc5ec5ab	plantpersulf/0.0.0
Q0DVS6	v6	https://alphafold.ebi.ac.uk/files/AF-Q0DVS6-F1-model_v6.pdb	../raw/alphafold/AF-Q0DVS6-F1-model.pdb	2026-07-23T04:01:54.903173+00:00	118583	52b921e3d0a07650df54b7943847c7821769a813f646bbe6e92e9dd7d9eeb1a1	plantpersulf/0.0.0
Q0DVX2	v6	https://alphafold.ebi.ac.uk/files/AF-Q0DVX2-F1-model_v6.pdb	../raw/alphafold/AF-Q0DVX2-F1-model.pdb	2026-07-23T04:01:58.292688+00:00	411074	ee7ef1369d86ec626ca1d59afb6d0c6352238248e9b942c60e130a0e730d104f	plantpersulf/0.0.0
Q0DWH1	v6	https://alphafold.ebi.ac.uk/files/AF-Q0DWH1-F1-model_v6.pdb	../raw/alphafold/AF-Q0DWH1-F1-model.pdb	2026-07-23T04:02:00.907626+00:00	238139	3ecd7f4000b9b6acff950dcd477e91a013f20afbd2db9484d0c5c07b8eeda9b3	plantpersulf/0.0.0
Q0DY33	v6	https://alphafold.ebi.ac.uk/files/AF-Q0DY33-F1-model_v6.pdb	../raw/alphafold/AF-Q0DY33-F1-model.pdb	2026-07-23T04:02:04.216312+00:00	243404	a02d3167da165898e8641a1b85346dad6703cd27cb85d8573db378c7148caac7	plantpersulf/0.0.0
Q0E3F2	v6	https://alphafold.ebi.ac.uk/files/AF-Q0E3F2-F1-model_v6.pdb	../raw/alphafold/AF-Q0E3F2-F1-model.pdb	2026-07-23T04:02:08.129926+00:00	220643	391840946381640bde52165d741443a50cc6dfef2a5b57703cd7e032d27af2c4	plantpersulf/0.0.0
Q0E4L2	v6	https://alphafold.ebi.ac.uk/files/AF-Q0E4L2-F1-model_v6.pdb	../raw/alphafold/AF-Q0E4L2-F1-model.pdb	2026-07-23T04:02:11.510080+00:00	315575	f12d4f5d72918e109753c462f586abb0050e75120269548ae152be395c628039	plantpersulf/0.0.0
Q0IPE5	v6	https://alphafold.ebi.ac.uk/files/AF-Q0IPE5-F1-model_v6.pdb	../raw/alphafold/AF-Q0IPE5-F1-model.pdb	2026-07-23T04:02:14.623039+00:00	185327	fc97d50fd3809dcbf51d498e5d272426e3e5af49b33ff9fbe600c128941df57a	plantpersulf/0.0.0
Q0IPL3	v6	https://alphafold.ebi.ac.uk/files/AF-Q0IPL3-F1-model_v6.pdb	../raw/alphafold/AF-Q0IPL3-F1-model.pdb	2026-07-23T04:02:17.772139+00:00	203228	b03e86b8290a09cc5413dc95039182634449c6f2f088c65cce495b5c7d41b2e6	plantpersulf/0.0.0
Q0IPU6	v6	https://alphafold.ebi.ac.uk/files/AF-Q0IPU6-F1-model_v6.pdb	../raw/alphafold/AF-Q0IPU6-F1-model.pdb	2026-07-23T04:02:20.319421+00:00	259766	e2351d288741d5836f15db55b5bc28345c82c10adcd01d7c1e1dcf127c2437ed	plantpersulf/0.0.0
Q0IQF7	v6	https://alphafold.ebi.ac.uk/files/AF-Q0IQF7-F1-model_v6.pdb	../raw/alphafold/AF-Q0IQF7-F1-model.pdb	2026-07-23T04:02:23.239486+00:00	100763	e2d55a8335d0c101e988568557b22f50506b133a93d25f3a58f77f595af08a5e	plantpersulf/0.0.0
Q0IXE8	v6	https://alphafold.ebi.ac.uk/files/AF-Q0IXE8-F1-model_v6.pdb	../raw/alphafold/AF-Q0IXE8-F1-model.pdb	2026-07-23T04:02:26.449681+00:00	189458	abdb5743f839a23400a00fcbf54d09239bc620f8781c94ffa53f7e6d2fac9739	plantpersulf/0.0.0
Q0J105	v6	https://alphafold.ebi.ac.uk/files/AF-Q0J105-F1-model_v6.pdb	../raw/alphafold/AF-Q0J105-F1-model.pdb	2026-07-23T04:02:29.911862+00:00	456191	d0af37bd16dee22c5331a4d6dfe6ea6df44cb12d70af13b5fbb1077e3da4e058	plantpersulf/0.0.0
Q0J365	v6	https://alphafold.ebi.ac.uk/files/AF-Q0J365-F1-model_v6.pdb	../raw/alphafold/AF-Q0J365-F1-model.pdb	2026-07-23T04:02:33.575335+00:00	761156	6c5ffc4003ae0d76fe37a376dd782ccce1d86bfa4c7b0740fbf040a6e9fd1446	plantpersulf/0.0.0
Q0J3D9	v6	https://alphafold.ebi.ac.uk/files/AF-Q0J3D9-F1-model_v6.pdb	../raw/alphafold/AF-Q0J3D9-F1-model.pdb	2026-07-23T04:02:37.022490+00:00	790154	cd5098b5e7c7772b74af78f43d3991525d7c1bd0e798af84df05cd355fdf8ba5	plantpersulf/0.0.0
Q0J7A8	v6	https://alphafold.ebi.ac.uk/files/AF-Q0J7A8-F1-model_v6.pdb	../raw/alphafold/AF-Q0J7A8-F1-model.pdb	2026-07-23T04:02:39.716681+00:00	37502	da6f51521bfa0688709f2ce88cece25de960723b3e81ddee4e68295f917cb693	plantpersulf/0.0.0
Q0J8M2	v6	https://alphafold.ebi.ac.uk/files/AF-Q0J8M2-F1-model_v6.pdb	../raw/alphafold/AF-Q0J8M2-F1-model.pdb	2026-07-23T04:02:42.246188+00:00	89504	2fcd86b94588ad5c43887ec66f81c622f2195b5abd7b610e5fe011622bc9e99e	plantpersulf/0.0.0
Q0J8V7	v6	https://alphafold.ebi.ac.uk/files/AF-Q0J8V7-F1-model_v6.pdb	../raw/alphafold/AF-Q0J8V7-F1-model.pdb	2026-07-23T04:02:45.462039+00:00	198206	5faad25425d1b6260e2c245cb750ec9a959b0b4f4626c46eccd030b8321e4e33	plantpersulf/0.0.0
Q0J9Q1	v6	https://alphafold.ebi.ac.uk/files/AF-Q0J9Q1-F1-model_v6.pdb	../raw/alphafold/AF-Q0J9Q1-F1-model.pdb	2026-07-23T04:02:48.585679+00:00	304721	773b5d72b0b610b11999ea42ae535a5705a1a5fd79e741d97eb9633210cb1010	plantpersulf/0.0.0
Q0JB40	v6	https://alphafold.ebi.ac.uk/files/AF-Q0JB40-F1-model_v6.pdb	../raw/alphafold/AF-Q0JB40-F1-model.pdb	2026-07-23T04:02:51.810026+00:00	282041	af928c9d76c276bdbfde805db7268dcc378893f26c5e31f8e317396c300a1843	plantpersulf/0.0.0
Q0JBY9	v6	https://alphafold.ebi.ac.uk/files/AF-Q0JBY9-F1-model_v6.pdb	../raw/alphafold/AF-Q0JBY9-F1-model.pdb	2026-07-23T04:02:55.520912+00:00	748439	533790cf2766a25b15203dced6c6b8632c2666051f3179a420d268ba10e79a21	plantpersulf/0.0.0
Q0JCT1	v6	https://alphafold.ebi.ac.uk/files/AF-Q0JCT1-F1-model_v6.pdb	../raw/alphafold/AF-Q0JCT1-F1-model.pdb	2026-07-23T04:02:58.464802+00:00	92582	eab3b87b4d2818385597725f6104fd6f8a3943ce75023281b5482e935534ac41	plantpersulf/0.0.0
Q0JF03	v6	https://alphafold.ebi.ac.uk/files/AF-Q0JF03-F1-model_v6.pdb	../raw/alphafold/AF-Q0JF03-F1-model.pdb	2026-07-23T04:03:01.866782+00:00	382805	873a2fd59155cc8b360a4bee96a4932a108936c01cc9847ab7f6d50c1cb0b810	plantpersulf/0.0.0
Q0JF58	v6	https://alphafold.ebi.ac.uk/files/AF-Q0JF58-F1-model_v6.pdb	../raw/alphafold/AF-Q0JF58-F1-model.pdb	2026-07-23T04:03:06.159737+00:00	589436	48f2749da4665596b83d5808271d87d7843fb9e8bf90898e554c3c315c15e0dd	plantpersulf/0.0.0
Q0JFH7	v6	https://alphafold.ebi.ac.uk/files/AF-Q0JFH7-F1-model_v6.pdb	../raw/alphafold/AF-Q0JFH7-F1-model.pdb	2026-07-23T04:03:09.453094+00:00	386531	05512560f85648b4b1369e8b69b2813a16fa5a171e8ea7a02329ac721026358d	plantpersulf/0.0.0
Q0JFI2	v6	https://alphafold.ebi.ac.uk/files/AF-Q0JFI2-F1-model_v6.pdb	../raw/alphafold/AF-Q0JFI2-F1-model.pdb	2026-07-23T04:03:12.765892+00:00	332099	2206dd46495fad00455cecf1c67e6567436e7d8993be586e9b21ba799cd9de30	plantpersulf/0.0.0
Q0JHF8	v6	https://alphafold.ebi.ac.uk/files/AF-Q0JHF8-F1-model_v6.pdb	../raw/alphafold/AF-Q0JHF8-F1-model.pdb	2026-07-23T04:03:16.110983+00:00	216674	9d57254f9ee5977d63e90e75ccf18e46312a65ce63d89dd2c3771cf6f7f1c580	plantpersulf/0.0.0
Q0JL39	v6	https://alphafold.ebi.ac.uk/files/AF-Q0JL39-F1-model_v6.pdb	../raw/alphafold/AF-Q0JL39-F1-model.pdb	2026-07-23T04:03:18.948379+00:00	129518	18c434d6423496ed6f8b526c61048de6f0b83dd8d8c2b1e8d3790f5e4226954b	plantpersulf/0.0.0
Q0JL76	v6	https://alphafold.ebi.ac.uk/files/AF-Q0JL76-F1-model_v6.pdb	../raw/alphafold/AF-Q0JL76-F1-model.pdb	2026-07-23T04:03:22.008134+00:00	222344	4692480b8971f3f03cbba7014be4438c5368929fc65cabd80b88a30279ceeedb	plantpersulf/0.0.0
Q0JNK5	v6	https://alphafold.ebi.ac.uk/files/AF-Q0JNK5-F1-model_v6.pdb	../raw/alphafold/AF-Q0JNK5-F1-model.pdb	2026-07-23T04:03:25.420271+00:00	607499	371fa8f0670df977903ab20b9b2ce78f2cfce9ab78f66a193e89e6831ade3f8d	plantpersulf/0.0.0
Q0JRA3	v6	https://alphafold.ebi.ac.uk/files/AF-Q0JRA3-F1-model_v6.pdb	../raw/alphafold/AF-Q0JRA3-F1-model.pdb	2026-07-23T04:03:28.614953+00:00	231092	88a0a848f473b2e98ee47382d3fcaa55dd39a2965cff7a640ecb44d7b1c43949	plantpersulf/0.0.0
Q0KIW5	v6	https://alphafold.ebi.ac.uk/files/AF-Q0KIW5-F1-model_v6.pdb	../raw/alphafold/AF-Q0KIW5-F1-model.pdb	2026-07-23T04:03:31.591601+00:00	95417	2a4770a5fb6151529f4532ccf1b776d718d245de99631a0dfa2aaba24d476555	plantpersulf/0.0.0
Q0WPU1	v6	https://alphafold.ebi.ac.uk/files/AF-Q0WPU1-F1-model_v6.pdb	../raw/alphafold/AF-Q0WPU1-F1-model.pdb	2026-07-23T04:03:35.550371+00:00	1001321	9b66b0f488ce94848e9c6ddd5d65e5079245a2e1b04e13a3ef9a49aba6535133	plantpersulf/0.0.0
Q0WTB4	v6	https://alphafold.ebi.ac.uk/files/AF-Q0WTB4-F1-model_v6.pdb	../raw/alphafold/AF-Q0WTB4-F1-model.pdb	2026-07-23T04:03:38.959429+00:00	404918	16bfa188d16d449be4c923825598e5a37e8639890912a9182adcec0304fc8c09	plantpersulf/0.0.0
Q0WUQ7	v6	https://alphafold.ebi.ac.uk/files/AF-Q0WUQ7-F1-model_v6.pdb	../raw/alphafold/AF-Q0WUQ7-F1-model.pdb	2026-07-23T04:03:41.988121+00:00	316466	67140c208bf9e94b70e731501815e77340daa7bf3b215fb7b2490f2676274e9c	plantpersulf/0.0.0
Q0WUR5	v6	https://alphafold.ebi.ac.uk/files/AF-Q0WUR5-F1-model_v6.pdb	../raw/alphafold/AF-Q0WUR5-F1-model.pdb	2026-07-23T04:03:45.886414+00:00	1131245	2072d8ab270a7f3815f20a88c6936cc0d07aedcfea23cf72bed5070e5675f3d2	plantpersulf/0.0.0
Q0WVR3	v6	https://alphafold.ebi.ac.uk/files/AF-Q0WVR3-F1-model_v6.pdb	../raw/alphafold/AF-Q0WVR3-F1-model.pdb	2026-07-23T04:03:49.401842+00:00	482192	561fb80f4b7430a7e1e2826eb35446905f7a56b609df4656fe423f0201749710	plantpersulf/0.0.0
Q10BR1	v6	https://alphafold.ebi.ac.uk/files/AF-Q10BR1-F1-model_v6.pdb	../raw/alphafold/AF-Q10BR1-F1-model.pdb	2026-07-23T04:03:52.467117+00:00	184193	5d3d4a3f7a2a56d4c5f8df1d4ec33c2a11b7d5fda1f6ad5de2ea28f288620b68	plantpersulf/0.0.0
Q10BT5	v6	https://alphafold.ebi.ac.uk/files/AF-Q10BT5-F1-model_v6.pdb	../raw/alphafold/AF-Q10BT5-F1-model.pdb	2026-07-23T04:03:55.126642+00:00	206711	025354d781ffacdfd80984097a9a4bbff246a66327d46ebf117cd38615008108	plantpersulf/0.0.0
Q10CU9	v6	https://alphafold.ebi.ac.uk/files/AF-Q10CU9-F1-model_v6.pdb	../raw/alphafold/AF-Q10CU9-F1-model.pdb	2026-07-23T04:03:57.420514+00:00	394550	72e56473d55aa68f87e6d7d9c901ac9da7ac957a09a67a685ec602a4ab14f063	plantpersulf/0.0.0
Q10DI0	v6	https://alphafold.ebi.ac.uk/files/AF-Q10DI0-F1-model_v6.pdb	../raw/alphafold/AF-Q10DI0-F1-model.pdb	2026-07-23T04:04:00.614280+00:00	225665	e17bb4572966f3ef0677c371686aa904ecb8f01c0b71ff3014d45d324d448915	plantpersulf/0.0.0
Q10DN0	v6	https://alphafold.ebi.ac.uk/files/AF-Q10DN0-F1-model_v6.pdb	../raw/alphafold/AF-Q10DN0-F1-model.pdb	2026-07-23T04:04:04.022213+00:00	268190	2c8823f4097793bcdc38ab64d21b94de11101d8a28c7f5dac79e52a59d593af3	plantpersulf/0.0.0
Q10KS8	v6	https://alphafold.ebi.ac.uk/files/AF-Q10KS8-F1-model_v6.pdb	../raw/alphafold/AF-Q10KS8-F1-model.pdb	2026-07-23T04:04:07.370144+00:00	245672	b632a23f84ad00d5a82c08621b7b2309304d2931200db86c84f6887fc0948ecb	plantpersulf/0.0.0
Q10L56	v6	https://alphafold.ebi.ac.uk/files/AF-Q10L56-F1-model_v6.pdb	../raw/alphafold/AF-Q10L56-F1-model.pdb	2026-07-23T04:04:10.349014+00:00	114776	30d2493b1daafee0e15db9cff336fad0458d9f2fddd8673cc0269077386e0a8f	plantpersulf/0.0.0
Q10LJ0	v6	https://alphafold.ebi.ac.uk/files/AF-Q10LJ0-F1-model_v6.pdb	../raw/alphafold/AF-Q10LJ0-F1-model.pdb	2026-07-23T04:04:14.026919+00:00	573803	483df24add4652c37800e475f536bac2c5dbe2af62968aacb7175c1d2dab14ea	plantpersulf/0.0.0
Q10LN7	v6	https://alphafold.ebi.ac.uk/files/AF-Q10LN7-F1-model_v6.pdb	../raw/alphafold/AF-Q10LN7-F1-model.pdb	2026-07-23T04:04:16.889090+00:00	125387	9cd4d88543aa212d1a5f6b53ab92a2a02355cee503954fa976e468fea931d14f	plantpersulf/0.0.0
Q10LS9	v6	https://alphafold.ebi.ac.uk/files/AF-Q10LS9-F1-model_v6.pdb	../raw/alphafold/AF-Q10LS9-F1-model.pdb	2026-07-23T04:04:19.997110+00:00	690443	774735851fa30408c34c81f3a5aa2d2c7a20069d3eb5119a67026c6f13cd3bad	plantpersulf/0.0.0
Q10LZ2	v6	https://alphafold.ebi.ac.uk/files/AF-Q10LZ2-F1-model_v6.pdb	../raw/alphafold/AF-Q10LZ2-F1-model.pdb	2026-07-23T04:04:22.585468+00:00	617462	41f85fd1be53b6972829dc521a52a2c458699362159281cea086c6c9af572a11	plantpersulf/0.0.0
Q10MD7	v6	https://alphafold.ebi.ac.uk/files/AF-Q10MD7-F1-model_v6.pdb	../raw/alphafold/AF-Q10MD7-F1-model.pdb	2026-07-23T04:04:25.810458+00:00	257579	3b980e9912e217cbe607cff7318cf3b36c37b6a391a99b039f80ab34e09902b8	plantpersulf/0.0.0
Q10MJ1	v6	https://alphafold.ebi.ac.uk/files/AF-Q10MJ1-F1-model_v6.pdb	../raw/alphafold/AF-Q10MJ1-F1-model.pdb	2026-07-23T04:04:29.352314+00:00	602801	ec81a1b9a39fbbe6f4bc82b2283543ffce0f09f2d3ed8b7a37214e56550e644a	plantpersulf/0.0.0
Q10MK5	v6	https://alphafold.ebi.ac.uk/files/AF-Q10MK5-F1-model_v6.pdb	../raw/alphafold/AF-Q10MK5-F1-model.pdb	2026-07-23T04:04:32.590016+00:00	334448	b85ab2708aa24b7486906e66c93cfa775c42461fcc5218a0376d09d5b72c180b	plantpersulf/0.0.0
Q10MQ2	v6	https://alphafold.ebi.ac.uk/files/AF-Q10MQ2-F1-model_v6.pdb	../raw/alphafold/AF-Q10MQ2-F1-model.pdb	2026-07-23T04:04:36.161900+00:00	291680	a74bc8c5019aae5f6fae5df78d73ac3b5630b6ebebde40763d7db49ccf718def	plantpersulf/0.0.0
Q10MR0	v6	https://alphafold.ebi.ac.uk/files/AF-Q10MR0-F1-model_v6.pdb	../raw/alphafold/AF-Q10MR0-F1-model.pdb	2026-07-23T04:04:38.892723+00:00	153899	7f18a8a817078be84993234a761d1a72d284ecc0179b7457c7d876a8ca6446d8	plantpersulf/0.0.0
Q10MS7	v6	https://alphafold.ebi.ac.uk/files/AF-Q10MS7-F1-model_v6.pdb	../raw/alphafold/AF-Q10MS7-F1-model.pdb	2026-07-23T04:04:42.041740+00:00	174797	7a76b9c4b3117adb52d59b727aa11a8e2990efa11a1745f086b7886b6242c81e	plantpersulf/0.0.0
Q10MT2	v6	https://alphafold.ebi.ac.uk/files/AF-Q10MT2-F1-model_v6.pdb	../raw/alphafold/AF-Q10MT2-F1-model.pdb	2026-07-23T04:04:45.367422+00:00	223316	a4e524aa1171d8bf39d3f2bea990689858bbe1f52b770412c8c4e8b1e792fcdd	plantpersulf/0.0.0
Q10MW3	v6	https://alphafold.ebi.ac.uk/files/AF-Q10MW3-F1-model_v6.pdb	../raw/alphafold/AF-Q10MW3-F1-model.pdb	2026-07-23T04:04:48.721121+00:00	376082	2b0a621b4753a972e5baf1548991e4d13551eeb12b3dea4fb699cbca3f699ea2	plantpersulf/0.0.0
Q10N21	v6	https://alphafold.ebi.ac.uk/files/AF-Q10N21-F1-model_v6.pdb	../raw/alphafold/AF-Q10N21-F1-model.pdb	2026-07-23T04:04:51.840586+00:00	160703	c22385716242afb08dba706f9b1291acff1c4045c3ffbb58a9e5f91b2a0cfa8c	plantpersulf/0.0.0
Q10NC7	v6	https://alphafold.ebi.ac.uk/files/AF-Q10NC7-F1-model_v6.pdb	../raw/alphafold/AF-Q10NC7-F1-model.pdb	2026-07-23T04:04:55.152619+00:00	302048	0a25a0c630f92752b642a51ea99f481e7d2ec989192b319429e983024e33f3ab	plantpersulf/0.0.0
Q10NH6	v6	https://alphafold.ebi.ac.uk/files/AF-Q10NH6-F1-model_v6.pdb	../raw/alphafold/AF-Q10NH6-F1-model.pdb	2026-07-23T04:04:58.185540+00:00	135674	3dfdf5cb1a9fa9f96dfda42cb97551087168af69a715fa03e16c76890c0ae896	plantpersulf/0.0.0
Q10NL9	v6	https://alphafold.ebi.ac.uk/files/AF-Q10NL9-F1-model_v6.pdb	../raw/alphafold/AF-Q10NL9-F1-model.pdb	2026-07-23T04:05:01.778733+00:00	656099	68142df670258983c37c2f9ebf5494cb05f708257c2e42b8d2424c24f70043f4	plantpersulf/0.0.0
Q10NY1	v6	https://alphafold.ebi.ac.uk/files/AF-Q10NY1-F1-model_v6.pdb	../raw/alphafold/AF-Q10NY1-F1-model.pdb	2026-07-23T04:05:04.958624+00:00	273212	ebff1f3318215d3ef5e1ad8dd49dd9610023157d6c43ea800c95af663444b0c7	plantpersulf/0.0.0
Q10PB3	v6	https://alphafold.ebi.ac.uk/files/AF-Q10PB3-F1-model_v6.pdb	../raw/alphafold/AF-Q10PB3-F1-model.pdb	2026-07-23T04:05:08.067979+00:00	212786	19c798f360f03dfd6990fde5e79eaa31d70c8e54f043edbc585a353c2fd5ec35	plantpersulf/0.0.0
Q10QA5	v6	https://alphafold.ebi.ac.uk/files/AF-Q10QA5-F1-model_v6.pdb	../raw/alphafold/AF-Q10QA5-F1-model.pdb	2026-07-23T04:05:11.336875+00:00	197072	35a6ed13bf2d317b38d081af1af47925b4635a79751a2a97653118476470bc5b	plantpersulf/0.0.0
Q10R10	v6	https://alphafold.ebi.ac.uk/files/AF-Q10R10-F1-model_v6.pdb	../raw/alphafold/AF-Q10R10-F1-model.pdb	2026-07-23T04:05:14.298078+00:00	197558	4ffd5ff045cabe2ec56dd1d342123dd61519cb0935bad542dc2ded1c45ed6e24	plantpersulf/0.0.0
Q10R45	v6	https://alphafold.ebi.ac.uk/files/AF-Q10R45-F1-model_v6.pdb	../raw/alphafold/AF-Q10R45-F1-model.pdb	2026-07-23T04:05:17.164469+00:00	307475	1fddb098867e63392bbf31ccbfea0b1ce5640f8571da15be9fd681e3574b38ba	plantpersulf/0.0.0
Q10S41	v6	https://alphafold.ebi.ac.uk/files/AF-Q10S41-F1-model_v6.pdb	../raw/alphafold/AF-Q10S41-F1-model.pdb	2026-07-23T04:05:20.414003+00:00	237896	50b2708977006071569c06c7e1f9bb44492f1d2c0ab5dbc26b90b880f32c70cf	plantpersulf/0.0.0
Q10S55	v6	https://alphafold.ebi.ac.uk/files/AF-Q10S55-F1-model_v6.pdb	../raw/alphafold/AF-Q10S55-F1-model.pdb	2026-07-23T04:05:23.638600+00:00	256202	c8e920f16143d79132ba95418bc6ba26280764f2d9af7c53cd804bf772de8092	plantpersulf/0.0.0
Q10S82	v6	https://alphafold.ebi.ac.uk/files/AF-Q10S82-F1-model_v6.pdb	../raw/alphafold/AF-Q10S82-F1-model.pdb	2026-07-23T04:05:26.059198+00:00	332585	5b6ed075d2897de0628535d3702f38c04a9f4c4cc4b49c36a5f21feee2028e18	plantpersulf/0.0.0
Q10SM7	v6	https://alphafold.ebi.ac.uk/files/AF-Q10SM7-F1-model_v6.pdb	../raw/alphafold/AF-Q10SM7-F1-model.pdb	2026-07-23T04:05:28.995457+00:00	155843	d8a2b2356653f6c418a8066722139a81d8cb41c4e86f8a151c1a2153d2335399	plantpersulf/0.0.0
Q10T66	v6	https://alphafold.ebi.ac.uk/files/AF-Q10T66-F1-model_v6.pdb	../raw/alphafold/AF-Q10T66-F1-model.pdb	2026-07-23T04:05:31.863316+00:00	130490	b63c71ba6e2b7c2bfd7b4d9c73494157e219db604779ea9157241b05a335ef5e	plantpersulf/0.0.0
Q1PEU4	v6	https://alphafold.ebi.ac.uk/files/AF-Q1PEU4-F1-model_v6.pdb	../raw/alphafold/AF-Q1PEU4-F1-model.pdb	2026-07-23T04:05:35.318625+00:00	365795	3d3f5291c696959f8b3e0f6de1a9dfc499c919634bd04eebf1682457f440c332	plantpersulf/0.0.0
Q2KEU7	v6	https://alphafold.ebi.ac.uk/files/AF-Q2KEU7-F1-model_v6.pdb	../raw/alphafold/AF-Q2KEU7-F1-model.pdb	2026-07-23T04:05:38.133592+00:00	69983	5aeaa196950d398e2f38cf4a7ec5bd67906eb15d9b845009a1b2ec7ac388a6dc	plantpersulf/0.0.0
Q2KNB4	v6	https://alphafold.ebi.ac.uk/files/AF-Q2KNB4-F1-model_v6.pdb	../raw/alphafold/AF-Q2KNB4-F1-model.pdb	2026-07-23T04:05:41.430776+00:00	313064	6a024e41d8cb12c62fa75bb651c5f48633164b8edebe67bcd8e06e8c46a59bb9	plantpersulf/0.0.0
Q2QLS7	v6	https://alphafold.ebi.ac.uk/files/AF-Q2QLS7-F1-model_v6.pdb	../raw/alphafold/AF-Q2QLS7-F1-model.pdb	2026-07-23T04:05:43.996966+00:00	146933	5cd255c32bd1ea42b13341ac3ea222c567e11f0ee0536c34622da6fa54af2b13	plantpersulf/0.0.0
Q2QM69	v6	https://alphafold.ebi.ac.uk/files/AF-Q2QM69-F1-model_v6.pdb	../raw/alphafold/AF-Q2QM69-F1-model.pdb	2026-07-23T04:05:47.485637+00:00	228662	669dfe5b5706a75370b5bd69abb3da1465e257aa6879f60ffddc3e33db27cc91	plantpersulf/0.0.0
Q2QMG7	v6	https://alphafold.ebi.ac.uk/files/AF-Q2QMG7-F1-model_v6.pdb	../raw/alphafold/AF-Q2QMG7-F1-model.pdb	2026-07-23T04:05:49.947478+00:00	99629	d8e7ff4ece002ee426fb20b3b664512bbe01befacd4f20425b02dbfdd7a8cb5b	plantpersulf/0.0.0
Q2QNA3	v6	https://alphafold.ebi.ac.uk/files/AF-Q2QNA3-F1-model_v6.pdb	../raw/alphafold/AF-Q2QNA3-F1-model.pdb	2026-07-23T04:05:53.566285+00:00	472391	8bfee5dd3e81875492db63b7db90599fac25080f3f5c1bbe340dd3546b9882a3	plantpersulf/0.0.0
Q2QND6	v6	https://alphafold.ebi.ac.uk/files/AF-Q2QND6-F1-model_v6.pdb	../raw/alphafold/AF-Q2QND6-F1-model.pdb	2026-07-23T04:05:56.406074+00:00	140048	f9507de5f9155436a62a74140ddaceb4d4189e2319ec02ca533e4caf13afde62	plantpersulf/0.0.0
Q2QNF3	v6	https://alphafold.ebi.ac.uk/files/AF-Q2QNF3-F1-model_v6.pdb	../raw/alphafold/AF-Q2QNF3-F1-model.pdb	2026-07-23T04:05:59.560094+00:00	166859	fb7618d46862a499623a484fa845de02c51507df3987a844712593e6afac45b4	plantpersulf/0.0.0
Q2QNG7	v6	https://alphafold.ebi.ac.uk/files/AF-Q2QNG7-F1-model_v6.pdb	../raw/alphafold/AF-Q2QNG7-F1-model.pdb	2026-07-23T04:06:02.324127+00:00	272969	67e2bcb90a686fa163eb04f07514288428e5ac4889ef030ed38f3a138cf07315	plantpersulf/0.0.0
Q2QNI2	v6	https://alphafold.ebi.ac.uk/files/AF-Q2QNI2-F1-model_v6.pdb	../raw/alphafold/AF-Q2QNI2-F1-model.pdb	2026-07-23T04:06:06.246515+00:00	741392	8864c4e5a6f32286d3662be3679085fe1aa25fe51c77b5c41d6be553b131392b	plantpersulf/0.0.0
Q2QNK9	v6	https://alphafold.ebi.ac.uk/files/AF-Q2QNK9-F1-model_v6.pdb	../raw/alphafold/AF-Q2QNK9-F1-model.pdb	2026-07-23T04:06:08.806285+00:00	298565	e0d1e252bf8cbe375c10f95374f4da07b9186587d196d1101dd7783569a76afa	plantpersulf/0.0.0
Q2QNN5	v6	https://alphafold.ebi.ac.uk/files/AF-Q2QNN5-F1-model_v6.pdb	../raw/alphafold/AF-Q2QNN5-F1-model.pdb	2026-07-23T04:06:12.252261+00:00	607013	af43f9836e9969863d16820fd9485a0a235981decf0659184c9a8d02b327ef92	plantpersulf/0.0.0
Q2QNR9	v6	https://alphafold.ebi.ac.uk/files/AF-Q2QNR9-F1-model_v6.pdb	../raw/alphafold/AF-Q2QNR9-F1-model.pdb	2026-07-23T04:06:15.788288+00:00	332342	787d0047f931dd8f1a285e53fae63e389ad0bde932f826087393de88cae53736	plantpersulf/0.0.0
Q2QNS7	v6	https://alphafold.ebi.ac.uk/files/AF-Q2QNS7-F1-model_v6.pdb	../raw/alphafold/AF-Q2QNS7-F1-model.pdb	2026-07-23T04:06:18.455915+00:00	99386	d574691dc32b5eb45dbea69be0581fe6effe48bc23ee04e42098215a635e114f	plantpersulf/0.0.0
Q2QNV2	v6	https://alphafold.ebi.ac.uk/files/AF-Q2QNV2-F1-model_v6.pdb	../raw/alphafold/AF-Q2QNV2-F1-model.pdb	2026-07-23T04:06:21.341528+00:00	107729	7ccb73c9cb374ae6319afef4e6bee9a417f6b4e4db92a06fd8a7f72a73e7c966	plantpersulf/0.0.0
Q2QP84	v6	https://alphafold.ebi.ac.uk/files/AF-Q2QP84-F1-model_v6.pdb	../raw/alphafold/AF-Q2QP84-F1-model.pdb	2026-07-23T04:06:24.801245+00:00	590732	e03ba2234d81e6ee46f25176e0ca1911a99ff38651973905331be6c585bd7460	plantpersulf/0.0.0
Q2QPW9	v6	https://alphafold.ebi.ac.uk/files/AF-Q2QPW9-F1-model_v6.pdb	../raw/alphafold/AF-Q2QPW9-F1-model.pdb	2026-07-23T04:06:27.680396+00:00	143045	0572b628b793358a0ed68d2ebae85f2129f9cd035fca97634889587fcf12d29d	plantpersulf/0.0.0
Q2QQC8	v6	https://alphafold.ebi.ac.uk/files/AF-Q2QQC8-F1-model_v6.pdb	../raw/alphafold/AF-Q2QQC8-F1-model.pdb	2026-07-23T04:06:30.848706+00:00	211166	81ed6fd9ba6ab076416dcf56d834a3382ae14c9904469d9fad3af47399445d8f	plantpersulf/0.0.0
Q2QS38	v6	https://alphafold.ebi.ac.uk/files/AF-Q2QS38-F1-model_v6.pdb	../raw/alphafold/AF-Q2QS38-F1-model.pdb	2026-07-23T04:06:33.435919+00:00	227771	43b56e9e81c14bb4ae1d4f518a1a1de1b32f9d2e84a4fd90f979ae3dec48749e	plantpersulf/0.0.0
Q2QS63	v6	https://alphafold.ebi.ac.uk/files/AF-Q2QS63-F1-model_v6.pdb	../raw/alphafold/AF-Q2QS63-F1-model.pdb	2026-07-23T04:06:36.847417+00:00	394388	72e327b19e47343fd728218277558da85d41d9c1df2c545f6a89c9e90fe22fc3	plantpersulf/0.0.0
Q2QU07	v6	https://alphafold.ebi.ac.uk/files/AF-Q2QU07-F1-model_v6.pdb	../raw/alphafold/AF-Q2QU07-F1-model.pdb	2026-07-23T04:06:40.564155+00:00	508517	cf70cdb5625ce797c02aa000364cf4bc75ecb4f407f5d2242cdae34677606c47	plantpersulf/0.0.0
Q2QUG2	v6	https://alphafold.ebi.ac.uk/files/AF-Q2QUG2-F1-model_v6.pdb	../raw/alphafold/AF-Q2QUG2-F1-model.pdb	2026-07-23T04:06:43.889255+00:00	243971	0a32722238f51330eaa68b46111f009f1e126b58f9b70572c5b22800507e455b	plantpersulf/0.0.0
Q2QVB4	v6	https://alphafold.ebi.ac.uk/files/AF-Q2QVB4-F1-model_v6.pdb	../raw/alphafold/AF-Q2QVB4-F1-model.pdb	2026-07-23T04:06:47.077866+00:00	305531	8217636989a06ea4b0a1a19897ba3389568654043f7f229d9f8c51c674f3dc1c	plantpersulf/0.0.0
Q2QWE5	v6	https://alphafold.ebi.ac.uk/files/AF-Q2QWE5-F1-model_v6.pdb	../raw/alphafold/AF-Q2QWE5-F1-model.pdb	2026-07-23T04:06:50.008894+00:00	106271	425ea98c58dbf2e3aa56e514ca2642d83f259ce645bc9f97948d3c7fb3ab2079	plantpersulf/0.0.0
Q2QX01	v6	https://alphafold.ebi.ac.uk/files/AF-Q2QX01-F1-model_v6.pdb	../raw/alphafold/AF-Q2QX01-F1-model.pdb	2026-07-23T04:06:52.487194+00:00	180548	16ae61a31950f705dd34cdd156f090f1b42d16e3a0457e5a6172a07f2aaa836a	plantpersulf/0.0.0
Q2QX58	v6	https://alphafold.ebi.ac.uk/files/AF-Q2QX58-F1-model_v6.pdb	../raw/alphafold/AF-Q2QX58-F1-model.pdb	2026-07-23T04:06:55.990091+00:00	445580	05773c2ecc1d4be3e37253da1217caa5baffe82ee1c39cd35329e70aa0528411	plantpersulf/0.0.0
Q2QXF5	v6	https://alphafold.ebi.ac.uk/files/AF-Q2QXF5-F1-model_v6.pdb	../raw/alphafold/AF-Q2QXF5-F1-model.pdb	2026-07-23T04:06:58.948184+00:00	124010	cc0adfedce26e4f117afa8f98ca813de75515871b348d941d388b8bac33817fc	plantpersulf/0.0.0
Q2QY19	v6	https://alphafold.ebi.ac.uk/files/AF-Q2QY19-F1-model_v6.pdb	../raw/alphafold/AF-Q2QY19-F1-model.pdb	2026-07-23T04:07:02.120654+00:00	226232	97665804f44bf589b707618eb074730f1d670b5f35efdf556a80df0a95a032be	plantpersulf/0.0.0
Q2R126	v6	https://alphafold.ebi.ac.uk/files/AF-Q2R126-F1-model_v6.pdb	../raw/alphafold/AF-Q2R126-F1-model.pdb	2026-07-23T04:07:05.388518+00:00	193832	f6188b22f2ba38af3cdf943898e7a0fa6a43cb288c114b922fbbef5eab7fa385	plantpersulf/0.0.0
Q2R1C4	v6	https://alphafold.ebi.ac.uk/files/AF-Q2R1C4-F1-model_v6.pdb	../raw/alphafold/AF-Q2R1C4-F1-model.pdb	2026-07-23T04:07:08.735845+00:00	251261	a926a05355f6716e0f495e554f7d2f47bdfe9b81b4a727954629a341aa1f9385	plantpersulf/0.0.0
Q2R1N0	v6	https://alphafold.ebi.ac.uk/files/AF-Q2R1N0-F1-model_v6.pdb	../raw/alphafold/AF-Q2R1N0-F1-model.pdb	2026-07-23T04:07:12.095367+00:00	306017	b758ac254b0bedffff661a1ff759a353e96b2ad9767583133fdc8856ca9a9dec	plantpersulf/0.0.0
Q2R2W2	v6	https://alphafold.ebi.ac.uk/files/AF-Q2R2W2-F1-model_v6.pdb	../raw/alphafold/AF-Q2R2W2-F1-model.pdb	2026-07-23T04:07:15.084192+00:00	172205	e5244990f2f1f3dcd2530b7d30e2cdde5f86f1c98a558fc341546a3269e75ee5	plantpersulf/0.0.0
Q2R3K3	v6	https://alphafold.ebi.ac.uk/files/AF-Q2R3K3-F1-model_v6.pdb	../raw/alphafold/AF-Q2R3K3-F1-model.pdb	2026-07-23T04:07:18.296948+00:00	312821	e045e2bdbb3553394ab1a007648caca304f3500f67afdeb11227d99e1030b38b	plantpersulf/0.0.0
Q2R3X8	v6	https://alphafold.ebi.ac.uk/files/AF-Q2R3X8-F1-model_v6.pdb	../raw/alphafold/AF-Q2R3X8-F1-model.pdb	2026-07-23T04:07:21.407432+00:00	209870	f090c7041bbf42682a33d163541de37312af8055a7869cf2cdfceca52d77a98a	plantpersulf/0.0.0
Q2R5F6	v6	https://alphafold.ebi.ac.uk/files/AF-Q2R5F6-F1-model_v6.pdb	../raw/alphafold/AF-Q2R5F6-F1-model.pdb	2026-07-23T04:07:24.639441+00:00	162242	831f86834afbcad1cdf8e3832bcd4cd68bcefc8368c1e542e0a1fbf4e699ae84	plantpersulf/0.0.0
Q2R8U3	v6	https://alphafold.ebi.ac.uk/files/AF-Q2R8U3-F1-model_v6.pdb	../raw/alphafold/AF-Q2R8U3-F1-model.pdb	2026-07-23T04:07:28.060293+00:00	443555	1b13f2573ce4e45eb96f25d8d92abf01ff79d2624ea4c697448988e6caef08ac	plantpersulf/0.0.0
Q2RAP0	v6	https://alphafold.ebi.ac.uk/files/AF-Q2RAP0-F1-model_v6.pdb	../raw/alphafold/AF-Q2RAP0-F1-model.pdb	2026-07-23T04:07:30.814045+00:00	382076	a63211a96f7db4c8abe58206fcf965d489c9f191c4e83df7109fd7fb9cb5017b	plantpersulf/0.0.0
Q2RB23	v6	https://alphafold.ebi.ac.uk/files/AF-Q2RB23-F1-model_v6.pdb	../raw/alphafold/AF-Q2RB23-F1-model.pdb	2026-07-23T04:07:34.042760+00:00	236843	1434a04ad14c7b0f03dbf6a66c2ceba703a17fae4d69d8e7e008c932dd0bc1b5	plantpersulf/0.0.0
Q2RBD1	v6	https://alphafold.ebi.ac.uk/files/AF-Q2RBD1-F1-model_v6.pdb	../raw/alphafold/AF-Q2RBD1-F1-model.pdb	2026-07-23T04:07:36.978242+00:00	68849	bdde476928e3777f17ae4cd32aa5b3992bf2bba0fb82db9aa8e2436b7bcf3b65	plantpersulf/0.0.0
Q2RBN7	v6	https://alphafold.ebi.ac.uk/files/AF-Q2RBN7-F1-model_v6.pdb	../raw/alphafold/AF-Q2RBN7-F1-model.pdb	2026-07-23T04:07:40.149235+00:00	1116584	ec89cfedb05cbc85bf24b0b1edcbd1c9ea266f3f14b1cee568a077400b2fe47a	plantpersulf/0.0.0
Q2V3C1	v6	https://alphafold.ebi.ac.uk/files/AF-Q2V3C1-F1-model_v6.pdb	../raw/alphafold/AF-Q2V3C1-F1-model.pdb	2026-07-23T04:07:43.135288+00:00	75815	65df8b1e470270d75f41863eb6ff08fd1ce51bfb8de32db179142f3b114f79e4	plantpersulf/0.0.0
Q2V3S8	v6	https://alphafold.ebi.ac.uk/files/AF-Q2V3S8-F1-model_v6.pdb	../raw/alphafold/AF-Q2V3S8-F1-model.pdb	2026-07-23T04:07:45.879472+00:00	55079	d8003a075098e1692ef0655749a2ef6bdbfb8a6c7fca2d3d6e35161b10313809	plantpersulf/0.0.0
Q2V4G5	v6	https://alphafold.ebi.ac.uk/files/AF-Q2V4G5-F1-model_v6.pdb	../raw/alphafold/AF-Q2V4G5-F1-model.pdb	2026-07-23T04:07:48.618767+00:00	57266	23873b3c9bc04780bb4f05598e7845a688933c201c65376539b9ad4c5d766b55	plantpersulf/0.0.0
Q336X9	v6	https://alphafold.ebi.ac.uk/files/AF-Q336X9-F1-model_v6.pdb	../raw/alphafold/AF-Q336X9-F1-model.pdb	2026-07-23T04:07:51.784091+00:00	250532	fd001eb72d10a169649fff5565c56e26f15ab6d8d83393fa1fa0aa7f18d35956	plantpersulf/0.0.0
Q337C4	v6	https://alphafold.ebi.ac.uk/files/AF-Q337C4-F1-model_v6.pdb	../raw/alphafold/AF-Q337C4-F1-model.pdb	2026-07-23T04:07:55.051085+00:00	266894	258c47e78215f0312a6b31028bf63d4a0b29cc827930d84164674aa04f233340	plantpersulf/0.0.0
Q38804	v6	https://alphafold.ebi.ac.uk/files/AF-Q38804-F1-model_v6.pdb	../raw/alphafold/AF-Q38804-F1-model.pdb	2026-07-23T04:07:57.671811+00:00	28349	e8622a257369ab3a6b3b466f15edfd5b68fb9ca02b7431580372571f0ed97077	plantpersulf/0.0.0
Q38805	v6	https://alphafold.ebi.ac.uk/files/AF-Q38805-F1-model_v6.pdb	../raw/alphafold/AF-Q38805-F1-model.pdb	2026-07-23T04:08:00.216010+00:00	47060	faa214c3db838822994311da48fba4ad1c0ed2ae773b11ef796aa6c90eab7ee4	plantpersulf/0.0.0
Q38867	v6	https://alphafold.ebi.ac.uk/files/AF-Q38867-F1-model_v6.pdb	../raw/alphafold/AF-Q38867-F1-model.pdb	2026-07-23T04:08:03.054619+00:00	112508	01a7fa6f5afd61105b53168f727f94c240c50fab3dbad2aee7eac18c2da80a93	plantpersulf/0.0.0
Q38893	v6	https://alphafold.ebi.ac.uk/files/AF-Q38893-F1-model_v6.pdb	../raw/alphafold/AF-Q38893-F1-model.pdb	2026-07-23T04:08:06.412146+00:00	358748	41b57ab1a8008f6acc03870d2416ce27835cc965b6bef6f78f9e2e405bc00b2b	plantpersulf/0.0.0
Q38961	v6	https://alphafold.ebi.ac.uk/files/AF-Q38961-F1-model_v6.pdb	../raw/alphafold/AF-Q38961-F1-model.pdb	2026-07-23T04:08:09.699110+00:00	321974	71516a4fc230de8d5d3bc717438d3a8054b208d93feb77771c72704aa75ab3dd	plantpersulf/0.0.0
Q39070	v6	https://alphafold.ebi.ac.uk/files/AF-Q39070-F1-model_v6.pdb	../raw/alphafold/AF-Q39070-F1-model.pdb	2026-07-23T04:08:13.261674+00:00	289250	eb5a7819b1c1a7219835e266c30d92ece24fde851fb08453dd9c9d30b6f4f055	plantpersulf/0.0.0
Q39161	v6	https://alphafold.ebi.ac.uk/files/AF-Q39161-F1-model_v6.pdb	../raw/alphafold/AF-Q39161-F1-model.pdb	2026-07-23T04:08:16.542967+00:00	380375	b31a81d8b27d60ca0b35327827269ed22bd7536b8c770a1fc2b4e5898d2cf3ad	plantpersulf/0.0.0
Q39199	v6	https://alphafold.ebi.ac.uk/files/AF-Q39199-F1-model_v6.pdb	../raw/alphafold/AF-Q39199-F1-model.pdb	2026-07-23T04:08:19.838803+00:00	277505	019b9466f99833d4f8aab36115bc27700db064d9fa3c42d8454ad0ed0d5c6cfa	plantpersulf/0.0.0
Q39255	v6	https://alphafold.ebi.ac.uk/files/AF-Q39255-F1-model_v6.pdb	../raw/alphafold/AF-Q39255-F1-model.pdb	2026-07-23T04:08:22.747248+00:00	106271	711208b3bc0ecaf072e68e499a593bc4fac17a49ff54561b48127de00ed1b673	plantpersulf/0.0.0
Q3E6Y4	v6	https://alphafold.ebi.ac.uk/files/AF-Q3E6Y4-F1-model_v6.pdb	../raw/alphafold/AF-Q3E6Y4-F1-model.pdb	2026-07-23T04:08:25.969803+00:00	351701	15514985cd922f7177ff6c8f4aab2bb999fd6d0bb7461cff62a1f3d228b9ede0	plantpersulf/0.0.0
Q3E7J7	v6	https://alphafold.ebi.ac.uk/files/AF-Q3E7J7-F1-model_v6.pdb	../raw/alphafold/AF-Q3E7J7-F1-model.pdb	2026-07-23T04:08:29.416173+00:00	301967	d4327bb0f5e67027cf7361bb6046e96f1ec1758a58301f7f946562ef4b508262	plantpersulf/0.0.0
Q3ED78	v6	https://alphafold.ebi.ac.uk/files/AF-Q3ED78-F1-model_v6.pdb	../raw/alphafold/AF-Q3ED78-F1-model.pdb	2026-07-23T04:08:32.664338+00:00	312335	a2f886d2ca70385f636896d8e154793217dde4b0cebfdc5bb19ae4e9c53c5c10	plantpersulf/0.0.0
Q40648	v6	https://alphafold.ebi.ac.uk/files/AF-Q40648-F1-model_v6.pdb	../raw/alphafold/AF-Q40648-F1-model.pdb	2026-07-23T04:08:36.086951+00:00	214082	70e02e58eb7249b3562e2cadc2d554f63e1902e8513c128d18712bbb443f9fb4	plantpersulf/0.0.0
Q40677	v6	https://alphafold.ebi.ac.uk/files/AF-Q40677-F1-model_v6.pdb	../raw/alphafold/AF-Q40677-F1-model.pdb	2026-07-23T04:08:39.431193+00:00	245753	4d12283a23e5360c5c92cdfbb755d6476f7468962e9f2edde091bc3e6907ac56	plantpersulf/0.0.0
Q42406	v6	https://alphafold.ebi.ac.uk/files/AF-Q42406-F1-model_v6.pdb	../raw/alphafold/AF-Q42406-F1-model.pdb	2026-07-23T04:08:42.387315+00:00	109430	5412a52704970944fd98d66464d2f99c59cb9e7e4f232c7907244db9fa9fadad	plantpersulf/0.0.0
Q43127	v6	https://alphafold.ebi.ac.uk/files/AF-Q43127-F1-model_v6.pdb	../raw/alphafold/AF-Q43127-F1-model.pdb	2026-07-23T04:08:45.185649+00:00	277424	a9c411eddda8e9acd1c298846b1fb9467cbdeb4255cd63803922608b6ee98bfb	plantpersulf/0.0.0
Q43307	v6	https://alphafold.ebi.ac.uk/files/AF-Q43307-F1-model_v6.pdb	../raw/alphafold/AF-Q43307-F1-model.pdb	2026-07-23T04:08:48.489241+00:00	293867	a0ca4f9eeb690adbd880af5fb50ab6fda8fc9ecf159b2954bba61a7ebf2ee0f7	plantpersulf/0.0.0
Q51MW4	v6	https://alphafold.ebi.ac.uk/files/AF-Q51MW4-F1-model_v6.pdb	../raw/alphafold/AF-Q51MW4-F1-model.pdb	2026-07-23T04:08:51.335291+00:00	87155	127e07910a86e0693843af3bcd5580a82542b4399f37f9cf8f5c659545eea034	plantpersulf/0.0.0
Q524W4	v6	https://alphafold.ebi.ac.uk/files/AF-Q524W4-F1-model_v6.pdb	../raw/alphafold/AF-Q524W4-F1-model.pdb	2026-07-23T04:08:54.640928+00:00	294353	ad32daef5887656ab189d7bce0eafd8c497881f4604a4dfe8c71e428e72a5d59	plantpersulf/0.0.0
Q524Z5	v6	https://alphafold.ebi.ac.uk/files/AF-Q524Z5-F1-model_v6.pdb	../raw/alphafold/AF-Q524Z5-F1-model.pdb	2026-07-23T04:08:57.860503+00:00	319382	08ae9e79de61f97388572c3f20256c67b4728d93457d242a2a7f1fb6b6380f8a	plantpersulf/0.0.0
Q52FS9	v6	https://alphafold.ebi.ac.uk/files/AF-Q52FS9-F1-model_v6.pdb	../raw/alphafold/AF-Q52FS9-F1-model.pdb	2026-07-23T04:09:00.544780+00:00	116477	35929279bba0209f7c461f0970d2fff99665a540599a73708227d259afdfc297	plantpersulf/0.0.0
Q53MW2	v6	https://alphafold.ebi.ac.uk/files/AF-Q53MW2-F1-model_v6.pdb	../raw/alphafold/AF-Q53MW2-F1-model.pdb	2026-07-23T04:09:03.258692+00:00	69740	b92423ebb2333c6608e9ba9e56acdf7901769509d4ecfa65f5b2a2a4f8cf7ee5	plantpersulf/0.0.0
Q53NW9	v6	https://alphafold.ebi.ac.uk/files/AF-Q53NW9-F1-model_v6.pdb	../raw/alphafold/AF-Q53NW9-F1-model.pdb	2026-07-23T04:09:06.581557+00:00	225584	e7d7b8aab2983658014e2015c3d012370a9fb5d2fc6e0611a4966acce6f57f88	plantpersulf/0.0.0
Q53QK0	v6	https://alphafold.ebi.ac.uk/files/AF-Q53QK0-F1-model_v6.pdb	../raw/alphafold/AF-Q53QK0-F1-model.pdb	2026-07-23T04:09:09.677657+00:00	236195	eb75363212e528fe4038b2cbf20695b65768440c916bbb9151bfc920bfd356c6	plantpersulf/0.0.0
Q56US1	v6	https://alphafold.ebi.ac.uk/files/AF-Q56US1-F1-model_v6.pdb	../raw/alphafold/AF-Q56US1-F1-model.pdb	2026-07-23T04:09:12.657743+00:00	140129	c1aa15b9651333e8cb409d3d6d6427be6622d88578cf5414da34c6107623205d	plantpersulf/0.0.0
Q56YA5	v6	https://alphafold.ebi.ac.uk/files/AF-Q56YA5-F1-model_v6.pdb	../raw/alphafold/AF-Q56YA5-F1-model.pdb	2026-07-23T04:09:15.804720+00:00	259037	e3dcb42f83ff7027a4e9c0c793a590f62d08f416f75ea5512ceb4de3a36b07bc	plantpersulf/0.0.0
Q5BPZ6	v6	https://alphafold.ebi.ac.uk/files/AF-Q5BPZ6-F1-model_v6.pdb	../raw/alphafold/AF-Q5BPZ6-F1-model.pdb	2026-07-23T04:09:19.019713+00:00	229796	f7d4e0b0059f3355789aa01234f294a2eb22598d900aa7c0919a376c724c692d	plantpersulf/0.0.0
Q5G1S8	v6	https://alphafold.ebi.ac.uk/files/AF-Q5G1S8-F1-model_v6.pdb	../raw/alphafold/AF-Q5G1S8-F1-model.pdb	2026-07-23T04:09:22.796263+00:00	934253	c68160dcf02c55ffa6722776038ea3fb81bc57e49bf29550dfc044c58eb0bd43	plantpersulf/0.0.0
Q5JMC7	v6	https://alphafold.ebi.ac.uk/files/AF-Q5JMC7-F1-model_v6.pdb	../raw/alphafold/AF-Q5JMC7-F1-model.pdb	2026-07-23T04:09:26.041863+00:00	341495	8eba9d3c1c5b3a6f5ad080e235e930a0427497dc0056153bcd9253879f82f0d8	plantpersulf/0.0.0
Q5JMK3	v6	https://alphafold.ebi.ac.uk/files/AF-Q5JMK3-F1-model_v6.pdb	../raw/alphafold/AF-Q5JMK3-F1-model.pdb	2026-07-23T04:09:29.362840+00:00	248264	e0cc5d472df958702fc463acd6c3e5971d510ded94edbd849a468e8c8fc814c4	plantpersulf/0.0.0
Q5JNJ1	v6	https://alphafold.ebi.ac.uk/files/AF-Q5JNJ1-F1-model_v6.pdb	../raw/alphafold/AF-Q5JNJ1-F1-model.pdb	2026-07-23T04:09:32.806245+00:00	592514	5be724593019760d6d5271cb87342aa786a96a8f01b7d2a17d6ea694177fcbbc	plantpersulf/0.0.0
Q5N725	v6	https://alphafold.ebi.ac.uk/files/AF-Q5N725-F1-model_v6.pdb	../raw/alphafold/AF-Q5N725-F1-model.pdb	2026-07-23T04:09:36.087986+00:00	227528	71577db6f48a34741437807a81af4f7088d44f82f3ef64875560df69385e95c8	plantpersulf/0.0.0
Q5N781	v6	https://alphafold.ebi.ac.uk/files/AF-Q5N781-F1-model_v6.pdb	../raw/alphafold/AF-Q5N781-F1-model.pdb	2026-07-23T04:09:38.873737+00:00	73871	e80e9330cd10ebb897743fb8a04194f628f1974ced262c9f058a19fe67e3249e	plantpersulf/0.0.0
Q5N8W9	v6	https://alphafold.ebi.ac.uk/files/AF-Q5N8W9-F1-model_v6.pdb	../raw/alphafold/AF-Q5N8W9-F1-model.pdb	2026-07-23T04:09:42.194919+00:00	218294	936d23d899acb9f2254792926bb57740696abdcb3797396a21a3944f24b40718	plantpersulf/0.0.0
Q5N9C8	v6	https://alphafold.ebi.ac.uk/files/AF-Q5N9C8-F1-model_v6.pdb	../raw/alphafold/AF-Q5N9C8-F1-model.pdb	2026-07-23T04:09:45.303199+00:00	129356	27aba57774cc1f7571afbd4178720b91460464009c266847cdc4ce66990b8e67	plantpersulf/0.0.0
Q5N9P9	v6	https://alphafold.ebi.ac.uk/files/AF-Q5N9P9-F1-model_v6.pdb	../raw/alphafold/AF-Q5N9P9-F1-model.pdb	2026-07-23T04:09:48.763336+00:00	367010	b1355d7aac42f5fac9d8411a7a531f4987192d2d744c0798d77c5123cc88f881	plantpersulf/0.0.0
Q5NAV3	v6	https://alphafold.ebi.ac.uk/files/AF-Q5NAV3-F1-model_v6.pdb	../raw/alphafold/AF-Q5NAV3-F1-model.pdb	2026-07-23T04:09:51.578378+00:00	285605	fcf6be8c904d6b7a767ea0020b0f29d236f0bcd4db66f2b713a18dbd52624867	plantpersulf/0.0.0
Q5QLG3	v6	https://alphafold.ebi.ac.uk/files/AF-Q5QLG3-F1-model_v6.pdb	../raw/alphafold/AF-Q5QLG3-F1-model.pdb	2026-07-23T04:09:54.626146+00:00	270377	1a01045c554d98ca7cf55d6b17415a316c3f76b31a5711c126a9c32115f42ccd	plantpersulf/0.0.0
Q5QM60	v6	https://alphafold.ebi.ac.uk/files/AF-Q5QM60-F1-model_v6.pdb	../raw/alphafold/AF-Q5QM60-F1-model.pdb	2026-07-23T04:09:57.306630+00:00	72737	c29e45170c6d387c5112009b92c2b1d8a6f0ea8df313547b4e6ef544771958f4	plantpersulf/0.0.0
Q5SNH7	v6	https://alphafold.ebi.ac.uk/files/AF-Q5SNH7-F1-model_v6.pdb	../raw/alphafold/AF-Q5SNH7-F1-model.pdb	2026-07-23T04:10:00.375953+00:00	70226	8b4144331785bfbf350ffd3fb615b6fa11fba39de89740f40d6eeff6f65e59fe	plantpersulf/0.0.0
Q5VME5	v6	https://alphafold.ebi.ac.uk/files/AF-Q5VME5-F1-model_v6.pdb	../raw/alphafold/AF-Q5VME5-F1-model.pdb	2026-07-23T04:10:03.682127+00:00	301238	3cf0b8d7d873bc1491d79e09a2eefcc2623aa12cb9d60afa79a8b8e9e8b47143	plantpersulf/0.0.0
Q5VND9	v6	https://alphafold.ebi.ac.uk/files/AF-Q5VND9-F1-model_v6.pdb	../raw/alphafold/AF-Q5VND9-F1-model.pdb	2026-07-23T04:10:06.727218+00:00	122876	f0999d04a37e132eaa9abc8796ffe5e458451fb6285a6676c3042fa331f8a674	plantpersulf/0.0.0
Q5VP48	v6	https://alphafold.ebi.ac.uk/files/AF-Q5VP48-F1-model_v6.pdb	../raw/alphafold/AF-Q5VP48-F1-model.pdb	2026-07-23T04:10:09.589083+00:00	113480	71bdd235893479ebd33a0df397eee433f2c69ec4d8b7a74e13f5adb677ef5b68	plantpersulf/0.0.0
Q5VPR6	v6	https://alphafold.ebi.ac.uk/files/AF-Q5VPR6-F1-model_v6.pdb	../raw/alphafold/AF-Q5VPR6-F1-model.pdb	2026-07-23T04:10:13.092799+00:00	303668	2524723ecd62125ae457c9133357525513368c0e1b6abe145af0287beda0ef34	plantpersulf/0.0.0
Q5VQG4	v6	https://alphafold.ebi.ac.uk/files/AF-Q5VQG4-F1-model_v6.pdb	../raw/alphafold/AF-Q5VQG4-F1-model.pdb	2026-07-23T04:10:15.522471+00:00	496448	56df8f419a48625b03181812fb7c21cf3a463ff1995f351de0435a30c9f838c9	plantpersulf/0.0.0
Q5VRH4	v6	https://alphafold.ebi.ac.uk/files/AF-Q5VRH4-F1-model_v6.pdb	../raw/alphafold/AF-Q5VRH4-F1-model.pdb	2026-07-23T04:10:18.770648+00:00	303101	ee10e2d6b5993209ca2c801e486d7cc61cebb9a21a8b1827c1e9472737a3df7d	plantpersulf/0.0.0
Q5VS79	v6	https://alphafold.ebi.ac.uk/files/AF-Q5VS79-F1-model_v6.pdb	../raw/alphafold/AF-Q5VS79-F1-model.pdb	2026-07-23T04:10:22.030000+00:00	279530	fe54489c79f0fcab1112396c44e59af22d75285b635b66e98fb97b42341e8fe9	plantpersulf/0.0.0
Q5VSC2	v6	https://alphafold.ebi.ac.uk/files/AF-Q5VSC2-F1-model_v6.pdb	../raw/alphafold/AF-Q5VSC2-F1-model.pdb	2026-07-23T04:10:25.289423+00:00	257417	6eda0f8ee3dd4ef8bb89a00abd7273fa2586ff9c02260d8f7da015a80129d07b	plantpersulf/0.0.0
Q5W6F1	v6	https://alphafold.ebi.ac.uk/files/AF-Q5W6F1-F1-model_v6.pdb	../raw/alphafold/AF-Q5W6F1-F1-model.pdb	2026-07-23T04:10:28.662559+00:00	331532	e6fcdc9ae7f4bc05fc6988ddc232fdc097493ae672ea1f9124d211fc3f8b7655	plantpersulf/0.0.0
Q5W6W7	v6	https://alphafold.ebi.ac.uk/files/AF-Q5W6W7-F1-model_v6.pdb	../raw/alphafold/AF-Q5W6W7-F1-model.pdb	2026-07-23T04:10:32.014409+00:00	463238	a37eeafafcaf796f88daa5c8894b2c059ef3d5e008fb420c98a43ebd73bad1a9	plantpersulf/0.0.0
Q5WAB3	v6	https://alphafold.ebi.ac.uk/files/AF-Q5WAB3-F1-model_v6.pdb	../raw/alphafold/AF-Q5WAB3-F1-model.pdb	2026-07-23T04:10:35.490655+00:00	549179	b8adebf486c0e49a9c29c4dddfdd411f24059c9cf13663edca4c19f2706d0e0b	plantpersulf/0.0.0
Q5WMV0	v6	https://alphafold.ebi.ac.uk/files/AF-Q5WMV0-F1-model_v6.pdb	../raw/alphafold/AF-Q5WMV0-F1-model.pdb	2026-07-23T04:10:38.067365+00:00	72737	23e63fd1f3a512d5842b9c6fd8b19c905daa00933df9981d8b852518fc384cee	plantpersulf/0.0.0
Q5WMX0	v6	https://alphafold.ebi.ac.uk/files/AF-Q5WMX0-F1-model_v6.pdb	../raw/alphafold/AF-Q5WMX0-F1-model.pdb	2026-07-23T04:10:41.467739+00:00	191888	3fbcfd56bed1465dc45dba4c4840072f6394eedecbc23a09625f16d4d8291e72	plantpersulf/0.0.0
Q5WMX9	v6	https://alphafold.ebi.ac.uk/files/AF-Q5WMX9-F1-model_v6.pdb	../raw/alphafold/AF-Q5WMX9-F1-model.pdb	2026-07-23T04:10:44.611827+00:00	316223	00b0c2be3d4e301f88ca5a843cd5b3112e3c88e608fef6a9562b67a6abaf04bc	plantpersulf/0.0.0
Q5WMY3	v6	https://alphafold.ebi.ac.uk/files/AF-Q5WMY3-F1-model_v6.pdb	../raw/alphafold/AF-Q5WMY3-F1-model.pdb	2026-07-23T04:10:47.710285+00:00	126602	33fac32d782bd13f5649477b506c4d91de69ba89bea728ee2fc15ccb7611a6c0	plantpersulf/0.0.0
Q5Z4E5	v6	https://alphafold.ebi.ac.uk/files/AF-Q5Z4E5-F1-model_v6.pdb	../raw/alphafold/AF-Q5Z4E5-F1-model.pdb	2026-07-23T04:10:51.042281+00:00	280826	23c5fc401cb110c651decad79cc8e416321139abb14fa755f8dd2c23b1ed95a2	plantpersulf/0.0.0
Q5Z627	v6	https://alphafold.ebi.ac.uk/files/AF-Q5Z627-F1-model_v6.pdb	../raw/alphafold/AF-Q5Z627-F1-model.pdb	2026-07-23T04:10:54.180367+00:00	276938	d8c3a179517445cf4866295a3e672e9c2389bc67183bcd179de7c496799dbbfe	plantpersulf/0.0.0
Q5Z7J2	v6	https://alphafold.ebi.ac.uk/files/AF-Q5Z7J2-F1-model_v6.pdb	../raw/alphafold/AF-Q5Z7J2-F1-model.pdb	2026-07-23T04:10:57.366031+00:00	199178	7eedbc3190c44680e8e7cf1651e2911fae105d4855da8e622568e4a8fdf84400	plantpersulf/0.0.0
Q5Z8V9	v6	https://alphafold.ebi.ac.uk/files/AF-Q5Z8V9-F1-model_v6.pdb	../raw/alphafold/AF-Q5Z8V9-F1-model.pdb	2026-07-23T04:11:00.656790+00:00	269486	5c7a958a54c793735ac6b2133526377edb167d82862f9e73c98206d4a984cf31	plantpersulf/0.0.0
Q5Z907	v6	https://alphafold.ebi.ac.uk/files/AF-Q5Z907-F1-model_v6.pdb	../raw/alphafold/AF-Q5Z907-F1-model.pdb	2026-07-23T04:11:03.923901+00:00	342548	28177208046e816c940c01b6928ec2987474b558b9bb7780f5421652d2371b26	plantpersulf/0.0.0
Q5Z9H5	v6	https://alphafold.ebi.ac.uk/files/AF-Q5Z9H5-F1-model_v6.pdb	../raw/alphafold/AF-Q5Z9H5-F1-model.pdb	2026-07-23T04:11:07.602131+00:00	230282	7feb4cf61ace3ee00fb3881d28de0ac3b60aaefc8246ec1ebefca81c7fb51b1f	plantpersulf/0.0.0
Q5Z9P5	v6	https://alphafold.ebi.ac.uk/files/AF-Q5Z9P5-F1-model_v6.pdb	../raw/alphafold/AF-Q5Z9P5-F1-model.pdb	2026-07-23T04:11:10.966423+00:00	254096	cfcf2bde655d2650f7e5b773017f901808045904e3dd54ca5414909e3718d44d	plantpersulf/0.0.0
Q5ZA41	v6	https://alphafold.ebi.ac.uk/files/AF-Q5ZA41-F1-model_v6.pdb	../raw/alphafold/AF-Q5ZA41-F1-model.pdb	2026-07-23T04:11:14.135398+00:00	229796	f0db60800b4c69b19f120d5ee48b01278418609bdb02d78381fb77437980cdb4	plantpersulf/0.0.0
Q5ZA98	v6	https://alphafold.ebi.ac.uk/files/AF-Q5ZA98-F1-model_v6.pdb	../raw/alphafold/AF-Q5ZA98-F1-model.pdb	2026-07-23T04:11:17.246186+00:00	155114	a984845e1286dce70d81e8116b391cf3b288daf381b73e66ff4b077a96a68c0f	plantpersulf/0.0.0
Q5ZAJ0	v6	https://alphafold.ebi.ac.uk/files/AF-Q5ZAJ0-F1-model_v6.pdb	../raw/alphafold/AF-Q5ZAJ0-F1-model.pdb	2026-07-23T04:11:20.852841+00:00	590651	8a57c3b79df15fbcf0e2b420a7aec182e0c383efb609cab40cc31d1a91fcf938	plantpersulf/0.0.0
Q5ZAV7	v6	https://alphafold.ebi.ac.uk/files/AF-Q5ZAV7-F1-model_v6.pdb	../raw/alphafold/AF-Q5ZAV7-F1-model.pdb	2026-07-23T04:11:23.825159+00:00	162647	d22256cfd33a71b22e20df4ccfa493ec076c85188ded9b04479fee431b6ebf42	plantpersulf/0.0.0
Q5ZBH5	v6	https://alphafold.ebi.ac.uk/files/AF-Q5ZBH5-F1-model_v6.pdb	../raw/alphafold/AF-Q5ZBH5-F1-model.pdb	2026-07-23T04:11:27.249336+00:00	380861	875ae9130f6bb9ce7c3639badee902dc3568d98f5dfd354059c67cc47893d51b	plantpersulf/0.0.0
Q5ZBN0	v6	https://alphafold.ebi.ac.uk/files/AF-Q5ZBN0-F1-model_v6.pdb	../raw/alphafold/AF-Q5ZBN0-F1-model.pdb	2026-07-23T04:11:30.704790+00:00	410669	584ea860b7447322bf12187bac919c3130aca5d0851606858749a93130c95fed	plantpersulf/0.0.0
Q5ZCK5	v6	https://alphafold.ebi.ac.uk/files/AF-Q5ZCK5-F1-model_v6.pdb	../raw/alphafold/AF-Q5ZCK5-F1-model.pdb	2026-07-23T04:11:33.525683+00:00	113966	875ec45b40b35873d6c0077ed322e8b7846c82c8de60843789637ee86e0652d8	plantpersulf/0.0.0
Q5ZDX2	v6	https://alphafold.ebi.ac.uk/files/AF-Q5ZDX2-F1-model_v6.pdb	../raw/alphafold/AF-Q5ZDX2-F1-model.pdb	2026-07-23T04:11:36.424908+00:00	48275	14627337bc4bf126248955c00fc2b8a02fcc580bb45d3ec5f0b71ef5375ad571	plantpersulf/0.0.0
Q60DC5	v6	https://alphafold.ebi.ac.uk/files/AF-Q60DC5-F1-model_v6.pdb	../raw/alphafold/AF-Q60DC5-F1-model.pdb	2026-07-23T04:11:39.634824+00:00	258389	d872561935b7cdf16d2e92347fe329e9e95d614191e733317670773ca059d149	plantpersulf/0.0.0
Q651B0	v6	https://alphafold.ebi.ac.uk/files/AF-Q651B0-F1-model_v6.pdb	../raw/alphafold/AF-Q651B0-F1-model.pdb	2026-07-23T04:11:42.447052+00:00	114209	76aae480cc3197d16ea5593d81d9d99dcafbb1d0ff5e9089b8af45df23756389	plantpersulf/0.0.0
Q652L6	v6	https://alphafold.ebi.ac.uk/files/AF-Q652L6-F1-model_v6.pdb	../raw/alphafold/AF-Q652L6-F1-model.pdb	2026-07-23T04:11:45.611362+00:00	273860	894a85f399577ad44e0fbc8c66c5e53d499ec7c66f3dc52c4fd69f6bbe87bad4	plantpersulf/0.0.0
Q652L9	v6	https://alphafold.ebi.ac.uk/files/AF-Q652L9-F1-model_v6.pdb	../raw/alphafold/AF-Q652L9-F1-model.pdb	2026-07-23T04:11:48.981393+00:00	317762	adc5064767c770da785a5f4e18268075be1497e01e6da16352b265d9b1494e9c	plantpersulf/0.0.0
Q652S1	v6	https://alphafold.ebi.ac.uk/files/AF-Q652S1-F1-model_v6.pdb	../raw/alphafold/AF-Q652S1-F1-model.pdb	2026-07-23T04:11:52.660440+00:00	851066	d15e19a73d498d497d8fc905f1f7bf64e3148bef7e221ef99607cd1061959b42	plantpersulf/0.0.0
Q653V7	v6	https://alphafold.ebi.ac.uk/files/AF-Q653V7-F1-model_v6.pdb	../raw/alphafold/AF-Q653V7-F1-model.pdb	2026-07-23T04:11:56.272123+00:00	561491	c39e667f385cc038713384a592a5f92d537d5790ee6a71df18ccb1a7c97d1f21	plantpersulf/0.0.0
Q654U5	v6	https://alphafold.ebi.ac.uk/files/AF-Q654U5-F1-model_v6.pdb	../raw/alphafold/AF-Q654U5-F1-model.pdb	2026-07-23T04:11:59.816086+00:00	574046	2761a9bb3a6a4ab642c58fa920190f39c1662b2fae1aa1d6365d7c64b16a176d	plantpersulf/0.0.0
Q655Y3	v6	https://alphafold.ebi.ac.uk/files/AF-Q655Y3-F1-model_v6.pdb	../raw/alphafold/AF-Q655Y3-F1-model.pdb	2026-07-23T04:12:02.844157+00:00	172610	288b705749dbfb1b20a5500f6633b976becbbaed470c0c35640de28abe7804e7	plantpersulf/0.0.0
Q655Y8	v6	https://alphafold.ebi.ac.uk/files/AF-Q655Y8-F1-model_v6.pdb	../raw/alphafold/AF-Q655Y8-F1-model.pdb	2026-07-23T04:12:06.206281+00:00	407996	d042d57508c24259333d8cee3a8ead06e314c9ad8767c1d456743b099714dd08	plantpersulf/0.0.0
Q657N5	v6	https://alphafold.ebi.ac.uk/files/AF-Q657N5-F1-model_v6.pdb	../raw/alphafold/AF-Q657N5-F1-model.pdb	2026-07-23T04:12:09.839737+00:00	504467	39989fdd87ab8dfb08d2e25acb100f687035c837781ca26efe1bd71371adf66f	plantpersulf/0.0.0
Q65X84	v6	https://alphafold.ebi.ac.uk/files/AF-Q65X84-F1-model_v6.pdb	../raw/alphafold/AF-Q65X84-F1-model.pdb	2026-07-23T04:12:13.240073+00:00	303344	9f67a08c3a5bf5c6d0f6566c520bef777aa353a3edb8aa813f1f9c43c1bede25	plantpersulf/0.0.0
Q65XC3	v6	https://alphafold.ebi.ac.uk/files/AF-Q65XC3-F1-model_v6.pdb	../raw/alphafold/AF-Q65XC3-F1-model.pdb	2026-07-23T04:12:16.264000+00:00	150173	446833654b216da45ce958a43e12be69a6e0ac002110527326390e70892a23ce	plantpersulf/0.0.0
Q65XK2	v6	https://alphafold.ebi.ac.uk/files/AF-Q65XK2-F1-model_v6.pdb	../raw/alphafold/AF-Q65XK2-F1-model.pdb	2026-07-23T04:12:19.860176+00:00	387422	4af5d2119e52fe56733cc9553990f07d32fba596fa0ed2dae85934967dad9de8	plantpersulf/0.0.0
Q65XN1	v6	https://alphafold.ebi.ac.uk/files/AF-Q65XN1-F1-model_v6.pdb	../raw/alphafold/AF-Q65XN1-F1-model.pdb	2026-07-23T04:12:23.160060+00:00	345869	4bf89c93153f64ecf39247fc3334d4c64fb178dab427044f9424cb83b15be390	plantpersulf/0.0.0
Q65XV9	v6	https://alphafold.ebi.ac.uk/files/AF-Q65XV9-F1-model_v6.pdb	../raw/alphafold/AF-Q65XV9-F1-model.pdb	2026-07-23T04:12:25.888457+00:00	107810	9f309255b229bcdc82a5ba369dea238ca62bdb809c3d64ac808e6d92c08725fc	plantpersulf/0.0.0
Q67G20	v6	https://alphafold.ebi.ac.uk/files/AF-Q67G20-F1-model_v6.pdb	../raw/alphafold/AF-Q67G20-F1-model.pdb	2026-07-23T04:12:29.541568+00:00	242918	ed01756536b6df64c916a736420761df0b81a785bcded0773ce10ccb00f8aa5a	plantpersulf/0.0.0
Q67UE5	v6	https://alphafold.ebi.ac.uk/files/AF-Q67UE5-F1-model_v6.pdb	../raw/alphafold/AF-Q67UE5-F1-model.pdb	2026-07-23T04:12:32.926943+00:00	394955	d477f4d9be83539d841453333d3fb2ccf91f6ec695235ea5bce1d56aed0f79ee	plantpersulf/0.0.0
Q67UK9	v6	https://alphafold.ebi.ac.uk/files/AF-Q67UK9-F1-model_v6.pdb	../raw/alphafold/AF-Q67UK9-F1-model.pdb	2026-07-23T04:12:36.079054+00:00	174959	6bb11139ad56269686438dce9a7839505bf0da1f131b5ed2e6cc1bff768f4488	plantpersulf/0.0.0
Q67WM2	v6	https://alphafold.ebi.ac.uk/files/AF-Q67WM2-F1-model_v6.pdb	../raw/alphafold/AF-Q67WM2-F1-model.pdb	2026-07-23T04:12:39.874691+00:00	562301	ebfe3f1918b04e7a6586360f0001420df0c65944a6cbb16884688c5ecdda6d50	plantpersulf/0.0.0
Q688T8	v6	https://alphafold.ebi.ac.uk/files/AF-Q688T8-F1-model_v6.pdb	../raw/alphafold/AF-Q688T8-F1-model.pdb	2026-07-23T04:12:43.266236+00:00	335339	6f95ccd11323cec02e9bd7dee186e8775c835d8845d5a3bf1135ad6b87cdd76a	plantpersulf/0.0.0
Q69IL0	v6	https://alphafold.ebi.ac.uk/files/AF-Q69IL0-F1-model_v6.pdb	../raw/alphafold/AF-Q69IL0-F1-model.pdb	2026-07-23T04:12:46.668164+00:00	358829	8de03521ffe301f4fb220ee8ac0c7b1e5e19c0884c2b91519759c8074470e28e	plantpersulf/0.0.0
Q69JF3	v6	https://alphafold.ebi.ac.uk/files/AF-Q69JF3-F1-model_v6.pdb	../raw/alphafold/AF-Q69JF3-F1-model.pdb	2026-07-23T04:12:49.700927+00:00	161999	714147d446a3d2ebf596ce5307fe5e630c63701d4ca5d1057cfecd276eb90459	plantpersulf/0.0.0
Q69JX7	v6	https://alphafold.ebi.ac.uk/files/AF-Q69JX7-F1-model_v6.pdb	../raw/alphafold/AF-Q69JX7-F1-model.pdb	2026-07-23T04:12:52.722009+00:00	167264	91a4fad4e1d66dcb826b0242ebbf1e207435107cfa201ca0364e20c434665e7b	plantpersulf/0.0.0
Q69KW3	v6	https://alphafold.ebi.ac.uk/files/AF-Q69KW3-F1-model_v6.pdb	../raw/alphafold/AF-Q69KW3-F1-model.pdb	2026-07-23T04:12:56.128831+00:00	360206	d20e375a30ce69d9079c094ea1fd04196d74e5e8ba15fb6d44dfe7d67a55cb9d	plantpersulf/0.0.0
Q69LD2	v6	https://alphafold.ebi.ac.uk/files/AF-Q69LD2-F1-model_v6.pdb	../raw/alphafold/AF-Q69LD2-F1-model.pdb	2026-07-23T04:12:59.239928+00:00	233117	b3f0f2cc0a43750be88b492b8521efb29d682c13a92892a66f3214c113390ab9	plantpersulf/0.0.0
Q69LD9	v6	https://alphafold.ebi.ac.uk/files/AF-Q69LD9-F1-model_v6.pdb	../raw/alphafold/AF-Q69LD9-F1-model.pdb	2026-07-23T04:13:02.280127+00:00	220157	3dbaa566e6b81c9d82780ad4140aa18f57c0fb2ac63aa155f9e74d30771c792b	plantpersulf/0.0.0
Q69MC9	v6	https://alphafold.ebi.ac.uk/files/AF-Q69MC9-F1-model_v6.pdb	../raw/alphafold/AF-Q69MC9-F1-model.pdb	2026-07-23T04:13:05.567720+00:00	197720	8ec1021872ce9771f65e69cdc30c1e3092768af99716cbb2a7bd80b7ea1db769	plantpersulf/0.0.0
Q69P51	v6	https://alphafold.ebi.ac.uk/files/AF-Q69P51-F1-model_v6.pdb	../raw/alphafold/AF-Q69P51-F1-model.pdb	2026-07-23T04:13:09.368908+00:00	687770	7c4de050785f9c4e7b989c3a4a59651a0af3475824cbe5ee12bd7df2ef0af5ce	plantpersulf/0.0.0
Q69PS6	v6	https://alphafold.ebi.ac.uk/files/AF-Q69PS6-F1-model_v6.pdb	../raw/alphafold/AF-Q69PS6-F1-model.pdb	2026-07-23T04:13:12.375935+00:00	223964	a4453672a8b753d2f36928c4fbb1f2eb8f093edb605f33a96232498d36dc853d	plantpersulf/0.0.0
Q69QJ7	v6	https://alphafold.ebi.ac.uk/files/AF-Q69QJ7-F1-model_v6.pdb	../raw/alphafold/AF-Q69QJ7-F1-model.pdb	2026-07-23T04:13:15.585327+00:00	331694	d580b7d549f7584bb4593fc53f3f6fe0cde8034d6e7a49041dca611842682c9b	plantpersulf/0.0.0
Q69QQ6	v6	https://alphafold.ebi.ac.uk/files/AF-Q69QQ6-F1-model_v6.pdb	../raw/alphafold/AF-Q69QQ6-F1-model.pdb	2026-07-23T04:13:19.087672+00:00	464696	b7967ca9c1dfa1b42096081555624f7f874c814d2737d3e0cd20c1f3a3d3e95b	plantpersulf/0.0.0
Q69R21	v6	https://alphafold.ebi.ac.uk/files/AF-Q69R21-F1-model_v6.pdb	../raw/alphafold/AF-Q69R21-F1-model.pdb	2026-07-23T04:13:22.505810+00:00	530063	cd6a8ad54473a1d14155066326d580d2caa98bce732013f98d37dbcce97ba465	plantpersulf/0.0.0
Q69RJ0	v6	https://alphafold.ebi.ac.uk/files/AF-Q69RJ0-F1-model_v6.pdb	../raw/alphafold/AF-Q69RJ0-F1-model.pdb	2026-07-23T04:13:26.191318+00:00	1010069	95da60b50e7fe1be4ffcc410c30bf31e9d0fb27ffe7174b6c0b515c42d8783b3	plantpersulf/0.0.0
Q69S39	v6	https://alphafold.ebi.ac.uk/files/AF-Q69S39-F1-model_v6.pdb	../raw/alphafold/AF-Q69S39-F1-model.pdb	2026-07-23T04:13:29.170015+00:00	141344	37691c557a0adc78ee54e995228bcf1a6c3d3b788b9219982c036f08bbefa23d	plantpersulf/0.0.0
Q69SG5	v6	https://alphafold.ebi.ac.uk/files/AF-Q69SG5-F1-model_v6.pdb	../raw/alphafold/AF-Q69SG5-F1-model.pdb	2026-07-23T04:13:32.324605+00:00	332342	d6be2c9e258e814cb726120ff7c0560b11c0746db3baf3bd10e847b66af17317	plantpersulf/0.0.0
Q69T90	v6	https://alphafold.ebi.ac.uk/files/AF-Q69T90-F1-model_v6.pdb	../raw/alphafold/AF-Q69T90-F1-model.pdb	2026-07-23T04:13:35.607627+00:00	236762	ed885117b62a26f05c8a3820d9250af52f8b8804f17734c9e73c5dd5f83e9cb4	plantpersulf/0.0.0
Q69UI8	v6	https://alphafold.ebi.ac.uk/files/AF-Q69UI8-F1-model_v6.pdb	../raw/alphafold/AF-Q69UI8-F1-model.pdb	2026-07-23T04:13:38.699142+00:00	67634	a905ee021c42ce2d32940e0cd6ece54d367b9e45440266a76da1cf4a03c3825a	plantpersulf/0.0.0
Q69W37	v6	https://alphafold.ebi.ac.uk/files/AF-Q69W37-F1-model_v6.pdb	../raw/alphafold/AF-Q69W37-F1-model.pdb	2026-07-23T04:13:41.954425+00:00	271754	9efc91dfcb0da94438a041a58773a4cf7119e7f6b55dae5cfbd25f8d7ae6ac7f	plantpersulf/0.0.0
Q69XP7	v6	https://alphafold.ebi.ac.uk/files/AF-Q69XP7-F1-model_v6.pdb	../raw/alphafold/AF-Q69XP7-F1-model.pdb	2026-07-23T04:13:44.847536+00:00	764720	a9aa448c045f197db6fe30d88cb74927a50ab122f49913f870f1811b9da7d840	plantpersulf/0.0.0
Q69XR7	v6	https://alphafold.ebi.ac.uk/files/AF-Q69XR7-F1-model_v6.pdb	../raw/alphafold/AF-Q69XR7-F1-model.pdb	2026-07-23T04:13:48.530771+00:00	442826	1771a152fb99e71a8113887f5f0efa0da88027bca441b44adf413c364b538b80	plantpersulf/0.0.0
Q69XT9	v6	https://alphafold.ebi.ac.uk/files/AF-Q69XT9-F1-model_v6.pdb	../raw/alphafold/AF-Q69XT9-F1-model.pdb	2026-07-23T04:13:51.744520+00:00	340847	42082105a23b626aa43ed2018f4c8255cf4b9c8df0aca9a46070c331b1bb5e9d	plantpersulf/0.0.0
Q69Y12	v6	https://alphafold.ebi.ac.uk/files/AF-Q69Y12-F1-model_v6.pdb	../raw/alphafold/AF-Q69Y12-F1-model.pdb	2026-07-23T04:13:55.153125+00:00	440639	c283292fa23bc73166c1ce52bb0c44d7b0a94c12cb49db3efcc57437bf289491	plantpersulf/0.0.0
Q69Y21	v6	https://alphafold.ebi.ac.uk/files/AF-Q69Y21-F1-model_v6.pdb	../raw/alphafold/AF-Q69Y21-F1-model.pdb	2026-07-23T04:13:58.064057+00:00	200231	9bfcca0fcf5b9196a6f50deb8d522168354d424f9b5263272337cda0e7cfc687	plantpersulf/0.0.0
Q6ASV4	v6	https://alphafold.ebi.ac.uk/files/AF-Q6ASV4-F1-model_v6.pdb	../raw/alphafold/AF-Q6ASV4-F1-model.pdb	2026-07-23T04:14:01.295683+00:00	320759	c68652ff85d5b4f2b4caedc3200393deb6f4eac72e2f393efe6468f7ddd05899	plantpersulf/0.0.0
Q6ASW6	v6	https://alphafold.ebi.ac.uk/files/AF-Q6ASW6-F1-model_v6.pdb	../raw/alphafold/AF-Q6ASW6-F1-model.pdb	2026-07-23T04:14:04.275343+00:00	75248	beb79115a6266bbf8be2a6aa102c97ed44a465e472e4fe856ddb5d671a3d8ec8	plantpersulf/0.0.0
Q6AT26	v6	https://alphafold.ebi.ac.uk/files/AF-Q6AT26-F1-model_v6.pdb	../raw/alphafold/AF-Q6AT26-F1-model.pdb	2026-07-23T04:14:07.972659+00:00	702026	8cf5516b960881458c48532e5e7b2c5c62432921d8d6c4a0c652bca3d15bf924	plantpersulf/0.0.0
Q6AT40	v6	https://alphafold.ebi.ac.uk/files/AF-Q6AT40-F1-model_v6.pdb	../raw/alphafold/AF-Q6AT40-F1-model.pdb	2026-07-23T04:14:11.486835+00:00	390743	3b1388b3a534813edfe844778f9813513fb839241228188adca431ba6c089173	plantpersulf/0.0.0
Q6ATY7	v6	https://alphafold.ebi.ac.uk/files/AF-Q6ATY7-F1-model_v6.pdb	../raw/alphafold/AF-Q6ATY7-F1-model.pdb	2026-07-23T04:14:14.094046+00:00	247373	b2d5a0b60b512634cb8569b99b567f88dff4ec46f74c1915bff73524dcafe793	plantpersulf/0.0.0
Q6AUF3	v6	https://alphafold.ebi.ac.uk/files/AF-Q6AUF3-F1-model_v6.pdb	../raw/alphafold/AF-Q6AUF3-F1-model.pdb	2026-07-23T04:14:16.551110+00:00	181520	c0f9699f28a247cd06acb082c1d6514b9eda584a742a0463501a225532427977	plantpersulf/0.0.0
Q6AUI3	v6	https://alphafold.ebi.ac.uk/files/AF-Q6AUI3-F1-model_v6.pdb	../raw/alphafold/AF-Q6AUI3-F1-model.pdb	2026-07-23T04:14:20.064124+00:00	494747	560c5ea2d2a551c231951d489f70b8f4fefeb254f4eae03eb507ac24ff02fd00	plantpersulf/0.0.0
Q6AVI0	v6	https://alphafold.ebi.ac.uk/files/AF-Q6AVI0-F1-model_v6.pdb	../raw/alphafold/AF-Q6AVI0-F1-model.pdb	2026-07-23T04:14:23.554159+00:00	469394	62c9da5ca73a0fd5ad1ce2a1b0b6c23669e52fb9a2aaf921816f6fc020b4e684	plantpersulf/0.0.0
Q6EPQ1	v6	https://alphafold.ebi.ac.uk/files/AF-Q6EPQ1-F1-model_v6.pdb	../raw/alphafold/AF-Q6EPQ1-F1-model.pdb	2026-07-23T04:14:26.595984+00:00	202580	e8d7919ec54f6467547c85c71015a5db70c751c8e7b61cc76780d48d7d2f46d5	plantpersulf/0.0.0
Q6ERW7	v6	https://alphafold.ebi.ac.uk/files/AF-Q6ERW7-F1-model_v6.pdb	../raw/alphafold/AF-Q6ERW7-F1-model.pdb	2026-07-23T04:14:29.838352+00:00	266894	754558a49afd069e2380039aa9faf9e0d3c4fbb7a5a81e0c73acfdbeff6e2ed8	plantpersulf/0.0.0
Q6ETN3	v6	https://alphafold.ebi.ac.uk/files/AF-Q6ETN3-F1-model_v6.pdb	../raw/alphafold/AF-Q6ETN3-F1-model.pdb	2026-07-23T04:14:33.075022+00:00	346436	f96ff1601818afc70800b37f1979bc4bc84174901f4361e7ff66d69a641f0c41	plantpersulf/0.0.0
Q6EUQ7	v6	https://alphafold.ebi.ac.uk/files/AF-Q6EUQ7-F1-model_v6.pdb	../raw/alphafold/AF-Q6EUQ7-F1-model.pdb	2026-07-23T04:14:35.849634+00:00	95093	54e20b86946fe5ae3c0412de082ffc7b81ce42818957c5ba842b746c8d0dbabf	plantpersulf/0.0.0
Q6EWX1	v6	https://alphafold.ebi.ac.uk/files/AF-Q6EWX1-F1-model_v6.pdb	../raw/alphafold/AF-Q6EWX1-F1-model.pdb	2026-07-23T04:14:39.091864+00:00	273779	3382f03e0051bf4f0db2336973341e76c98594b2e2750aa7f7d60ac41de2b7bb	plantpersulf/0.0.0
Q6F322	v6	https://alphafold.ebi.ac.uk/files/AF-Q6F322-F1-model_v6.pdb	../raw/alphafold/AF-Q6F322-F1-model.pdb	2026-07-23T04:14:42.664123+00:00	426383	84ff16177f258f3a443ef413895b45c61353faac459a9c1ecb0134eeda32b109	plantpersulf/0.0.0
Q6F331	v6	https://alphafold.ebi.ac.uk/files/AF-Q6F331-F1-model_v6.pdb	../raw/alphafold/AF-Q6F331-F1-model.pdb	2026-07-23T04:14:45.350226+00:00	74600	5e6fa04d0db96a7aca660c4780e274e415f6b8459473254d3cb6ebe6fcd78c60	plantpersulf/0.0.0
Q6F4N5	v6	https://alphafold.ebi.ac.uk/files/AF-Q6F4N5-F1-model_v6.pdb	../raw/alphafold/AF-Q6F4N5-F1-model.pdb	2026-07-23T04:14:48.347888+00:00	263168	2e07c6078367ab765f0a04a8639b536779817283b69be38bfb706e34a8f2691f	plantpersulf/0.0.0
Q6H450	v6	https://alphafold.ebi.ac.uk/files/AF-Q6H450-F1-model_v6.pdb	../raw/alphafold/AF-Q6H450-F1-model.pdb	2026-07-23T04:14:51.545366+00:00	208898	2d55853a587df27d9bcdabc4c207d19209e08112f61f8c9235c2bc610defed30	plantpersulf/0.0.0
Q6H4I5	v6	https://alphafold.ebi.ac.uk/files/AF-Q6H4I5-F1-model_v6.pdb	../raw/alphafold/AF-Q6H4I5-F1-model.pdb	2026-07-23T04:14:54.792630+00:00	222587	5610a54af6a7aa95f4c3da92dda5d58efb432ef721b8cf3bb0508c27a5abc870	plantpersulf/0.0.0
Q6H4V4	v6	https://alphafold.ebi.ac.uk/files/AF-Q6H4V4-F1-model_v6.pdb	../raw/alphafold/AF-Q6H4V4-F1-model.pdb	2026-07-23T04:14:58.457496+00:00	772982	cf9175f4b4233d2ea5fd8a9e00188f1f084fed37e3f1e2de6962a0a2c343734b	plantpersulf/0.0.0
Q6H5B5	v6	https://alphafold.ebi.ac.uk/files/AF-Q6H5B5-F1-model_v6.pdb	../raw/alphafold/AF-Q6H5B5-F1-model.pdb	2026-07-23T04:15:02.016341+00:00	443393	63275687356b18e7071a1fea3ad7ac31da072266cf92ae565f641028549ffa17	plantpersulf/0.0.0
Q6H7M1	v6	https://alphafold.ebi.ac.uk/files/AF-Q6H7M1-F1-model_v6.pdb	../raw/alphafold/AF-Q6H7M1-F1-model.pdb	2026-07-23T04:15:05.279147+00:00	275075	8d1f1852cd68a0fc80bd65a77b783f71926c2066b1c15dbdcdfcee4e912505cf	plantpersulf/0.0.0
Q6I583	v6	https://alphafold.ebi.ac.uk/files/AF-Q6I583-F1-model_v6.pdb	../raw/alphafold/AF-Q6I583-F1-model.pdb	2026-07-23T04:15:08.544883+00:00	226961	cc5d14910a6878f61ed403be82b741ccdb033243aa8c2d088b931297014dd360	plantpersulf/0.0.0
Q6IMT1	v6	https://alphafold.ebi.ac.uk/files/AF-Q6IMT1-F1-model_v6.pdb	../raw/alphafold/AF-Q6IMT1-F1-model.pdb	2026-07-23T04:15:12.539192+00:00	1688039	45c3716f4052e49e4f1600ee047944365187a40537c8b1c089e030acb9ef057b	plantpersulf/0.0.0
Q6K1R5	v6	https://alphafold.ebi.ac.uk/files/AF-Q6K1R5-F1-model_v6.pdb	../raw/alphafold/AF-Q6K1R5-F1-model.pdb	2026-07-23T04:15:15.638141+00:00	216755	fcdfa3ccbdcd0f46ff05c1077a18f27b814756ff1d71743cec6acdbdc5d4d755	plantpersulf/0.0.0
Q6K272	v6	https://alphafold.ebi.ac.uk/files/AF-Q6K272-F1-model_v6.pdb	../raw/alphafold/AF-Q6K272-F1-model.pdb	2026-07-23T04:15:19.195453+00:00	521558	3384ae12048401148767b841f98771ee0209d38e8c9276e864280e16cdfe0d4c	plantpersulf/0.0.0
Q6K2E1	v6	https://alphafold.ebi.ac.uk/files/AF-Q6K2E1-F1-model_v6.pdb	../raw/alphafold/AF-Q6K2E1-F1-model.pdb	2026-07-23T04:15:22.462617+00:00	232793	a5b961c3a2cfa92e30e4c8ee5e8873d92295abe9ab4a809614a48ca1075e72d3	plantpersulf/0.0.0
Q6K2Y3	v6	https://alphafold.ebi.ac.uk/files/AF-Q6K2Y3-F1-model_v6.pdb	../raw/alphafold/AF-Q6K2Y3-F1-model.pdb	2026-07-23T04:15:26.166001+00:00	703484	f14856d8b2193554b49370b2d4afdd89679019f81b8153103c99a3dc2141454f	plantpersulf/0.0.0
Q6K3Z3	v6	https://alphafold.ebi.ac.uk/files/AF-Q6K3Z3-F1-model_v6.pdb	../raw/alphafold/AF-Q6K3Z3-F1-model.pdb	2026-07-23T04:15:29.848618+00:00	239435	addfd25c11295050b0141a818922589985f1743369bb4d73a15064884c9f9ba2	plantpersulf/0.0.0
Q6K447	v6	https://alphafold.ebi.ac.uk/files/AF-Q6K447-F1-model_v6.pdb	../raw/alphafold/AF-Q6K447-F1-model.pdb	2026-07-23T04:15:32.884920+00:00	157706	86535763611ae1d0e7ab5ccb45cf46301bdae5e33a81f05d814bad2950c25dad	plantpersulf/0.0.0
Q6K4J4	v6	https://alphafold.ebi.ac.uk/files/AF-Q6K4J4-F1-model_v6.pdb	../raw/alphafold/AF-Q6K4J4-F1-model.pdb	2026-07-23T04:15:36.186727+00:00	224774	8d3e84717758b57f4525891fc67943d9f29a42788fb1d1338fd605b1f85c1838	plantpersulf/0.0.0
Q6K669	v6	https://alphafold.ebi.ac.uk/files/AF-Q6K669-F1-model_v6.pdb	../raw/alphafold/AF-Q6K669-F1-model.pdb	2026-07-23T04:15:39.508873+00:00	359477	914d18b72134b9ff200883c094c212696ac05e2ede2a6aaf9ead0efe863e4d62	plantpersulf/0.0.0
Q6K689	v6	https://alphafold.ebi.ac.uk/files/AF-Q6K689-F1-model_v6.pdb	../raw/alphafold/AF-Q6K689-F1-model.pdb	2026-07-23T04:15:42.852863+00:00	350162	fff6716bf22509ee098c9aa22a76a625e89ac32b573869c953c5c202d1e16939	plantpersulf/0.0.0
Q6K755	v6	https://alphafold.ebi.ac.uk/files/AF-Q6K755-F1-model_v6.pdb	../raw/alphafold/AF-Q6K755-F1-model.pdb	2026-07-23T04:15:46.256906+00:00	309662	818c2fb2f308cf6253ac75568a32654e53bbc4a0ed411b4647825128e790e311	plantpersulf/0.0.0
Q6K7P6	v6	https://alphafold.ebi.ac.uk/files/AF-Q6K7P6-F1-model_v6.pdb	../raw/alphafold/AF-Q6K7P6-F1-model.pdb	2026-07-23T04:15:49.326793+00:00	270539	5a382df2d1aaef7216feb076987347bb4345f6d856adbef77ee221b741b42b94	plantpersulf/0.0.0
Q6K7V0	v6	https://alphafold.ebi.ac.uk/files/AF-Q6K7V0-F1-model_v6.pdb	../raw/alphafold/AF-Q6K7V0-F1-model.pdb	2026-07-23T04:15:52.529482+00:00	319706	90d11fa475240dce939cb4339b8a5a60cd42a23f1fdfc330cea95694a302f676	plantpersulf/0.0.0
Q6K7V6	v6	https://alphafold.ebi.ac.uk/files/AF-Q6K7V6-F1-model_v6.pdb	../raw/alphafold/AF-Q6K7V6-F1-model.pdb	2026-07-23T04:15:55.768644+00:00	306017	956a0cb2363fb848d1bea81b2448de6f942f5c47c6a0594e67d594d8c447ba2c	plantpersulf/0.0.0
Q6K8J4	v6	https://alphafold.ebi.ac.uk/files/AF-Q6K8J4-F1-model_v6.pdb	../raw/alphafold/AF-Q6K8J4-F1-model.pdb	2026-07-23T04:15:59.354054+00:00	475955	f1b83993270769e15ad74c36735f06bae1f88383c97d98f3b538ede45ff65a57	plantpersulf/0.0.0
Q6K9U0	v6	https://alphafold.ebi.ac.uk/files/AF-Q6K9U0-F1-model_v6.pdb	../raw/alphafold/AF-Q6K9U0-F1-model.pdb	2026-07-23T04:16:02.440783+00:00	691415	d99e5d2aa8e69008bb6c3ca43b29a46fd9f96bfeeab7c356eb3b6bcd684550d7	plantpersulf/0.0.0
Q6KAJ2	v6	https://alphafold.ebi.ac.uk/files/AF-Q6KAJ2-F1-model_v6.pdb	../raw/alphafold/AF-Q6KAJ2-F1-model.pdb	2026-07-23T04:16:05.608101+00:00	293867	d9834e0740b00e9862055b8d9c1c1f53112eb6f6112639f13034967c4c20b5e9	plantpersulf/0.0.0
Q6L4S0	v6	https://alphafold.ebi.ac.uk/files/AF-Q6L4S0-F1-model_v6.pdb	../raw/alphafold/AF-Q6L4S0-F1-model.pdb	2026-07-23T04:16:09.482056+00:00	705590	14dce4e5c717e931b21864c5cf0c8645d64389073f1dabc3e907e93138bdf3e5	plantpersulf/0.0.0
Q6L4X7	v6	https://alphafold.ebi.ac.uk/files/AF-Q6L4X7-F1-model_v6.pdb	../raw/alphafold/AF-Q6L4X7-F1-model.pdb	2026-07-23T04:16:12.802255+00:00	276128	1adb3a3fb5d2fa2fa5a29fe4b4103b90a2b30980a05281e2a310eeb9ed8d409f	plantpersulf/0.0.0
Q6NKS1	v6	https://alphafold.ebi.ac.uk/files/AF-Q6NKS1-F1-model_v6.pdb	../raw/alphafold/AF-Q6NKS1-F1-model.pdb	2026-07-23T04:16:15.869712+00:00	244376	6302a8a95fc40240e5397d777db3ae5f882edce9d270214d5553a439b7072e3b	plantpersulf/0.0.0
Q6NQK2	v6	https://alphafold.ebi.ac.uk/files/AF-Q6NQK2-F1-model_v6.pdb	../raw/alphafold/AF-Q6NQK2-F1-model.pdb	2026-07-23T04:16:19.328024+00:00	293219	92332da17c1a5d834c287a2bcf04228ceab8cb0362f6d559b116fa5e604e285b	plantpersulf/0.0.0
Q6U5G8	v6	https://alphafold.ebi.ac.uk/files/AF-Q6U5G8-F1-model_v6.pdb	../raw/alphafold/AF-Q6U5G8-F1-model.pdb	2026-07-23T04:16:22.532764+00:00	183545	502768578158e9a9df3e37623e08a4d8eccf57296d11677f2a73344a7ba2a7a4	plantpersulf/0.0.0
Q6V9T1	v6	https://alphafold.ebi.ac.uk/files/AF-Q6V9T1-F1-model_v6.pdb	../raw/alphafold/AF-Q6V9T1-F1-model.pdb	2026-07-23T04:16:26.096313+00:00	643382	250472344bce7a4f0b08f18fd8ae3e056fb30e715b5f30ce6da309a65b736a8a	plantpersulf/0.0.0
Q6YSB2	v6	https://alphafold.ebi.ac.uk/files/AF-Q6YSB2-F1-model_v6.pdb	../raw/alphafold/AF-Q6YSB2-F1-model.pdb	2026-07-23T04:16:29.438306+00:00	327320	550a2b3d443128831a3b8f95507ad5da187e40a5431116eb3010b44b48086c0a	plantpersulf/0.0.0
Q6YT73	v6	https://alphafold.ebi.ac.uk/files/AF-Q6YT73-F1-model_v6.pdb	../raw/alphafold/AF-Q6YT73-F1-model.pdb	2026-07-23T04:16:32.587343+00:00	235385	e81404ccb51a38383e2290ae8a86642bb65335b2865a155407f983e6e3b3f775	plantpersulf/0.0.0
Q6YTH5	v6	https://alphafold.ebi.ac.uk/files/AF-Q6YTH5-F1-model_v6.pdb	../raw/alphafold/AF-Q6YTH5-F1-model.pdb	2026-07-23T04:16:36.204056+00:00	198449	192f89bfcdc9f3073503f5f34d87f6334f46b69c3ba0b0b0f0f1de2ef0080fb5	plantpersulf/0.0.0
Q6YU90	v6	https://alphafold.ebi.ac.uk/files/AF-Q6YU90-F1-model_v6.pdb	../raw/alphafold/AF-Q6YU90-F1-model.pdb	2026-07-23T04:16:39.386873+00:00	245834	6b39b6ec3b9ced761f6fb7d5cb64e42bc157bbbd9690b8a1a7f19641bfc8f086	plantpersulf/0.0.0
Q6YUR8	v6	https://alphafold.ebi.ac.uk/files/AF-Q6YUR8-F1-model_v6.pdb	../raw/alphafold/AF-Q6YUR8-F1-model.pdb	2026-07-23T04:16:42.302217+00:00	134135	ad6c44870526e1ab28a2ec769f43db34bd86e45f5568e1a1de437366b02930d5	plantpersulf/0.0.0
Q6YVI0	v6	https://alphafold.ebi.ac.uk/files/AF-Q6YVI0-F1-model_v6.pdb	../raw/alphafold/AF-Q6YVI0-F1-model.pdb	2026-07-23T04:16:45.522686+00:00	231497	05a0f44e7513bfbf4ca9cdcba922e7501deb72d323b57399c7bd718132c30a63	plantpersulf/0.0.0
Q6YVU4	v6	https://alphafold.ebi.ac.uk/files/AF-Q6YVU4-F1-model_v6.pdb	../raw/alphafold/AF-Q6YVU4-F1-model.pdb	2026-07-23T04:16:48.979258+00:00	354050	3ac34049c8ad64ad834befd86d480f1ac660acac2c926aed7a48b13cec2cbf36	plantpersulf/0.0.0
Q6YX79	v6	https://alphafold.ebi.ac.uk/files/AF-Q6YX79-F1-model_v6.pdb	../raw/alphafold/AF-Q6YX79-F1-model.pdb	2026-07-23T04:16:51.838669+00:00	633500	e2a069f2fb17ecd72b4ce7d779a039485dab15dc272334733a6bad1647967bf5	plantpersulf/0.0.0
Q6YXW6	v6	https://alphafold.ebi.ac.uk/files/AF-Q6YXW6-F1-model_v6.pdb	../raw/alphafold/AF-Q6YXW6-F1-model.pdb	2026-07-23T04:16:55.065823+00:00	275804	e04e6d2ec241cacb43908021bf63318508049788d5a166219329680bcda446f2	plantpersulf/0.0.0
Q6YYV8	v6	https://alphafold.ebi.ac.uk/files/AF-Q6YYV8-F1-model_v6.pdb	../raw/alphafold/AF-Q6YYV8-F1-model.pdb	2026-07-23T04:16:58.236353+00:00	278477	3eda68882e3f0d258508d6607ee11cf25b9feb262c847cc71e95368350f18bfa	plantpersulf/0.0.0
Q6YZ09	v6	https://alphafold.ebi.ac.uk/files/AF-Q6YZ09-F1-model_v6.pdb	../raw/alphafold/AF-Q6YZ09-F1-model.pdb	2026-07-23T04:17:01.400477+00:00	232064	9447f918568dbdaab23cdd7ba42c6f05963d30bbb9c6bc5d5b090581b1dcaa92	plantpersulf/0.0.0
Q6YZE2	v6	https://alphafold.ebi.ac.uk/files/AF-Q6YZE2-F1-model_v6.pdb	../raw/alphafold/AF-Q6YZE2-F1-model.pdb	2026-07-23T04:17:05.034341+00:00	293138	d90467dcdadb42f2e5f106d762fac5fa7c48187421880d41562b9d7727f85d15	plantpersulf/0.0.0
Q6YZJ0	v6	https://alphafold.ebi.ac.uk/files/AF-Q6YZJ0-F1-model_v6.pdb	../raw/alphafold/AF-Q6YZJ0-F1-model.pdb	2026-07-23T04:17:08.345221+00:00	218132	e6d436b14084d54a1ffe2066668bc53dc11457d7fd57d68559d9d38562ef2d64	plantpersulf/0.0.0
Q6YZX6	v6	https://alphafold.ebi.ac.uk/files/AF-Q6YZX6-F1-model_v6.pdb	../raw/alphafold/AF-Q6YZX6-F1-model.pdb	2026-07-23T04:17:11.926292+00:00	568700	f9f8c2e0f20586600986b4ceafc8bbfcc9739d95f77a15c9bfa8f6cda7cb904d	plantpersulf/0.0.0
Q6Z2J3	v6	https://alphafold.ebi.ac.uk/files/AF-Q6Z2J3-F1-model_v6.pdb	../raw/alphafold/AF-Q6Z2J3-F1-model.pdb	2026-07-23T04:17:15.125332+00:00	323432	7436031b876e82cb4f0004baa5472179b46becff67c2ca0460bf6b6119303f47	plantpersulf/0.0.0
Q6Z2Z4	v6	https://alphafold.ebi.ac.uk/files/AF-Q6Z2Z4-F1-model_v6.pdb	../raw/alphafold/AF-Q6Z2Z4-F1-model.pdb	2026-07-23T04:17:18.579532+00:00	274751	1b2710f25db59f8b59a16d07172a380686e1b21e3896eeddd9beae3399335bc4	plantpersulf/0.0.0
Q6Z382	v6	https://alphafold.ebi.ac.uk/files/AF-Q6Z382-F1-model_v6.pdb	../raw/alphafold/AF-Q6Z382-F1-model.pdb	2026-07-23T04:17:22.045881+00:00	570320	a00225cd798cccba9950a6ba1262afecfcb9b72b9fc6d5ea9c38d34e250f1451	plantpersulf/0.0.0
Q6Z4G3	v6	https://alphafold.ebi.ac.uk/files/AF-Q6Z4G3-F1-model_v6.pdb	../raw/alphafold/AF-Q6Z4G3-F1-model.pdb	2026-07-23T04:17:24.335516+00:00	242108	afdfe98961d778b5bc41ae171289f394d7ea2a6dfa88bf8072e595417aad7eab	plantpersulf/0.0.0
Q6Z4G6	v6	https://alphafold.ebi.ac.uk/files/AF-Q6Z4G6-F1-model_v6.pdb	../raw/alphafold/AF-Q6Z4G6-F1-model.pdb	2026-07-23T04:17:27.287342+00:00	134945	f2358c075e58d96e25b14fb122f3b182091dbcff6f15092d556b002be1d8c30b	plantpersulf/0.0.0
Q6Z4L7	v6	https://alphafold.ebi.ac.uk/files/AF-Q6Z4L7-F1-model_v6.pdb	../raw/alphafold/AF-Q6Z4L7-F1-model.pdb	2026-07-23T04:17:30.172011+00:00	290141	fe094d613971a3947f591f0c72ed3997cc99defec16fffc8c1747f7e72d676be	plantpersulf/0.0.0
Q6Z4N6	v6	https://alphafold.ebi.ac.uk/files/AF-Q6Z4N6-F1-model_v6.pdb	../raw/alphafold/AF-Q6Z4N6-F1-model.pdb	2026-07-23T04:17:33.539070+00:00	226394	58b7b246777be8e2bceefb3da2e00460cc1b20fefc4b8128a5c8cf7deda87973	plantpersulf/0.0.0
Q6Z5A3	v6	https://alphafold.ebi.ac.uk/files/AF-Q6Z5A3-F1-model_v6.pdb	../raw/alphafold/AF-Q6Z5A3-F1-model.pdb	2026-07-23T04:17:37.010603+00:00	400706	853bf6889c6300776240cc40a0b7e7693e9cc5a969dcbe8a2861e300c7f88980	plantpersulf/0.0.0
Q6Z5N4	v6	https://alphafold.ebi.ac.uk/files/AF-Q6Z5N4-F1-model_v6.pdb	../raw/alphafold/AF-Q6Z5N4-F1-model.pdb	2026-07-23T04:17:40.412383+00:00	249317	0c9a42562693590bbd3dccf0196fadf0c9d8be17baa0d7520d44048445277899	plantpersulf/0.0.0
Q6Z6G8	v6	https://alphafold.ebi.ac.uk/files/AF-Q6Z6G8-F1-model_v6.pdb	../raw/alphafold/AF-Q6Z6G8-F1-model.pdb	2026-07-23T04:17:43.288621+00:00	106028	5c6ef3af406952e27837f4e7d0d200e45647f3f4da78169da05fb167e6700be6	plantpersulf/0.0.0
Q6Z6H0	v6	https://alphafold.ebi.ac.uk/files/AF-Q6Z6H0-F1-model_v6.pdb	../raw/alphafold/AF-Q6Z6H0-F1-model.pdb	2026-07-23T04:17:46.213277+00:00	107486	d66c8e22fb4dcfd989415706f3d140abb43e2bf635bffceeca6db9a147f36d6e	plantpersulf/0.0.0
Q6Z6K3	v6	https://alphafold.ebi.ac.uk/files/AF-Q6Z6K3-F1-model_v6.pdb	../raw/alphafold/AF-Q6Z6K3-F1-model.pdb	2026-07-23T04:17:49.469158+00:00	263249	9d2d02e51fa8a08adb13da100911faad97d36c525b01be6d54cae9f3478cb119	plantpersulf/0.0.0
Q6Z6L4	v6	https://alphafold.ebi.ac.uk/files/AF-Q6Z6L4-F1-model_v6.pdb	../raw/alphafold/AF-Q6Z6L4-F1-model.pdb	2026-07-23T04:17:52.884860+00:00	572021	4986d6010dd305346fab14b15406b183689d891f42012c6bdf8968772feed582	plantpersulf/0.0.0
Q6Z702	v6	https://alphafold.ebi.ac.uk/files/AF-Q6Z702-F1-model_v6.pdb	../raw/alphafold/AF-Q6Z702-F1-model.pdb	2026-07-23T04:17:56.235027+00:00	322460	f0becfdd93c86fcbc56304483893e51b29ae5b3800308abf562c93c4a62db448	plantpersulf/0.0.0
Q6Z8L4	v6	https://alphafold.ebi.ac.uk/files/AF-Q6Z8L4-F1-model_v6.pdb	../raw/alphafold/AF-Q6Z8L4-F1-model.pdb	2026-07-23T04:17:59.637426+00:00	420389	c383fad49364a23e0446fd36b0703699939c5eec6250f7f33c7ace4284534c21	plantpersulf/0.0.0
Q6Z9F9	v6	https://alphafold.ebi.ac.uk/files/AF-Q6Z9F9-F1-model_v6.pdb	../raw/alphafold/AF-Q6Z9F9-F1-model.pdb	2026-07-23T04:18:02.572508+00:00	123038	b045a7a519d89bea2ee3d477ed8d0dad1560833c3c9b5ebc30dcbffadacc5817	plantpersulf/0.0.0
Q6Z9G0	v6	https://alphafold.ebi.ac.uk/files/AF-Q6Z9G0-F1-model_v6.pdb	../raw/alphafold/AF-Q6Z9G0-F1-model.pdb	2026-07-23T04:18:05.976048+00:00	310229	361eb6c4586fcd75143b380858c05037a5ce7f2af61380531e8f1490352ebbf5	plantpersulf/0.0.0
Q6Z9G2	v6	https://alphafold.ebi.ac.uk/files/AF-Q6Z9G2-F1-model_v6.pdb	../raw/alphafold/AF-Q6Z9G2-F1-model.pdb	2026-07-23T04:18:09.000174+00:00	139805	0ef0637cd56a03550784bb9857096eaabfc5575243d89243dcbd9f32ea10b038	plantpersulf/0.0.0
Q6ZBH2	v6	https://alphafold.ebi.ac.uk/files/AF-Q6ZBH2-F1-model_v6.pdb	../raw/alphafold/AF-Q6ZBH2-F1-model.pdb	2026-07-23T04:18:12.288639+00:00	228986	7d2277a2465456832933075eca7dc27090da6a01cbdff301f900cc78cb76ec1e	plantpersulf/0.0.0
Q6ZD89	v6	https://alphafold.ebi.ac.uk/files/AF-Q6ZD89-F1-model_v6.pdb	../raw/alphafold/AF-Q6ZD89-F1-model.pdb	2026-07-23T04:18:15.623921+00:00	232145	8be8a52f1dfab320b11c9c502cc332799f400c08e64bcb5fa6e53c34d9f0e5b5	plantpersulf/0.0.0
Q6ZDQ1	v6	https://alphafold.ebi.ac.uk/files/AF-Q6ZDQ1-F1-model_v6.pdb	../raw/alphafold/AF-Q6ZDQ1-F1-model.pdb	2026-07-23T04:18:18.927328+00:00	351539	55e00234d39350b366bd03eb1534c0e0b70bec1a508a2c02d6a3b27c8c4ebd5a	plantpersulf/0.0.0
Q6ZDW8	v6	https://alphafold.ebi.ac.uk/files/AF-Q6ZDW8-F1-model_v6.pdb	../raw/alphafold/AF-Q6ZDW8-F1-model.pdb	2026-07-23T04:18:21.716461+00:00	84806	9355c4341f0d3c349a345890c008a3e622e430ba003b338702ed44abdf47d706	plantpersulf/0.0.0
Q6ZDX3	v6	https://alphafold.ebi.ac.uk/files/AF-Q6ZDX3-F1-model_v6.pdb	../raw/alphafold/AF-Q6ZDX3-F1-model.pdb	2026-07-23T04:18:25.138067+00:00	533708	fc89283cb7d7aec9093362b00d9abd65bb2f7b737aace5be24daac4caec53522	plantpersulf/0.0.0
Q6ZF30	v6	https://alphafold.ebi.ac.uk/files/AF-Q6ZF30-F1-model_v6.pdb	../raw/alphafold/AF-Q6ZF30-F1-model.pdb	2026-07-23T04:18:28.272869+00:00	170504	2d66fb55e70d41c3ccbce5fed339ad38f4b76a99eb3099459fc090fd34fb7afe	plantpersulf/0.0.0
Q6ZFI6	v6	https://alphafold.ebi.ac.uk/files/AF-Q6ZFI6-F1-model_v6.pdb	../raw/alphafold/AF-Q6ZFI6-F1-model.pdb	2026-07-23T04:18:31.539499+00:00	259604	352587ab5fcb451df0f03460d93b975855f3d332e316e2dac1f198abadbac4af	plantpersulf/0.0.0
Q6ZFT5	v6	https://alphafold.ebi.ac.uk/files/AF-Q6ZFT5-F1-model_v6.pdb	../raw/alphafold/AF-Q6ZFT5-F1-model.pdb	2026-07-23T04:18:34.451398+00:00	212867	58f02b61d76778cb396f2439858c53c635f0cc2132675173cb0bf97cf05e4d91	plantpersulf/0.0.0
Q6ZFT6	v6	https://alphafold.ebi.ac.uk/files/AF-Q6ZFT6-F1-model_v6.pdb	../raw/alphafold/AF-Q6ZFT6-F1-model.pdb	2026-07-23T04:18:37.975291+00:00	458864	4bc0234c63afef764b63bc6f665c34cbde00a34057c6d37c1180db5b545227e6	plantpersulf/0.0.0
Q6ZFT9	v6	https://alphafold.ebi.ac.uk/files/AF-Q6ZFT9-F1-model_v6.pdb	../raw/alphafold/AF-Q6ZFT9-F1-model.pdb	2026-07-23T04:18:41.329098+00:00	389285	8eb708749fbff67d07d733389a17bfaa8271d083ae808bfaa7aeb0115c7fd5f0	plantpersulf/0.0.0
Q6ZFU6	v6	https://alphafold.ebi.ac.uk/files/AF-Q6ZFU6-F1-model_v6.pdb	../raw/alphafold/AF-Q6ZFU6-F1-model.pdb	2026-07-23T04:18:44.460475+00:00	203795	9df1cd83cf2273f4e0325e49985b2a87c91e6195b38843d62cfd6298754a21cb	plantpersulf/0.0.0
Q6ZFV7	v6	https://alphafold.ebi.ac.uk/files/AF-Q6ZFV7-F1-model_v6.pdb	../raw/alphafold/AF-Q6ZFV7-F1-model.pdb	2026-07-23T04:18:47.525494+00:00	211652	8e5ff5f82b1c61fd729770754097eb73524c436dbb3ee7d65aa97ed7642462e8	plantpersulf/0.0.0
Q6ZG77	v6	https://alphafold.ebi.ac.uk/files/AF-Q6ZG77-F1-model_v6.pdb	../raw/alphafold/AF-Q6ZG77-F1-model.pdb	2026-07-23T04:18:50.441035+00:00	310148	1603f2b9017ddbfafbc3fd7e053b9e33eab471bf5e6874d2ebad30912f25b6dc	plantpersulf/0.0.0
Q6ZGS9	v6	https://alphafold.ebi.ac.uk/files/AF-Q6ZGS9-F1-model_v6.pdb	../raw/alphafold/AF-Q6ZGS9-F1-model.pdb	2026-07-23T04:18:53.588277+00:00	284228	9d0b1493f6ef8262737135b7f53e08596fa16140c36b9a211ab6903d8d95c0bd	plantpersulf/0.0.0
Q6ZGV8	v6	https://alphafold.ebi.ac.uk/files/AF-Q6ZGV8-F1-model_v6.pdb	../raw/alphafold/AF-Q6ZGV8-F1-model.pdb	2026-07-23T04:18:57.288027+00:00	887192	515c4fcdc71409f917a83299b4f47e468660e3148895bf4fc445159f41209e7c	plantpersulf/0.0.0
Q6ZGV9	v6	https://alphafold.ebi.ac.uk/files/AF-Q6ZGV9-F1-model_v6.pdb	../raw/alphafold/AF-Q6ZGV9-F1-model.pdb	2026-07-23T04:19:00.065607+00:00	94364	03cfd6e51a3fff894256040ab22af09ae90bf8a214818d2de6dd18be74394055	plantpersulf/0.0.0
Q6ZH98	v6	https://alphafold.ebi.ac.uk/files/AF-Q6ZH98-F1-model_v6.pdb	../raw/alphafold/AF-Q6ZH98-F1-model.pdb	2026-07-23T04:19:02.976614+00:00	109349	db6eb6ba441a05049229e0636a785cc2c91b2a8d7178084101b7466c28fd6648	plantpersulf/0.0.0
Q6ZHC3	v6	https://alphafold.ebi.ac.uk/files/AF-Q6ZHC3-F1-model_v6.pdb	../raw/alphafold/AF-Q6ZHC3-F1-model.pdb	2026-07-23T04:19:05.961130+00:00	353888	de4838b25948a4c831ab30a2d831de611bc7ab241b14fc6cd6092d8bcb9fc091	plantpersulf/0.0.0
Q6ZI53	v6	https://alphafold.ebi.ac.uk/files/AF-Q6ZI53-F1-model_v6.pdb	../raw/alphafold/AF-Q6ZI53-F1-model.pdb	2026-07-23T04:19:09.720151+00:00	292895	8fea228249fbaf5d4c9940e0fc92a4e5b92443ef317c37146076d525418247d8	plantpersulf/0.0.0
Q6ZI95	v6	https://alphafold.ebi.ac.uk/files/AF-Q6ZI95-F1-model_v6.pdb	../raw/alphafold/AF-Q6ZI95-F1-model.pdb	2026-07-23T04:19:11.937415+00:00	408239	cb7fa8ef487a5a44237d50aabc9040f1a00918282d1ded739197494b068605bb	plantpersulf/0.0.0
Q6ZJ08	v6	https://alphafold.ebi.ac.uk/files/AF-Q6ZJ08-F1-model_v6.pdb	../raw/alphafold/AF-Q6ZJ08-F1-model.pdb	2026-07-23T04:19:15.232533+00:00	274022	460dcf2085fa92d0875d7875f8637048c274049ac6ddf16c775b1fdc7900c47a	plantpersulf/0.0.0
Q6ZL37	v6	https://alphafold.ebi.ac.uk/files/AF-Q6ZL37-F1-model_v6.pdb	../raw/alphafold/AF-Q6ZL37-F1-model.pdb	2026-07-23T04:19:18.819958+00:00	707858	34274e1df3c020d08bf50290851df9f765f2b238a5aa323e27c8a38e255e97f1	plantpersulf/0.0.0
Q6ZL95	v6	https://alphafold.ebi.ac.uk/files/AF-Q6ZL95-F1-model_v6.pdb	../raw/alphafold/AF-Q6ZL95-F1-model.pdb	2026-07-23T04:19:21.722897+00:00	167426	50380da8fe333ee4e3f45d79c9627f4c424c2ea2506d8f65b4fb93ea635c88bf	plantpersulf/0.0.0
Q6ZLB8	v6	https://alphafold.ebi.ac.uk/files/AF-Q6ZLB8-F1-model_v6.pdb	../raw/alphafold/AF-Q6ZLB8-F1-model.pdb	2026-07-23T04:19:25.091300+00:00	261710	1fd76484db81fb34a92c19d45413647d801d6eca8badaef7f793114e17aea3f3	plantpersulf/0.0.0
Q6ZY51	v6	https://alphafold.ebi.ac.uk/files/AF-Q6ZY51-F1-model_v6.pdb	../raw/alphafold/AF-Q6ZY51-F1-model.pdb	2026-07-23T04:19:28.946666+00:00	758888	e98e4b5eed2be8911fda463c92d35474f71d9b145527d6c3a78c049cc8e2900d	plantpersulf/0.0.0
Q70G58	v6	https://alphafold.ebi.ac.uk/files/AF-Q70G58-F1-model_v6.pdb	../raw/alphafold/AF-Q70G58-F1-model.pdb	2026-07-23T04:19:32.316475+00:00	326915	d66b12c35ba802008002dfcc7ac84e4d14e6b0a3e24c0519f946f0bfdf17d4cb	plantpersulf/0.0.0
Q710E8	v6	https://alphafold.ebi.ac.uk/files/AF-Q710E8-F1-model_v6.pdb	../raw/alphafold/AF-Q710E8-F1-model.pdb	2026-07-23T04:19:35.779509+00:00	531116	adbeb97d3974a670b054a1f3adf8dd08e5daa0a7466558cd169c0fec4e368742	plantpersulf/0.0.0
Q75GE8	v6	https://alphafold.ebi.ac.uk/files/AF-Q75GE8-F1-model_v6.pdb	../raw/alphafold/AF-Q75GE8-F1-model.pdb	2026-07-23T04:19:39.289647+00:00	352349	7d9df05fbb0fcb5049d3d2abe43c42d1edfaac28413767157189c75aabb284ad	plantpersulf/0.0.0
Q75HX3	v6	https://alphafold.ebi.ac.uk/files/AF-Q75HX3-F1-model_v6.pdb	../raw/alphafold/AF-Q75HX3-F1-model.pdb	2026-07-23T04:19:42.059544+00:00	150659	f65933108d85d3ce3406de29f4902fbb3f8b1c5db79cb9c8c1a25fd795666cf8	plantpersulf/0.0.0
Q75I67	v6	https://alphafold.ebi.ac.uk/files/AF-Q75I67-F1-model_v6.pdb	../raw/alphafold/AF-Q75I67-F1-model.pdb	2026-07-23T04:19:45.821805+00:00	672866	3a44fe0dac2293bfbad8d66bdd154d961891cb5c10e6f0e54e3ffc0787fa3032	plantpersulf/0.0.0
Q75II5	v6	https://alphafold.ebi.ac.uk/files/AF-Q75II5-F1-model_v6.pdb	../raw/alphafold/AF-Q75II5-F1-model.pdb	2026-07-23T04:19:48.933268+00:00	217322	e4d3025e949ce91c4bc2a11d07a7e832bb7a907fba2ef7f2ff31f474c5888f22	plantpersulf/0.0.0
Q75II7	v6	https://alphafold.ebi.ac.uk/files/AF-Q75II7-F1-model_v6.pdb	../raw/alphafold/AF-Q75II7-F1-model.pdb	2026-07-23T04:19:52.490696+00:00	582146	9a096bb38e0e091b1d3f38337dded776e8a03c1f5ee0e464f6eaaed6cdc9f0b5	plantpersulf/0.0.0
Q75IM9	v6	https://alphafold.ebi.ac.uk/files/AF-Q75IM9-F1-model_v6.pdb	../raw/alphafold/AF-Q75IM9-F1-model.pdb	2026-07-23T04:19:55.872632+00:00	259280	537affb7dfb98b0f9336a089de813e9e9c9f6c4008f435173edc549562fd3374	plantpersulf/0.0.0
Q75IQ4	v6	https://alphafold.ebi.ac.uk/files/AF-Q75IQ4-F1-model_v6.pdb	../raw/alphafold/AF-Q75IQ4-F1-model.pdb	2026-07-23T04:19:59.037112+00:00	143936	97d517a3b2d30b1a992249f1ae199b183e29ecfed8bbc87b770d6b9fb7c71ada	plantpersulf/0.0.0
Q75IR2	v6	https://alphafold.ebi.ac.uk/files/AF-Q75IR2-F1-model_v6.pdb	../raw/alphafold/AF-Q75IR2-F1-model.pdb	2026-07-23T04:20:02.265232+00:00	271430	f1b0a294d0504d2b6ad2ee47f79e36435f224ac6555491d79de9a86824d2df55	plantpersulf/0.0.0
Q75KD7	v6	https://alphafold.ebi.ac.uk/files/AF-Q75KD7-F1-model_v6.pdb	../raw/alphafold/AF-Q75KD7-F1-model.pdb	2026-07-23T04:20:05.709304+00:00	154628	16a9f9927a27aa4b7e9ba592345268d7acdee929a714b0404c204fda26947228	plantpersulf/0.0.0
Q75LR5	v6	https://alphafold.ebi.ac.uk/files/AF-Q75LR5-F1-model_v6.pdb	../raw/alphafold/AF-Q75LR5-F1-model.pdb	2026-07-23T04:20:08.843429+00:00	164996	3600e9d1a077f6f6f72c61f024ab1def19ef557181f05d025964ed1135d17c50	plantpersulf/0.0.0
Q75M01	v6	https://alphafold.ebi.ac.uk/files/AF-Q75M01-F1-model_v6.pdb	../raw/alphafold/AF-Q75M01-F1-model.pdb	2026-07-23T04:20:11.849062+00:00	107405	f6175512e1a1c3267855cf79216442dcc847917fc6d65bd5f02c83767cb06874	plantpersulf/0.0.0
Q75M18	v6	https://alphafold.ebi.ac.uk/files/AF-Q75M18-F1-model_v6.pdb	../raw/alphafold/AF-Q75M18-F1-model.pdb	2026-07-23T04:20:15.518823+00:00	697004	504ea6e28626cb0174a477e7b2652c3ef8b125a90c54077abe37d8157c9d3593	plantpersulf/0.0.0
Q75QN6	v6	https://alphafold.ebi.ac.uk/files/AF-Q75QN6-F1-model_v6.pdb	../raw/alphafold/AF-Q75QN6-F1-model.pdb	2026-07-23T04:20:19.075183+00:00	602396	a5d7a5d27d28f698807567dbdb5f0eb2cfc3cd87c24a1965e4f1f4e6314e25bd	plantpersulf/0.0.0
Q76BW5	v6	https://alphafold.ebi.ac.uk/files/AF-Q76BW5-F1-model_v6.pdb	../raw/alphafold/AF-Q76BW5-F1-model.pdb	2026-07-23T04:20:22.351016+00:00	189782	feea89712383747f1ebd455da5fb23a8cdf592076df90a7c08569901dcfeb687	plantpersulf/0.0.0
Q76E42	v6	https://alphafold.ebi.ac.uk/files/AF-Q76E42-F1-model_v6.pdb	../raw/alphafold/AF-Q76E42-F1-model.pdb	2026-07-23T04:20:25.659230+00:00	396818	f9fecbac682220de473958a6af55c8a55dfbf5550aeaa42113828c0eab5d3863	plantpersulf/0.0.0
Q7F1U0	v6	https://alphafold.ebi.ac.uk/files/AF-Q7F1U0-F1-model_v6.pdb	../raw/alphafold/AF-Q7F1U0-F1-model.pdb	2026-07-23T04:20:28.679160+00:00	192212	4069444f6f562f73ca5111f8169879aca4876afb1e7e4724bc2ca0bcba405c07	plantpersulf/0.0.0
Q7F280	v6	https://alphafold.ebi.ac.uk/files/AF-Q7F280-F1-model_v6.pdb	../raw/alphafold/AF-Q7F280-F1-model.pdb	2026-07-23T04:20:31.864120+00:00	269324	04527a29f3f26aa1b32925a75fb56c71a96ba85c0379eb3c788f0b1ed7a78c9b	plantpersulf/0.0.0
Q7F8R5	v6	https://alphafold.ebi.ac.uk/files/AF-Q7F8R5-F1-model_v6.pdb	../raw/alphafold/AF-Q7F8R5-F1-model.pdb	2026-07-23T04:20:35.143222+00:00	136565	08942a9a1a41090b72f96f19b9f8c871709b97874313695bb35b1ae12152251d	plantpersulf/0.0.0
Q7FAH2	v6	https://alphafold.ebi.ac.uk/files/AF-Q7FAH2-F1-model_v6.pdb	../raw/alphafold/AF-Q7FAH2-F1-model.pdb	2026-07-23T04:20:38.271109+00:00	215783	441e73c164779c680f7f5a8c8e1305d1a1b5a33eb83fb900692e6d8b36737d09	plantpersulf/0.0.0
Q7FAS1	v6	https://alphafold.ebi.ac.uk/files/AF-Q7FAS1-F1-model_v6.pdb	../raw/alphafold/AF-Q7FAS1-F1-model.pdb	2026-07-23T04:20:40.339416+00:00	236762	32db1bf680100e3f40d120eb325a7836114e9fe313fa5d69ffe582a313a9530d	plantpersulf/0.0.0
Q7G2B5	v6	https://alphafold.ebi.ac.uk/files/AF-Q7G2B5-F1-model_v6.pdb	../raw/alphafold/AF-Q7G2B5-F1-model.pdb	2026-07-23T04:20:42.805145+00:00	56699	c6a86995df8d2624aefd682fd3fd8c19412e7191cf03286d7f68c3b80c338d92	plantpersulf/0.0.0
Q7GCH3	v6	https://alphafold.ebi.ac.uk/files/AF-Q7GCH3-F1-model_v6.pdb	../raw/alphafold/AF-Q7GCH3-F1-model.pdb	2026-07-23T04:20:46.197038+00:00	274427	3013f8a4bdf7ec0c924119d343cecfdd344750359141e2f27fbb3399f7a64034	plantpersulf/0.0.0
Q7GD79	v6	https://alphafold.ebi.ac.uk/files/AF-Q7GD79-F1-model_v6.pdb	../raw/alphafold/AF-Q7GD79-F1-model.pdb	2026-07-23T04:20:49.018555+00:00	148310	bd72a7c350ef37febe748fdd897bd8ca51da08b7d4290083c9c75132530985b3	plantpersulf/0.0.0
Q7PC79	v6	https://alphafold.ebi.ac.uk/files/AF-Q7PC79-F1-model_v6.pdb	../raw/alphafold/AF-Q7PC79-F1-model.pdb	2026-07-23T04:20:52.831999+00:00	643787	6aaa9b82f4027e921699fe5cf221b02b98348f0232aa129da20af4e3256bb8e7	plantpersulf/0.0.0
Q7X6F6	v6	https://alphafold.ebi.ac.uk/files/AF-Q7X6F6-F1-model_v6.pdb	../raw/alphafold/AF-Q7X6F6-F1-model.pdb	2026-07-23T04:20:56.310918+00:00	469637	b82d64eb45fd4150b9bccc304482c5bd998b8a4653561c7c900dc5aafd7ae700	plantpersulf/0.0.0
Q7X7H3	v6	https://alphafold.ebi.ac.uk/files/AF-Q7X7H3-F1-model_v6.pdb	../raw/alphafold/AF-Q7X7H3-F1-model.pdb	2026-07-23T04:20:59.633919+00:00	231092	5f5d77a86a258c505104ff47ae8030a25a335712b4342e5572f64dd4fa2f51ec	plantpersulf/0.0.0
Q7X7Y5	v6	https://alphafold.ebi.ac.uk/files/AF-Q7X7Y5-F1-model_v6.pdb	../raw/alphafold/AF-Q7X7Y5-F1-model.pdb	2026-07-23T04:21:03.141183+00:00	328697	8f1da510d871b8f6e5bede0ca5e1e9063259078ebca08f68b4ddd5bb25cd8e3e	plantpersulf/0.0.0
Q7XAM2	v6	https://alphafold.ebi.ac.uk/files/AF-Q7XAM2-F1-model_v6.pdb	../raw/alphafold/AF-Q7XAM2-F1-model.pdb	2026-07-23T04:21:07.462694+00:00	399410	3c4691fc2c2eb2b9e52915e38e663c7bf7c58febc14ad37f022ea5ed4b75c746	plantpersulf/0.0.0
Q7XB43	v6	https://alphafold.ebi.ac.uk/files/AF-Q7XB43-F1-model_v6.pdb	../raw/alphafold/AF-Q7XB43-F1-model.pdb	2026-07-23T04:21:10.646703+00:00	266894	aae9504762669497a790f2b52655517c75cd0bb71772214076856f128ac1990e	plantpersulf/0.0.0
Q7XBA6	v6	https://alphafold.ebi.ac.uk/files/AF-Q7XBA6-F1-model_v6.pdb	../raw/alphafold/AF-Q7XBA6-F1-model.pdb	2026-07-23T04:21:13.370707+00:00	68282	aaabdb20e0e8bb82b3817eccff7cdf31220afe905994e8c11ab76aae46032183	plantpersulf/0.0.0
Q7XBY6	v6	https://alphafold.ebi.ac.uk/files/AF-Q7XBY6-F1-model_v6.pdb	../raw/alphafold/AF-Q7XBY6-F1-model.pdb	2026-07-23T04:21:16.137398+00:00	137051	160b10ecef58a7156af6c690c8ca6c252c855d8906908b3bba3727a317e0f981	plantpersulf/0.0.0
Q7XCK6	v6	https://alphafold.ebi.ac.uk/files/AF-Q7XCK6-F1-model_v6.pdb	../raw/alphafold/AF-Q7XCK6-F1-model.pdb	2026-07-23T04:21:19.151912+00:00	162647	d56bcb5affa448c111c9bd5cda7cf11099269a56bf35a9f76021e5073d565478	plantpersulf/0.0.0
Q7XCY0	v6	https://alphafold.ebi.ac.uk/files/AF-Q7XCY0-F1-model_v6.pdb	../raw/alphafold/AF-Q7XCY0-F1-model.pdb	2026-07-23T04:21:22.415160+00:00	325862	e1b52279566b1c3a8fa60fcc4ea1b2fff5ca79ca473ff381acd877b043827472	plantpersulf/0.0.0
Q7XHN5	v6	https://alphafold.ebi.ac.uk/files/AF-Q7XHN5-F1-model_v6.pdb	../raw/alphafold/AF-Q7XHN5-F1-model.pdb	2026-07-23T04:21:25.286747+00:00	256283	a480c1be769eae54282d2fea48cb19f112fa00ef015c9205d31f9b1d7862761f	plantpersulf/0.0.0
Q7XHQ8	v6	https://alphafold.ebi.ac.uk/files/AF-Q7XHQ8-F1-model_v6.pdb	../raw/alphafold/AF-Q7XHQ8-F1-model.pdb	2026-07-23T04:21:28.374995+00:00	170909	9bee81495cdf6d512a5ae6ad056311457a5523dfcdbfcb2ef21d56cc01fdbd96	plantpersulf/0.0.0
Q7XI34	v6	https://alphafold.ebi.ac.uk/files/AF-Q7XI34-F1-model_v6.pdb	../raw/alphafold/AF-Q7XI34-F1-model.pdb	2026-07-23T04:21:31.607803+00:00	289088	d7df9a2da014f9ac78d1a20482ad681c8c189e7573a41ab0709d27d19a2b95a2	plantpersulf/0.0.0
Q7XI89	v6	https://alphafold.ebi.ac.uk/files/AF-Q7XI89-F1-model_v6.pdb	../raw/alphafold/AF-Q7XI89-F1-model.pdb	2026-07-23T04:21:35.162399+00:00	426950	3ba191dc273f5814ece8b09731c241990ea2be9691b71f9577d1b975e1a4a686	plantpersulf/0.0.0
Q7XIH2	v6	https://alphafold.ebi.ac.uk/files/AF-Q7XIH2-F1-model_v6.pdb	../raw/alphafold/AF-Q7XIH2-F1-model.pdb	2026-07-23T04:21:38.714182+00:00	656666	5b17bd67bd1bd3a9074a456560e403bbaebf77ffda7c3ee7dadbe170e8a9f6dc	plantpersulf/0.0.0
Q7XIK5	v6	https://alphafold.ebi.ac.uk/files/AF-Q7XIK5-F1-model_v6.pdb	../raw/alphafold/AF-Q7XIK5-F1-model.pdb	2026-07-23T04:21:41.730737+00:00	106676	7d1462254fbdb5ce938f1b539f5b8aa5cb1bcb0c3f6cd1b1191f64ee8139674b	plantpersulf/0.0.0
Q7XKF3	v6	https://alphafold.ebi.ac.uk/files/AF-Q7XKF3-F1-model_v6.pdb	../raw/alphafold/AF-Q7XKF3-F1-model.pdb	2026-07-23T04:21:44.890217+00:00	240974	d2561008c93df62443dd0039fde5c249f1f039dcdac3d7caaa1a88380b6def0f	plantpersulf/0.0.0
Q7XKV4	v6	https://alphafold.ebi.ac.uk/files/AF-Q7XKV4-F1-model_v6.pdb	../raw/alphafold/AF-Q7XKV4-F1-model.pdb	2026-07-23T04:21:48.147123+00:00	336878	0cbd747b31f5346177a2f3a7bd549da6575558837ac569411e87da4866e99792	plantpersulf/0.0.0
Q7XMQ4	v6	https://alphafold.ebi.ac.uk/files/AF-Q7XMQ4-F1-model_v6.pdb	../raw/alphafold/AF-Q7XMQ4-F1-model.pdb	2026-07-23T04:21:51.218593+00:00	199259	a1b156ccd6f0076e1b982822e4daf8764f6ff3c958959cbad33e6f3667aae04e	plantpersulf/0.0.0
Q7XPU1	v6	https://alphafold.ebi.ac.uk/files/AF-Q7XPU1-F1-model_v6.pdb	../raw/alphafold/AF-Q7XPU1-F1-model.pdb	2026-07-23T04:21:54.165198+00:00	131462	dd7ad31f3d02bd16d8a45e58c9dd6b6e2b206409ea0b890d1469ce6750d39377	plantpersulf/0.0.0
Q7XPW5	v6	https://alphafold.ebi.ac.uk/files/AF-Q7XPW5-F1-model_v6.pdb	../raw/alphafold/AF-Q7XPW5-F1-model.pdb	2026-07-23T04:21:57.352214+00:00	166292	6f7b2b738a72edfd47c7a0383cc0daf7215fec13d9d303dba5b489449c845a35	plantpersulf/0.0.0
Q7XPZ2	v6	https://alphafold.ebi.ac.uk/files/AF-Q7XPZ2-F1-model_v6.pdb	../raw/alphafold/AF-Q7XPZ2-F1-model.pdb	2026-07-23T04:22:00.687064+00:00	397790	eda8890f1abf3f729bf5d16c1a5fcb47d8f186c4ead37e8204a4e682c14cb58b	plantpersulf/0.0.0
Q7XQU7	v6	https://alphafold.ebi.ac.uk/files/AF-Q7XQU7-F1-model_v6.pdb	../raw/alphafold/AF-Q7XQU7-F1-model.pdb	2026-07-23T04:22:03.795457+00:00	182087	1a08dfc2d6d322b7942a0e7a6b84a9c6036cf885af1eab835589214d9955a28e	plantpersulf/0.0.0
Q7XR61	v6	https://alphafold.ebi.ac.uk/files/AF-Q7XR61-F1-model_v6.pdb	../raw/alphafold/AF-Q7XR61-F1-model.pdb	2026-07-23T04:22:07.129958+00:00	282608	e4e90f7390a889d1f76933c58c0a3f52116a49c4d2bf2f5c4524cdab7ca80ab7	plantpersulf/0.0.0
Q7XRB6	v6	https://alphafold.ebi.ac.uk/files/AF-Q7XRB6-F1-model_v6.pdb	../raw/alphafold/AF-Q7XRB6-F1-model.pdb	2026-07-23T04:22:10.307631+00:00	281312	4372766f46c555fafe764cdf1881fd10f48bbb2c903343a6c766ef9d6bab884c	plantpersulf/0.0.0
Q7XRE7	v6	https://alphafold.ebi.ac.uk/files/AF-Q7XRE7-F1-model_v6.pdb	../raw/alphafold/AF-Q7XRE7-F1-model.pdb	2026-07-23T04:22:13.354735+00:00	121661	ffb6355e7559ce4ac53c4a548740760b3419a6191a8583b8bf4f87295d2c6ad2	plantpersulf/0.0.0
Q7XSU7	v6	https://alphafold.ebi.ac.uk/files/AF-Q7XSU7-F1-model_v6.pdb	../raw/alphafold/AF-Q7XSU7-F1-model.pdb	2026-07-23T04:22:16.562217+00:00	218051	0098733a708555350755f938b869c9af5ab73e15c9e3bc4aa597254f105bf8d5	plantpersulf/0.0.0
Q7XSU8	v6	https://alphafold.ebi.ac.uk/files/AF-Q7XSU8-F1-model_v6.pdb	../raw/alphafold/AF-Q7XSU8-F1-model.pdb	2026-07-23T04:22:19.736819+00:00	206306	c7ebd278485780049cdb57dc019ee18bc24670e1aa7618c3baea114c8bece18c	plantpersulf/0.0.0
Q7XSV2	v6	https://alphafold.ebi.ac.uk/files/AF-Q7XSV2-F1-model_v6.pdb	../raw/alphafold/AF-Q7XSV2-F1-model.pdb	2026-07-23T04:22:22.419312+00:00	216431	f98935f1ab1be3ed893459c8bae7c78e910e0a2f0679cc3a540e4b744f3b965c	plantpersulf/0.0.0
Q7XSZ0	v6	https://alphafold.ebi.ac.uk/files/AF-Q7XSZ0-F1-model_v6.pdb	../raw/alphafold/AF-Q7XSZ0-F1-model.pdb	2026-07-23T04:22:25.004915+00:00	320435	f09fbc0fdf335791b3c1c5c4516d691407253db30360d668425632c27e3a65e2	plantpersulf/0.0.0
Q7XT99	v6	https://alphafold.ebi.ac.uk/files/AF-Q7XT99-F1-model_v6.pdb	../raw/alphafold/AF-Q7XT99-F1-model.pdb	2026-07-23T04:22:28.064239+00:00	223802	6339ac009558828ceb25d9837330aaf36406c0ba5380ab81a9eb26271c73e7c2	plantpersulf/0.0.0
Q7XTJ3	v6	https://alphafold.ebi.ac.uk/files/AF-Q7XTJ3-F1-model_v6.pdb	../raw/alphafold/AF-Q7XTJ3-F1-model.pdb	2026-07-23T04:22:31.406483+00:00	269486	1500e7a1c1821b02944811d1eaf0ccdaf9aad520c6dee50fa8e0b1ddbcf8c934	plantpersulf/0.0.0
Q7XTK1	v6	https://alphafold.ebi.ac.uk/files/AF-Q7XTK1-F1-model_v6.pdb	../raw/alphafold/AF-Q7XTK1-F1-model.pdb	2026-07-23T04:22:35.014574+00:00	541970	921d0daf1bc3fee798711e7649d56642c0d536d278a5f8ab63abc57c01a84ad0	plantpersulf/0.0.0
Q7XTM8	v6	https://alphafold.ebi.ac.uk/files/AF-Q7XTM8-F1-model_v6.pdb	../raw/alphafold/AF-Q7XTM8-F1-model.pdb	2026-07-23T04:22:38.294113+00:00	249884	91486769f20d8087f88f65bf16a0e5db4974cc55b70a9a6a1d8097c9d0e00fd1	plantpersulf/0.0.0
Q7XU28	v6	https://alphafold.ebi.ac.uk/files/AF-Q7XU28-F1-model_v6.pdb	../raw/alphafold/AF-Q7XU28-F1-model.pdb	2026-07-23T04:22:41.473537+00:00	205820	b302fcc9666991b12821260299323c014e13d82c23ce01b0768386f1e43bf2d4	plantpersulf/0.0.0
Q7XUG1	v6	https://alphafold.ebi.ac.uk/files/AF-Q7XUG1-F1-model_v6.pdb	../raw/alphafold/AF-Q7XUG1-F1-model.pdb	2026-07-23T04:22:44.960927+00:00	365066	6ac0bd4520317a22886595377932940f07dd6211f355f6f0db4409ba78359c50	plantpersulf/0.0.0
Q7XUP7	v6	https://alphafold.ebi.ac.uk/files/AF-Q7XUP7-F1-model_v6.pdb	../raw/alphafold/AF-Q7XUP7-F1-model.pdb	2026-07-23T04:22:47.060948+00:00	124091	c81a951ebaf0586b7d5ad6b5b81d261fbdc618f3eee1fdc9c1e0147e465d41f9	plantpersulf/0.0.0
Q7XUT1	v6	https://alphafold.ebi.ac.uk/files/AF-Q7XUT1-F1-model_v6.pdb	../raw/alphafold/AF-Q7XUT1-F1-model.pdb	2026-07-23T04:22:49.662338+00:00	183707	28ef77f9bb4662299c31bba19c9eceb4a1165d6cb5dd2ef93647f55e6e99fb38	plantpersulf/0.0.0
Q7XV63	v6	https://alphafold.ebi.ac.uk/files/AF-Q7XV63-F1-model_v6.pdb	../raw/alphafold/AF-Q7XV63-F1-model.pdb	2026-07-23T04:22:52.383418+00:00	96065	b6c259aff000eab23c219f3ebb7e0ffd1a228814099ee118d064694cdde99a7a	plantpersulf/0.0.0
Q7XVB9	v6	https://alphafold.ebi.ac.uk/files/AF-Q7XVB9-F1-model_v6.pdb	../raw/alphafold/AF-Q7XVB9-F1-model.pdb	2026-07-23T04:22:55.859549+00:00	441530	f4e9319cc5bdb98ba799ae83d94faf84e00a04f1774922ad101893abe0330e69	plantpersulf/0.0.0
Q7XVC4	v6	https://alphafold.ebi.ac.uk/files/AF-Q7XVC4-F1-model_v6.pdb	../raw/alphafold/AF-Q7XVC4-F1-model.pdb	2026-07-23T04:22:59.480933+00:00	619811	5376aa4c3f9647aecbffee6f5fa1b12458bd5b45ada0aaeed04e7cb433f39651	plantpersulf/0.0.0
Q7XVG7	v6	https://alphafold.ebi.ac.uk/files/AF-Q7XVG7-F1-model_v6.pdb	../raw/alphafold/AF-Q7XVG7-F1-model.pdb	2026-07-23T04:23:02.398400+00:00	95903	8e73c5d27b4689bc356645dc6478a7e85f9aee08bf5d4dcc2afd5604fd4a15a8	plantpersulf/0.0.0
Q7XVZ0	v6	https://alphafold.ebi.ac.uk/files/AF-Q7XVZ0-F1-model_v6.pdb	../raw/alphafold/AF-Q7XVZ0-F1-model.pdb	2026-07-23T04:23:04.811780+00:00	58400	72307c79d5c0a8d0dd2176ac1c2d2ebd2baf182477bbdea08fd70b7a685cd314	plantpersulf/0.0.0
Q7XW32	v6	https://alphafold.ebi.ac.uk/files/AF-Q7XW32-F1-model_v6.pdb	../raw/alphafold/AF-Q7XW32-F1-model.pdb	2026-07-23T04:23:08.017939+00:00	171476	75d14bcb752a51b59dfab1c2d6f9cbb09f4daac93cf75cdbb763140f789109b0	plantpersulf/0.0.0
Q7XWP1	v6	https://alphafold.ebi.ac.uk/files/AF-Q7XWP1-F1-model_v6.pdb	../raw/alphafold/AF-Q7XWP1-F1-model.pdb	2026-07-23T04:23:11.930991+00:00	914975	46d0f7fc0e42d257766050006021dc530fc7b86e12e0713354e0ee4e471a5577	plantpersulf/0.0.0
Q7XWZ6	v6	https://alphafold.ebi.ac.uk/files/AF-Q7XWZ6-F1-model_v6.pdb	../raw/alphafold/AF-Q7XWZ6-F1-model.pdb	2026-07-23T04:23:15.261514+00:00	342467	f9b5e00e7982fc1e73efeba5cd86fa8d04728a9c387a208d06c5e9cbeceff965	plantpersulf/0.0.0
Q7XXR0	v6	https://alphafold.ebi.ac.uk/files/AF-Q7XXR0-F1-model_v6.pdb	../raw/alphafold/AF-Q7XXR0-F1-model.pdb	2026-07-23T04:23:18.457651+00:00	156491	73036468d8d6c29679aa18d59306cd25fbc2552bada81dc7382fef5d1a09fa18	plantpersulf/0.0.0
Q7XXR3	v6	https://alphafold.ebi.ac.uk/files/AF-Q7XXR3-F1-model_v6.pdb	../raw/alphafold/AF-Q7XXR3-F1-model.pdb	2026-07-23T04:23:21.451681+00:00	171638	be1144a0e520221197750ac62e9b8788b10f3988549e66516d8e2088ac59e015	plantpersulf/0.0.0
Q7XZW5	v6	https://alphafold.ebi.ac.uk/files/AF-Q7XZW5-F1-model_v6.pdb	../raw/alphafold/AF-Q7XZW5-F1-model.pdb	2026-07-23T04:23:24.747267+00:00	216188	5a80224c398018b63b17a27b75f74f54f68a2aa2ec0f39a981d935facbed557f	plantpersulf/0.0.0
Q7XZX4	v6	https://alphafold.ebi.ac.uk/files/AF-Q7XZX4-F1-model_v6.pdb	../raw/alphafold/AF-Q7XZX4-F1-model.pdb	2026-07-23T04:23:27.426831+00:00	40580	4a3e135e58384a869b436cde1ac4c2e5f4cd731d5e121b86c8d14a74eaa0adf5	plantpersulf/0.0.0
Q7Y090	v6	https://alphafold.ebi.ac.uk/files/AF-Q7Y090-F1-model_v6.pdb	../raw/alphafold/AF-Q7Y090-F1-model.pdb	2026-07-23T04:23:30.785240+00:00	306017	f404f4eed4302698a12d35840b8284ca003259e41c3af618aa740ea8881c8f6f	plantpersulf/0.0.0
Q7Y1C5	v6	https://alphafold.ebi.ac.uk/files/AF-Q7Y1C5-F1-model_v6.pdb	../raw/alphafold/AF-Q7Y1C5-F1-model.pdb	2026-07-23T04:23:34.416354+00:00	732158	352502acfa64d6fa96e63ab16f68f163d5b8767fa14c1b485e0513942053d371	plantpersulf/0.0.0
Q7Y1Z0	v6	https://alphafold.ebi.ac.uk/files/AF-Q7Y1Z0-F1-model_v6.pdb	../raw/alphafold/AF-Q7Y1Z0-F1-model.pdb	2026-07-23T04:23:37.601058+00:00	178766	780019b8cda8e902cdc8829f74625fb91080f54451bb4264951e4409ac28ca11	plantpersulf/0.0.0
Q84J55	v6	https://alphafold.ebi.ac.uk/files/AF-Q84J55-F1-model_v6.pdb	../raw/alphafold/AF-Q84J55-F1-model.pdb	2026-07-23T04:23:40.834447+00:00	170342	36964c80f060f85c901ea1139a4cbf9427cd91b846584619a705bbe6af3f48ec	plantpersulf/0.0.0
Q84J99	v6	https://alphafold.ebi.ac.uk/files/AF-Q84J99-F1-model_v6.pdb	../raw/alphafold/AF-Q84J99-F1-model.pdb	2026-07-23T04:23:43.718927+00:00	106595	9ba5794d763518d19401464c1cd022045700f93204a879b3fbfd9009be02b80d	plantpersulf/0.0.0
Q84JJ2	v6	https://alphafold.ebi.ac.uk/files/AF-Q84JJ2-F1-model_v6.pdb	../raw/alphafold/AF-Q84JJ2-F1-model.pdb	2026-07-23T04:23:47.348900+00:00	451736	539e98459acf70e929409d79c8b14afd38f6294afa369758b38c2245d0767cfe	plantpersulf/0.0.0
Q84LK0	v6	https://alphafold.ebi.ac.uk/files/AF-Q84LK0-F1-model_v6.pdb	../raw/alphafold/AF-Q84LK0-F1-model.pdb	2026-07-23T04:23:50.989794+00:00	715472	223e79cde3ca035bbb3da8ce733aabf4ee1be8ad86e8cff3bdca4a0760d78e99	plantpersulf/0.0.0
Q84M43	v6	https://alphafold.ebi.ac.uk/files/AF-Q84M43-F1-model_v6.pdb	../raw/alphafold/AF-Q84M43-F1-model.pdb	2026-07-23T04:23:54.852635+00:00	699515	1bf0c7fc7076484234cfaec9382bcc7ceac717b6e3027d70d260f725e32b6040	plantpersulf/0.0.0
Q84MD1	v6	https://alphafold.ebi.ac.uk/files/AF-Q84MD1-F1-model_v6.pdb	../raw/alphafold/AF-Q84MD1-F1-model.pdb	2026-07-23T04:23:57.716704+00:00	64799	a7f0bb259f646c6c17e06b96ae373e74489d607b00c01277e659d5d9a678e58c	plantpersulf/0.0.0
Q84NN4	v6	https://alphafold.ebi.ac.uk/files/AF-Q84NN4-F1-model_v6.pdb	../raw/alphafold/AF-Q84NN4-F1-model.pdb	2026-07-23T04:24:00.950847+00:00	188405	1ca0d727d7c4ae08866e57d35ba0a2737ea5f0d6575415d1e89c73150fd7e635	plantpersulf/0.0.0
Q84PB3	v6	https://alphafold.ebi.ac.uk/files/AF-Q84PB3-F1-model_v6.pdb	../raw/alphafold/AF-Q84PB3-F1-model.pdb	2026-07-23T04:24:04.725112+00:00	503738	e97a80307d7b5e3af689e4b5a5b24b046ff28e3868e26cd9992798f4bb2105fc	plantpersulf/0.0.0
Q84PW3	v6	https://alphafold.ebi.ac.uk/files/AF-Q84PW3-F1-model_v6.pdb	../raw/alphafold/AF-Q84PW3-F1-model.pdb	2026-07-23T04:24:08.017504+00:00	308447	353f68d48cce599153c54f9a7f31383c74122b16f78d0fa1dd689d3abf7190de	plantpersulf/0.0.0
Q84S20	v6	https://alphafold.ebi.ac.uk/files/AF-Q84S20-F1-model_v6.pdb	../raw/alphafold/AF-Q84S20-F1-model.pdb	2026-07-23T04:24:11.310570+00:00	166292	1e426f5dae809c91f83e5ee01d864d4247d713e41e11e75c39bdcf30c5651d88	plantpersulf/0.0.0
Q84SZ6	v6	https://alphafold.ebi.ac.uk/files/AF-Q84SZ6-F1-model_v6.pdb	../raw/alphafold/AF-Q84SZ6-F1-model.pdb	2026-07-23T04:24:14.381615+00:00	519695	36949084cb1f1ab4197993f0634a10cc57a0af154f62f834c84600d4f86f36a3	plantpersulf/0.0.0
Q84TA3	v6	https://alphafold.ebi.ac.uk/files/AF-Q84TA3-F1-model_v6.pdb	../raw/alphafold/AF-Q84TA3-F1-model.pdb	2026-07-23T04:24:17.763665+00:00	394874	cf8a8fce3ff36a8b4db1a13a34e326e9bf07c1bd590ef1d8f207368ba3e45f42	plantpersulf/0.0.0
Q84TB3	v6	https://alphafold.ebi.ac.uk/files/AF-Q84TB3-F1-model_v6.pdb	../raw/alphafold/AF-Q84TB3-F1-model.pdb	2026-07-23T04:24:20.820523+00:00	95498	b9d91002b8c79178949f7c397dd094000305875bc391d6d631f1c3978eb2b22e	plantpersulf/0.0.0
Q84TB6	v6	https://alphafold.ebi.ac.uk/files/AF-Q84TB6-F1-model_v6.pdb	../raw/alphafold/AF-Q84TB6-F1-model.pdb	2026-07-23T04:24:23.630860+00:00	97037	e9a1fd6143ec11f44e32a58c93572af8287dbdf3d01976be498ae6d63fd781e1	plantpersulf/0.0.0
Q84TG1	v6	https://alphafold.ebi.ac.uk/files/AF-Q84TG1-F1-model_v6.pdb	../raw/alphafold/AF-Q84TG1-F1-model.pdb	2026-07-23T04:24:26.874342+00:00	354050	bfda9ad8695aab72db8164ba40f4c634de88c0e32661c1f2bf25704d05d425ba	plantpersulf/0.0.0
Q84U93	v6	https://alphafold.ebi.ac.uk/files/AF-Q84U93-F1-model_v6.pdb	../raw/alphafold/AF-Q84U93-F1-model.pdb	2026-07-23T04:24:29.825936+00:00	103598	5394d300640b890ebc1b48e375ed1fbbaeb011f6e12deeea582aab36ca274bac	plantpersulf/0.0.0
Q84UP7	v6	https://alphafold.ebi.ac.uk/files/AF-Q84UP7-F1-model_v6.pdb	../raw/alphafold/AF-Q84UP7-F1-model.pdb	2026-07-23T04:24:33.472354+00:00	612602	ee5e6ce6a2206fe0026f224ac4776461b5e5ce553f530167c15f17fac77513f9	plantpersulf/0.0.0
Q84UR8	v6	https://alphafold.ebi.ac.uk/files/AF-Q84UR8-F1-model_v6.pdb	../raw/alphafold/AF-Q84UR8-F1-model.pdb	2026-07-23T04:24:36.368091+00:00	111536	cac118f03448a5711cd02979d0ea9b3fde617905ee9072316dbabfb4052d9684	plantpersulf/0.0.0
Q84VB7	v6	https://alphafold.ebi.ac.uk/files/AF-Q84VB7-F1-model_v6.pdb	../raw/alphafold/AF-Q84VB7-F1-model.pdb	2026-07-23T04:24:39.228646+00:00	213272	a19b7de9881ab3c1af9171fb870993ca26b1a8e29e847ee10eb1de336d899669	plantpersulf/0.0.0
Q84VE1	v6	https://alphafold.ebi.ac.uk/files/AF-Q84VE1-F1-model_v6.pdb	../raw/alphafold/AF-Q84VE1-F1-model.pdb	2026-07-23T04:24:42.433381+00:00	308933	a9a5dfcdf2f6c7fc6bf60baa9c5b3c394d18e2480df9f606229814eae50ccba9	plantpersulf/0.0.0
Q84X54	v6	https://alphafold.ebi.ac.uk/files/AF-Q84X54-F1-model_v6.pdb	../raw/alphafold/AF-Q84X54-F1-model.pdb	2026-07-23T04:24:45.983682+00:00	425330	bcc496874796f06fe17df55e4e6fb3ae4cfdc863316483be6d6ab05199143617	plantpersulf/0.0.0
Q84ZB2	v6	https://alphafold.ebi.ac.uk/files/AF-Q84ZB2-F1-model_v6.pdb	../raw/alphafold/AF-Q84ZB2-F1-model.pdb	2026-07-23T04:24:49.448675+00:00	383615	f2690672b1db7909eada3330fbea262226f41bb85be6066b4fb7036cf7a17c4b	plantpersulf/0.0.0
Q84ZC0	v6	https://alphafold.ebi.ac.uk/files/AF-Q84ZC0-F1-model_v6.pdb	../raw/alphafold/AF-Q84ZC0-F1-model.pdb	2026-07-23T04:24:52.296966+00:00	299213	9070653a8127685964e2e6d4fe7be81e6b77dfef8ceda38e47018efc7e9c64db	plantpersulf/0.0.0
Q84ZN6	v6	https://alphafold.ebi.ac.uk/files/AF-Q84ZN6-F1-model_v6.pdb	../raw/alphafold/AF-Q84ZN6-F1-model.pdb	2026-07-23T04:24:56.740958+00:00	700406	118444bd54f3c0f6c44e18596b5d9baef02d6478012954dde45811337f962913	plantpersulf/0.0.0
Q84ZP1	v6	https://alphafold.ebi.ac.uk/files/AF-Q84ZP1-F1-model_v6.pdb	../raw/alphafold/AF-Q84ZP1-F1-model.pdb	2026-07-23T04:24:59.620915+00:00	89180	c514e291e0d957157ab02e5323a1752cc537b124f1e80d72bbd80cde62e75a83	plantpersulf/0.0.0
Q851K9	v6	https://alphafold.ebi.ac.uk/files/AF-Q851K9-F1-model_v6.pdb	../raw/alphafold/AF-Q851K9-F1-model.pdb	2026-07-23T04:25:03.245606+00:00	693197	96f7ac81e4df7081f988780d913894ded344a9b71e94d235bfe7c206cfe6b3c8	plantpersulf/0.0.0
Q851S7	v6	https://alphafold.ebi.ac.uk/files/AF-Q851S7-F1-model_v6.pdb	../raw/alphafold/AF-Q851S7-F1-model.pdb	2026-07-23T04:25:07.313397+00:00	403379	26217e1828aad3c5506bb2681e59bae0be62097261b0bf7ee03205197b4d86fc	plantpersulf/0.0.0
Q851W1	v6	https://alphafold.ebi.ac.uk/files/AF-Q851W1-F1-model_v6.pdb	../raw/alphafold/AF-Q851W1-F1-model.pdb	2026-07-23T04:25:10.780921+00:00	394226	c4f509993d03ad4a7e047c04fff0710cbcbd029a36901ad2640b0e7d18d2d512	plantpersulf/0.0.0
Q852Q0	v6	https://alphafold.ebi.ac.uk/files/AF-Q852Q0-F1-model_v6.pdb	../raw/alphafold/AF-Q852Q0-F1-model.pdb	2026-07-23T04:25:14.071230+00:00	339146	c86b58507dfbdfce2d8c18c8ac8accf7e2a22fe15c1807e8b037ee2adf94e265	plantpersulf/0.0.0
Q852Q2	v6	https://alphafold.ebi.ac.uk/files/AF-Q852Q2-F1-model_v6.pdb	../raw/alphafold/AF-Q852Q2-F1-model.pdb	2026-07-23T04:25:17.419937+00:00	335420	f5486353e137a55a777283be4563dfb814f022fa78b13a55ca2bb17dfd399dad	plantpersulf/0.0.0
Q8GRU7	v6	https://alphafold.ebi.ac.uk/files/AF-Q8GRU7-F1-model_v6.pdb	../raw/alphafold/AF-Q8GRU7-F1-model.pdb	2026-07-23T04:25:20.838193+00:00	359396	e6fe3df1466221c6afc87e844a76975a94ffb9169c242175adb3b6be9e3a753d	plantpersulf/0.0.0
Q8GRZ3	v6	https://alphafold.ebi.ac.uk/files/AF-Q8GRZ3-F1-model_v6.pdb	../raw/alphafold/AF-Q8GRZ3-F1-model.pdb	2026-07-23T04:25:23.917252+00:00	209141	974a976c15fdf2a37b5f30a163751c187bcfe87f6863949871992d8aac5aef5c	plantpersulf/0.0.0
Q8GSD8	v6	https://alphafold.ebi.ac.uk/files/AF-Q8GSD8-F1-model_v6.pdb	../raw/alphafold/AF-Q8GSD8-F1-model.pdb	2026-07-23T04:25:26.571955+00:00	63665	203e3e1e851f030d19aa52162de8773e5f46f9ff67dfaea16f54d8e5e9d4e4fc	plantpersulf/0.0.0
Q8GSE8	v6	https://alphafold.ebi.ac.uk/files/AF-Q8GSE8-F1-model_v6.pdb	../raw/alphafold/AF-Q8GSE8-F1-model.pdb	2026-07-23T04:25:29.975020+00:00	206144	b3b9b1abe1b5dfc766304419f100da872a80f24077affe871e5f715ff2d6235a	plantpersulf/0.0.0
Q8GT95	v6	https://alphafold.ebi.ac.uk/files/AF-Q8GT95-F1-model_v6.pdb	../raw/alphafold/AF-Q8GT95-F1-model.pdb	2026-07-23T04:25:33.248074+00:00	207683	195c2ae2fa2b69eaeb12fe1168bf6996cd32c35bb4fa6e6ce106e8029a836771	plantpersulf/0.0.0
Q8GTR4	v6	https://alphafold.ebi.ac.uk/files/AF-Q8GTR4-F1-model_v6.pdb	../raw/alphafold/AF-Q8GTR4-F1-model.pdb	2026-07-23T04:25:36.895668+00:00	621350	010abfaf4559db5e2f311dfb7773bec3861c0f75d46d81cf97b0b3990229123c	plantpersulf/0.0.0
Q8GUG7	v6	https://alphafold.ebi.ac.uk/files/AF-Q8GUG7-F1-model_v6.pdb	../raw/alphafold/AF-Q8GUG7-F1-model.pdb	2026-07-23T04:25:40.617998+00:00	506573	d113b680e988ecdd74029ecf8f9019f4fd1da7d20678a23e6193204bd81d6e01	plantpersulf/0.0.0
Q8GVF5	v6	https://alphafold.ebi.ac.uk/files/AF-Q8GVF5-F1-model_v6.pdb	../raw/alphafold/AF-Q8GVF5-F1-model.pdb	2026-07-23T04:25:43.659715+00:00	155195	66a4b15a3e13bd7faf3873ec0612d95d7bbb8311913f960af0eb194f070045e7	plantpersulf/0.0.0
Q8GVI0	v6	https://alphafold.ebi.ac.uk/files/AF-Q8GVI0-F1-model_v6.pdb	../raw/alphafold/AF-Q8GVI0-F1-model.pdb	2026-07-23T04:25:47.366075+00:00	298889	05aca62017ddd0885112fb24b6048cca3ff3bfc80430c0cbd0f75b64d67a8754	plantpersulf/0.0.0
Q8GW31	v6	https://alphafold.ebi.ac.uk/files/AF-Q8GW31-F1-model_v6.pdb	../raw/alphafold/AF-Q8GW31-F1-model.pdb	2026-07-23T04:25:50.640779+00:00	248021	5ffe5d74b0d34dacb4b302d7d6b96a433d7cce52e8fa15f1aab926d723c50a6c	plantpersulf/0.0.0
Q8GXC5	v6	https://alphafold.ebi.ac.uk/files/AF-Q8GXC5-F1-model_v6.pdb	../raw/alphafold/AF-Q8GXC5-F1-model.pdb	2026-07-23T04:25:53.747727+00:00	166292	103203c1c6bc3e2bde570dd15b26fd904b21620cf59d17a69b5df9b03805c15d	plantpersulf/0.0.0
Q8GY46	v6	https://alphafold.ebi.ac.uk/files/AF-Q8GY46-F1-model_v6.pdb	../raw/alphafold/AF-Q8GY46-F1-model.pdb	2026-07-23T04:25:58.437183+00:00	444608	95d14089fbec19514fd4c7a4aa881fe4f15b16361cff174a911948e200ff57e7	plantpersulf/0.0.0
Q8GYL9	v6	https://alphafold.ebi.ac.uk/files/AF-Q8GYL9-F1-model_v6.pdb	../raw/alphafold/AF-Q8GYL9-F1-model.pdb	2026-07-23T04:26:01.684069+00:00	244214	fad51a1bcaa2f64e9f1ca15f8c175c228ec98b1ea53754e650baab42537da42e	plantpersulf/0.0.0
Q8GYU4	v6	https://alphafold.ebi.ac.uk/files/AF-Q8GYU4-F1-model_v6.pdb	../raw/alphafold/AF-Q8GYU4-F1-model.pdb	2026-07-23T04:26:04.852891+00:00	158759	61ce0264bb681a1ed432acb1a1eb22572b196fa5456c2780c2391502607e472b	plantpersulf/0.0.0
Q8GYU6	v6	https://alphafold.ebi.ac.uk/files/AF-Q8GYU6-F1-model_v6.pdb	../raw/alphafold/AF-Q8GYU6-F1-model.pdb	2026-07-23T04:26:08.173200+00:00	397223	1188b468e10a63f4c3ce7843170a78da77292599837a51cc554c205c1b250ad3	plantpersulf/0.0.0
Q8GZ31	v6	https://alphafold.ebi.ac.uk/files/AF-Q8GZ31-F1-model_v6.pdb	../raw/alphafold/AF-Q8GZ31-F1-model.pdb	2026-07-23T04:26:11.602554+00:00	406376	0a2b2bf1fc02570b95cf87e8d1c4da7e72a9e1a589f1df03a50d845d8b926207	plantpersulf/0.0.0
Q8GZ85	v6	https://alphafold.ebi.ac.uk/files/AF-Q8GZ85-F1-model_v6.pdb	../raw/alphafold/AF-Q8GZ85-F1-model.pdb	2026-07-23T04:26:15.065397+00:00	399815	d282d459bd82cf3e8d9fc89cfdc1baf8b82529830a1b9197cf6a94bcd68faeef	plantpersulf/0.0.0
Q8GZA1	v6	https://alphafold.ebi.ac.uk/files/AF-Q8GZA1-F1-model_v6.pdb	../raw/alphafold/AF-Q8GZA1-F1-model.pdb	2026-07-23T04:26:18.505471+00:00	525203	ee0104a46ee9d049b7be4687a86d07efaeca1dbe5a583ec1c8030ce5beb98d81	plantpersulf/0.0.0
Q8H012	v6	https://alphafold.ebi.ac.uk/files/AF-Q8H012-F1-model_v6.pdb	../raw/alphafold/AF-Q8H012-F1-model.pdb	2026-07-23T04:26:21.959959+00:00	396656	c34e47fb29e73b748e2e28715eafe111558ba0834519120353c42a0b882afa96	plantpersulf/0.0.0
Q8H096	v6	https://alphafold.ebi.ac.uk/files/AF-Q8H096-F1-model_v6.pdb	../raw/alphafold/AF-Q8H096-F1-model.pdb	2026-07-23T04:26:25.277573+00:00	233765	5488bd004fc87d38311731997c13a1da08ce3941eca04c3b5a37b84840f5422c	plantpersulf/0.0.0
Q8H0Z6	v6	https://alphafold.ebi.ac.uk/files/AF-Q8H0Z6-F1-model_v6.pdb	../raw/alphafold/AF-Q8H0Z6-F1-model.pdb	2026-07-23T04:26:28.644092+00:00	434483	648e947d4104c95b4f3ad4c0509e3eece08fa8477993e5e1a07a7ca6bf804dae	plantpersulf/0.0.0
Q8H111	v6	https://alphafold.ebi.ac.uk/files/AF-Q8H111-F1-model_v6.pdb	../raw/alphafold/AF-Q8H111-F1-model.pdb	2026-07-23T04:26:32.281072+00:00	583685	37f4c1300c8d09a2383224a8f02f7d11fb4d73bbb47e152b1c0df1dcac987d2a	plantpersulf/0.0.0
Q8H1F4	v6	https://alphafold.ebi.ac.uk/files/AF-Q8H1F4-F1-model_v6.pdb	../raw/alphafold/AF-Q8H1F4-F1-model.pdb	2026-07-23T04:26:35.307829+00:00	118016	795e41ffbfa13841fefda7a6745a868b41133a275b6e158ed647ea2c9fe5fe52	plantpersulf/0.0.0
Q8H2J9	v6	https://alphafold.ebi.ac.uk/files/AF-Q8H2J9-F1-model_v6.pdb	../raw/alphafold/AF-Q8H2J9-F1-model.pdb	2026-07-23T04:26:38.602136+00:00	271916	51a5117e2db6cc228c93adddffa2572d9f560f372598b2115101c9ab3bea7972	plantpersulf/0.0.0
Q8H4V1	v6	https://alphafold.ebi.ac.uk/files/AF-Q8H4V1-F1-model_v6.pdb	../raw/alphafold/AF-Q8H4V1-F1-model.pdb	2026-07-23T04:26:42.297971+00:00	636821	4455ba6bfa4620376400938b9bc5fdaf31eed4f4a664b91adc39d7016ccd5b08	plantpersulf/0.0.0
Q8H5F0	v6	https://alphafold.ebi.ac.uk/files/AF-Q8H5F0-F1-model_v6.pdb	../raw/alphafold/AF-Q8H5F0-F1-model.pdb	2026-07-23T04:26:45.639248+00:00	383615	3640609e4f697e5cf90b7757ae9d19a2f0ba205ee2b605178318b10a86f994d0	plantpersulf/0.0.0
Q8H5T7	v6	https://alphafold.ebi.ac.uk/files/AF-Q8H5T7-F1-model_v6.pdb	../raw/alphafold/AF-Q8H5T7-F1-model.pdb	2026-07-23T04:26:48.967291+00:00	430190	a9e69943fc8af8b42630c5111ab6b31a5a262dac31f21f6e034eaa090718b543	plantpersulf/0.0.0
Q8H625	v6	https://alphafold.ebi.ac.uk/files/AF-Q8H625-F1-model_v6.pdb	../raw/alphafold/AF-Q8H625-F1-model.pdb	2026-07-23T04:26:52.083152+00:00	197639	2bf0d5bfb314693260702b722d2b3f9eda64c7ee0a20d3bac780c505a3537e77	plantpersulf/0.0.0
Q8H631	v6	https://alphafold.ebi.ac.uk/files/AF-Q8H631-F1-model_v6.pdb	../raw/alphafold/AF-Q8H631-F1-model.pdb	2026-07-23T04:26:55.475243+00:00	432782	cd211534ab75540d58dc7cd2215889ea7f341a03912f8ae2ef352a96328f6753	plantpersulf/0.0.0
Q8H8C7	v6	https://alphafold.ebi.ac.uk/files/AF-Q8H8C7-F1-model_v6.pdb	../raw/alphafold/AF-Q8H8C7-F1-model.pdb	2026-07-23T04:26:58.683275+00:00	216431	d433604845e978e159a8834ccb4e4da22722e2ee77ca15b97ac454bd79c6ccce	plantpersulf/0.0.0
Q8H8J0	v6	https://alphafold.ebi.ac.uk/files/AF-Q8H8J0-F1-model_v6.pdb	../raw/alphafold/AF-Q8H8J0-F1-model.pdb	2026-07-23T04:27:01.702368+00:00	100358	fe3f068f6ec31e9d4b7ab64273fed759fc729a43218c66e1bcdb2d0d4d293205	plantpersulf/0.0.0
Q8H8U5	v6	https://alphafold.ebi.ac.uk/files/AF-Q8H8U5-F1-model_v6.pdb	../raw/alphafold/AF-Q8H8U5-F1-model.pdb	2026-07-23T04:27:04.776726+00:00	162404	376850c39eaa2e8205a4f3a9cbae47ea25db96015e496fb6f85e30776be5c7cb	plantpersulf/0.0.0
Q8HCQ0	v6	https://alphafold.ebi.ac.uk/files/AF-Q8HCQ0-F1-model_v6.pdb	../raw/alphafold/AF-Q8HCQ0-F1-model.pdb	2026-07-23T04:27:08.405153+00:00	107324	c5b20737d7ae1f0561e81ed6d1b045d224c52d0b3df05058ad64ffb431cd0b9b	plantpersulf/0.0.0
Q8HCQ3	v6	https://alphafold.ebi.ac.uk/files/AF-Q8HCQ3-F1-model_v6.pdb	../raw/alphafold/AF-Q8HCQ3-F1-model.pdb	2026-07-23T04:27:11.425699+00:00	257984	a542095d6a32a7fee8824143a81c69ead9661c78b46084ae5313b7d00c6ae4d4	plantpersulf/0.0.0
Q8HCR5	v6	https://alphafold.ebi.ac.uk/files/AF-Q8HCR5-F1-model_v6.pdb	../raw/alphafold/AF-Q8HCR5-F1-model.pdb	2026-07-23T04:27:15.050444+00:00	131705	ed9c202f7f8424c825fff9b862ed19cc92e222c2ec54744e69f28d18d7e40579	plantpersulf/0.0.0
Q8L3R2	v6	https://alphafold.ebi.ac.uk/files/AF-Q8L3R2-F1-model_v6.pdb	../raw/alphafold/AF-Q8L3R2-F1-model.pdb	2026-07-23T04:27:18.237665+00:00	136322	8799d02610936db56dddaa40e7e58be28bdc318f7fa5e5f5f2f99e0f70f5d904	plantpersulf/0.0.0
Q8L5R3	v6	https://alphafold.ebi.ac.uk/files/AF-Q8L5R3-F1-model_v6.pdb	../raw/alphafold/AF-Q8L5R3-F1-model.pdb	2026-07-23T04:27:22.383641+00:00	807731	6f8b4fd63b8e879a9194c36b2e9322c75192cbfbbf1e30bffe0decf3a1739a43	plantpersulf/0.0.0
Q8L5V0	v6	https://alphafold.ebi.ac.uk/files/AF-Q8L5V0-F1-model_v6.pdb	../raw/alphafold/AF-Q8L5V0-F1-model.pdb	2026-07-23T04:27:25.465397+00:00	78488	7a4b924ca4b44143f562be8475efbe430883b737c98148386a5c029b2c9f1bbd	plantpersulf/0.0.0
Q8L5Y6	v6	https://alphafold.ebi.ac.uk/files/AF-Q8L5Y6-F1-model_v6.pdb	../raw/alphafold/AF-Q8L5Y6-F1-model.pdb	2026-07-23T04:27:29.627491+00:00	776870	fac2c913fb3282a2c8c502b50cb98a9e684ed71623ec2f45e6ae9a11c044d4d1	plantpersulf/0.0.0
Q8L6Y8	v6	https://alphafold.ebi.ac.uk/files/AF-Q8L6Y8-F1-model_v6.pdb	../raw/alphafold/AF-Q8L6Y8-F1-model.pdb	2026-07-23T04:27:33.551556+00:00	410588	e2b7fc5013d491f86851802223cdfab65e37cc46ac5c13258dc2f833982c3f0b	plantpersulf/0.0.0
Q8L7H1	v6	https://alphafold.ebi.ac.uk/files/AF-Q8L7H1-F1-model_v6.pdb	../raw/alphafold/AF-Q8L7H1-F1-model.pdb	2026-07-23T04:27:36.600281+00:00	253286	7768efe90e28671d0b22c3d8d4e10307b4ca493fa0bacc76571e3960acda9412	plantpersulf/0.0.0
Q8LAX0	v6	https://alphafold.ebi.ac.uk/files/AF-Q8LAX0-F1-model_v6.pdb	../raw/alphafold/AF-Q8LAX0-F1-model.pdb	2026-07-23T04:27:40.323524+00:00	222182	0ee16f6a6d5f33e8d13b22794c791bfd3c1c909bf09cfb53b320776b1571002d	plantpersulf/0.0.0
Q8LFJ8	v6	https://alphafold.ebi.ac.uk/files/AF-Q8LFJ8-F1-model_v6.pdb	../raw/alphafold/AF-Q8LFJ8-F1-model.pdb	2026-07-23T04:27:43.872756+00:00	181439	ecd2bd4ff13571b5bf29c9ddfc07f01789c7d19478beae30ab50f50152ba0079	plantpersulf/0.0.0
Q8LHD1	v6	https://alphafold.ebi.ac.uk/files/AF-Q8LHD1-F1-model_v6.pdb	../raw/alphafold/AF-Q8LHD1-F1-model.pdb	2026-07-23T04:27:47.857342+00:00	790316	2866df3df076df39022489883833cf7b789061bf9f5baf7505e8bcaf7e889ff3	plantpersulf/0.0.0
Q8LHH9	v6	https://alphafold.ebi.ac.uk/files/AF-Q8LHH9-F1-model_v6.pdb	../raw/alphafold/AF-Q8LHH9-F1-model.pdb	2026-07-23T04:27:51.527722+00:00	790559	3e2f915cf639be08475bef791f062e8a01e6a753bda41cfd84599002e88f3101	plantpersulf/0.0.0
Q8LJJ2	v6	https://alphafold.ebi.ac.uk/files/AF-Q8LJJ2-F1-model_v6.pdb	../raw/alphafold/AF-Q8LJJ2-F1-model.pdb	2026-07-23T04:27:54.820185+00:00	336230	5abf3990aa63881e9fab32ba98b860adb50e8a83fad594311551c3980a6f5a40	plantpersulf/0.0.0
Q8LNF2	v6	https://alphafold.ebi.ac.uk/files/AF-Q8LNF2-F1-model_v6.pdb	../raw/alphafold/AF-Q8LNF2-F1-model.pdb	2026-07-23T04:27:58.156773+00:00	144422	dc14092fc782c4ce913902e401adc0952ce6791da7e37c254c6f7be419bd6821	plantpersulf/0.0.0
Q8LPQ5	v6	https://alphafold.ebi.ac.uk/files/AF-Q8LPQ5-F1-model_v6.pdb	../raw/alphafold/AF-Q8LPQ5-F1-model.pdb	2026-07-23T04:28:02.348861+00:00	813320	7df51fe5a0d6a4b4e94b9a8d692efd65a9330bb924a84f78af913c4677287bf1	plantpersulf/0.0.0
Q8LQ70	v6	https://alphafold.ebi.ac.uk/files/AF-Q8LQ70-F1-model_v6.pdb	../raw/alphafold/AF-Q8LQ70-F1-model.pdb	2026-07-23T04:28:06.417264+00:00	187352	b806ad08c3998ad5dd9d6a0ad700fe1e8f50bff974f1d4e7b3d8527929f5da6e	plantpersulf/0.0.0
Q8LR51	v6	https://alphafold.ebi.ac.uk/files/AF-Q8LR51-F1-model_v6.pdb	../raw/alphafold/AF-Q8LR51-F1-model.pdb	2026-07-23T04:28:09.940293+00:00	309338	d2277db9cfb3b2ee8bfa7b3bbd2d3883e313d342ffa9ff1ad1de0b4be825d9ce	plantpersulf/0.0.0
Q8RU33	v6	https://alphafold.ebi.ac.uk/files/AF-Q8RU33-F1-model_v6.pdb	../raw/alphafold/AF-Q8RU33-F1-model.pdb	2026-07-23T04:28:13.967322+00:00	237815	ab613f129ca480def9dc3471fdb0539ff0a77889ab44e91776ee237bcca933d8	plantpersulf/0.0.0
Q8RUP8	v6	https://alphafold.ebi.ac.uk/files/AF-Q8RUP8-F1-model_v6.pdb	../raw/alphafold/AF-Q8RUP8-F1-model.pdb	2026-07-23T04:28:18.495226+00:00	257012	909efb68929e7a0ac1f59949e15426f04c04f5d5719fd32cea104be64fb36fb2	plantpersulf/0.0.0
Q8RWN7	v6	https://alphafold.ebi.ac.uk/files/AF-Q8RWN7-F1-model_v6.pdb	../raw/alphafold/AF-Q8RWN7-F1-model.pdb	2026-07-23T04:28:22.359294+00:00	553067	3e34d572dec7ad48fca21468520c5378be4e9feee3461245e70abc80434c43ac	plantpersulf/0.0.0
Q8RWV0	v6	https://alphafold.ebi.ac.uk/files/AF-Q8RWV0-F1-model_v6.pdb	../raw/alphafold/AF-Q8RWV0-F1-model.pdb	2026-07-23T04:28:25.374631+00:00	464939	905b3185a4543d7e32031f5525ca121669da08b599a8ecfe73db54ce37b6fe49	plantpersulf/0.0.0
Q8RY00	v6	https://alphafold.ebi.ac.uk/files/AF-Q8RY00-F1-model_v6.pdb	../raw/alphafold/AF-Q8RY00-F1-model.pdb	2026-07-23T04:28:28.817497+00:00	288278	7a76c0b9a73a2f8030434b0644d9b413beec1e3a9582ee611bc29b3c2efef640	plantpersulf/0.0.0
Q8RY18	v6	https://alphafold.ebi.ac.uk/files/AF-Q8RY18-F1-model_v6.pdb	../raw/alphafold/AF-Q8RY18-F1-model.pdb	2026-07-23T04:28:32.793942+00:00	679832	d4cfda53631dcc817bfad4d4c60b29df546f628a388ec5d2beaa3e7a41ae6a72	plantpersulf/0.0.0
Q8RZF8	v6	https://alphafold.ebi.ac.uk/files/AF-Q8RZF8-F1-model_v6.pdb	../raw/alphafold/AF-Q8RZF8-F1-model.pdb	2026-07-23T04:28:36.226576+00:00	252476	7a1158e171ffea5b9d15c10513cc156b3c601460b2f6cb8d1b4145a243cd8967	plantpersulf/0.0.0
Q8RZJ1	v6	https://alphafold.ebi.ac.uk/files/AF-Q8RZJ1-F1-model_v6.pdb	../raw/alphafold/AF-Q8RZJ1-F1-model.pdb	2026-07-23T04:28:39.549616+00:00	286091	df80b19cf5f8feb715f988254bf14cc4805aef3e682bf68e1488c95183e9275c	plantpersulf/0.0.0
Q8RZZ3	v6	https://alphafold.ebi.ac.uk/files/AF-Q8RZZ3-F1-model_v6.pdb	../raw/alphafold/AF-Q8RZZ3-F1-model.pdb	2026-07-23T04:28:42.620412+00:00	203714	56a85a3a805072c345d37005f59ead9f632d8dbe59aaadb3b430cf1ddf037777	plantpersulf/0.0.0
Q8S3P3	v6	https://alphafold.ebi.ac.uk/files/AF-Q8S3P3-F1-model_v6.pdb	../raw/alphafold/AF-Q8S3P3-F1-model.pdb	2026-07-23T04:28:46.027826+00:00	160541	aafdacc12071ecfb1a0cc4a518e7221edc7bd39d516c82442c86064e3e76c0ae	plantpersulf/0.0.0
Q8S3Q3	v6	https://alphafold.ebi.ac.uk/files/AF-Q8S3Q3-F1-model_v6.pdb	../raw/alphafold/AF-Q8S3Q3-F1-model.pdb	2026-07-23T04:28:49.126240+00:00	223235	67f7c605613d2d5e9ae311ab45fc60140039434c71a8748ed86f509f59aecc09	plantpersulf/0.0.0
Q8S3R1	v6	https://alphafold.ebi.ac.uk/files/AF-Q8S3R1-F1-model_v6.pdb	../raw/alphafold/AF-Q8S3R1-F1-model.pdb	2026-07-23T04:28:52.587691+00:00	297188	2297a4476e261c1a3f0556de34171b6b55a9948181bb7ad33ffbfc8e17a7436b	plantpersulf/0.0.0
Q8S3S8	v6	https://alphafold.ebi.ac.uk/files/AF-Q8S3S8-F1-model_v6.pdb	../raw/alphafold/AF-Q8S3S8-F1-model.pdb	2026-07-23T04:28:56.020150+00:00	244781	a258f85fc7f8904c1a847c1f73ea29e25b203fa44399b433d25d7f3b66c00a1b	plantpersulf/0.0.0
Q8S5M6	v6	https://alphafold.ebi.ac.uk/files/AF-Q8S5M6-F1-model_v6.pdb	../raw/alphafold/AF-Q8S5M6-F1-model.pdb	2026-07-23T04:28:59.797692+00:00	469556	57f72f0acf2791debee1b44b4a6b615bb418cc59c9ecf47d60d017609d5160d7	plantpersulf/0.0.0
Q8S5T1	v6	https://alphafold.ebi.ac.uk/files/AF-Q8S5T1-F1-model_v6.pdb	../raw/alphafold/AF-Q8S5T1-F1-model.pdb	2026-07-23T04:29:02.585823+00:00	350891	81ae982495ef0a8d986b1554cdf64ae3abc60dded57067ab23fc26d1e5040d18	plantpersulf/0.0.0
Q8S6N5	v6	https://alphafold.ebi.ac.uk/files/AF-Q8S6N5-F1-model_v6.pdb	../raw/alphafold/AF-Q8S6N5-F1-model.pdb	2026-07-23T04:29:06.968167+00:00	1458485	cc08e8c43dfd20dc2dcb1d54cc66bc2384eac68e1fbadec65575b2b90d72353a	plantpersulf/0.0.0
Q8S7T3	v6	https://alphafold.ebi.ac.uk/files/AF-Q8S7T3-F1-model_v6.pdb	../raw/alphafold/AF-Q8S7T3-F1-model.pdb	2026-07-23T04:29:10.464765+00:00	486323	ed12320350d3b68a40b47d3393dcd1dd15537aa0a9fbbda03a3b7dbf1f747a4e	plantpersulf/0.0.0
Q8S7W8	v6	https://alphafold.ebi.ac.uk/files/AF-Q8S7W8-F1-model_v6.pdb	../raw/alphafold/AF-Q8S7W8-F1-model.pdb	2026-07-23T04:29:13.477975+00:00	114938	4bffb9ea55c4271b11675346309c6afa5a97787f37640f1a29efe047876fea9f	plantpersulf/0.0.0
Q8S8A8	v6	https://alphafold.ebi.ac.uk/files/AF-Q8S8A8-F1-model_v6.pdb	../raw/alphafold/AF-Q8S8A8-F1-model.pdb	2026-07-23T04:29:16.434791+00:00	71441	473597b6b598843cda1df7e2290487c8ae76bd863ea4bad4fcd21d37db4206d6	plantpersulf/0.0.0
Q8S9Z2	v6	https://alphafold.ebi.ac.uk/files/AF-Q8S9Z2-F1-model_v6.pdb	../raw/alphafold/AF-Q8S9Z2-F1-model.pdb	2026-07-23T04:29:19.591729+00:00	258713	8581f9faa853692a0ac54da82f1b576115ae549682a6bdfeaee510ce0d20790a	plantpersulf/0.0.0
Q8SA35	v6	https://alphafold.ebi.ac.uk/files/AF-Q8SA35-F1-model_v6.pdb	../raw/alphafold/AF-Q8SA35-F1-model.pdb	2026-07-23T04:29:22.062768+00:00	156896	b20c43af25eb22513488593022af4c9210ab859146b13cb49b1bf78a603c7545	plantpersulf/0.0.0
Q8TG90	v6	https://alphafold.ebi.ac.uk/files/AF-Q8TG90-F1-model_v6.pdb	../raw/alphafold/AF-Q8TG90-F1-model.pdb	2026-07-23T04:29:24.689341+00:00	147257	0c95032dab0c8f62fd8b8622216f0f64aac46fde19918f52ec39c4fec8526d2c	plantpersulf/0.0.0
Q8VYX0	v6	https://alphafold.ebi.ac.uk/files/AF-Q8VYX0-F1-model_v6.pdb	../raw/alphafold/AF-Q8VYX0-F1-model.pdb	2026-07-23T04:29:28.030862+00:00	296864	3cdc176a2204fcfcf772d99732cb8b479babc39e0812a7e9229abbd77c66f721	plantpersulf/0.0.0
Q8VZ34	v6	https://alphafold.ebi.ac.uk/files/AF-Q8VZ34-F1-model_v6.pdb	../raw/alphafold/AF-Q8VZ34-F1-model.pdb	2026-07-23T04:29:30.882814+00:00	119636	e552d841eecf8b716871df3da23737cd3d81a82ab84fd2b16d9d1d5b79c9b5e4	plantpersulf/0.0.0
Q8VZ79	v6	https://alphafold.ebi.ac.uk/files/AF-Q8VZ79-F1-model_v6.pdb	../raw/alphafold/AF-Q8VZ79-F1-model.pdb	2026-07-23T04:29:34.355812+00:00	433592	847c939d4e9f60ae613afbe060be5c6874bd783821f6af990c02e54b4087ace4	plantpersulf/0.0.0
Q8VZF1	v6	https://alphafold.ebi.ac.uk/files/AF-Q8VZF1-F1-model_v6.pdb	../raw/alphafold/AF-Q8VZF1-F1-model_v6.pdb	2026-07-21T08:40:06.275450+00:00	366524	6e18f58798f67b8d4767cd42a8d5098f90260785a6dd6a2077f08d9a0397d56c	plantpersulf/0.0.0
Q8W0A4	v6	https://alphafold.ebi.ac.uk/files/AF-Q8W0A4-F1-model_v6.pdb	../raw/alphafold/AF-Q8W0A4-F1-model.pdb	2026-07-23T04:29:37.899673+00:00	200636	e70a1e5f671d4011ca821caab836e3362a89959ac27f745433e58ce0135b741c	plantpersulf/0.0.0
Q8W0E6	v6	https://alphafold.ebi.ac.uk/files/AF-Q8W0E6-F1-model_v6.pdb	../raw/alphafold/AF-Q8W0E6-F1-model.pdb	2026-07-23T04:29:41.236587+00:00	165158	716cd531a52e217de5411e207d17953d3aa54b5d8106de77514da0380748d5cf	plantpersulf/0.0.0
Q8W2X5	v6	https://alphafold.ebi.ac.uk/files/AF-Q8W2X5-F1-model_v6.pdb	../raw/alphafold/AF-Q8W2X5-F1-model.pdb	2026-07-23T04:29:44.877676+00:00	227123	99d10799fbb1b3e7d3bf37f865f467552bfa427d3d0f6004738578f9126a488f	plantpersulf/0.0.0
Q8W315	v6	https://alphafold.ebi.ac.uk/files/AF-Q8W315-F1-model_v6.pdb	../raw/alphafold/AF-Q8W315-F1-model.pdb	2026-07-23T04:29:48.621831+00:00	395522	7987ce958ea09fe7a328e685b6af28e8c82146d1fd592cbf6ca7f16d71bbd09f	plantpersulf/0.0.0
Q8W317	v6	https://alphafold.ebi.ac.uk/files/AF-Q8W317-F1-model_v6.pdb	../raw/alphafold/AF-Q8W317-F1-model.pdb	2026-07-23T04:29:52.127838+00:00	468989	dcfcd6d92bc8df020207eec1410a9575a72b222a906959893f935d5e14dfbedb	plantpersulf/0.0.0
Q8W3N3	v6	https://alphafold.ebi.ac.uk/files/AF-Q8W3N3-F1-model_v6.pdb	../raw/alphafold/AF-Q8W3N3-F1-model.pdb	2026-07-23T04:29:55.423869+00:00	182411	a630168bc14c5e1a0e73aba6a2d55c163d95bcfcb11977c2037ce322745b0632	plantpersulf/0.0.0
Q8W423	v6	https://alphafold.ebi.ac.uk/files/AF-Q8W423-F1-model_v6.pdb	../raw/alphafold/AF-Q8W423-F1-model.pdb	2026-07-23T04:29:58.636853+00:00	181034	ca6e87267b0579866052d70ee10f9cc334e8a08e53e3f685ad9e38e9521c7cc6	plantpersulf/0.0.0
Q8W4D4	v6	https://alphafold.ebi.ac.uk/files/AF-Q8W4D4-F1-model_v6.pdb	../raw/alphafold/AF-Q8W4D4-F1-model.pdb	2026-07-23T04:30:02.122560+00:00	384911	00c51d9eb0f2db23376249af82e4f1f32244e7bb51683c2c5f1154d8132c1860	plantpersulf/0.0.0
Q8W4M5	v6	https://alphafold.ebi.ac.uk/files/AF-Q8W4M5-F1-model_v6.pdb	../raw/alphafold/AF-Q8W4M5-F1-model.pdb	2026-07-23T04:30:05.378774+00:00	357371	c2017e9bc6ffd4b2c909fb6c7c6fb5486ea07eaefc44041f3f2286b8d8fef86a	plantpersulf/0.0.0
Q93VC6	v6	https://alphafold.ebi.ac.uk/files/AF-Q93VC6-F1-model_v6.pdb	../raw/alphafold/AF-Q93VC6-F1-model.pdb	2026-07-23T04:30:08.131867+00:00	131543	a863ad98f827c473715d5c72dd67fa61a88b4f6328123506a48f5dacb0a0933d	plantpersulf/0.0.0
Q93VT8	v6	https://alphafold.ebi.ac.uk/files/AF-Q93VT8-F1-model_v6.pdb	../raw/alphafold/AF-Q93VT8-F1-model.pdb	2026-07-23T04:30:11.450638+00:00	384344	4f9d2ecc701e3092b77c974e0c267ffd1b927970d0e0a0c3077fd5fa9413f1fd	plantpersulf/0.0.0
Q93WM3	v6	https://alphafold.ebi.ac.uk/files/AF-Q93WM3-F1-model_v6.pdb	../raw/alphafold/AF-Q93WM3-F1-model.pdb	2026-07-23T04:30:14.703587+00:00	364418	8f10d2a0249d1a600862e66fd1ed9bb352e88ba608adbe9a68df7538d8b0d5b3	plantpersulf/0.0.0
Q93WY5	v6	https://alphafold.ebi.ac.uk/files/AF-Q93WY5-F1-model_v6.pdb	../raw/alphafold/AF-Q93WY5-F1-model.pdb	2026-07-23T04:30:17.552870+00:00	149363	4eeb93bcc43f1937f977fd1478ab079ed13d1c47df7d12a27ff4b3d192f86446	plantpersulf/0.0.0
Q93YN1	v6	https://alphafold.ebi.ac.uk/files/AF-Q93YN1-F1-model_v6.pdb	../raw/alphafold/AF-Q93YN1-F1-model.pdb	2026-07-23T04:30:20.821923+00:00	252800	770201b05df7cebebc2bb0164531660d1aa49eca73f06020d2f3654494304e7f	plantpersulf/0.0.0
Q93Z34	v6	https://alphafold.ebi.ac.uk/files/AF-Q93Z34-F1-model_v6.pdb	../raw/alphafold/AF-Q93Z34-F1-model.pdb	2026-07-23T04:30:23.873872+00:00	328292	49f09f0cfdf3bc4a1c95b789e7608c1ad08bb99a683065627b744c81a0cfb656	plantpersulf/0.0.0
Q93ZC9	v6	https://alphafold.ebi.ac.uk/files/AF-Q93ZC9-F1-model_v6.pdb	../raw/alphafold/AF-Q93ZC9-F1-model.pdb	2026-07-23T04:30:26.538508+00:00	234089	7484411911414ddfa57a03177ff0e428e133d4544998911b79cc80ac7241131b	plantpersulf/0.0.0
Q93ZM7	v6	https://alphafold.ebi.ac.uk/files/AF-Q93ZM7-F1-model_v6.pdb	../raw/alphafold/AF-Q93ZM7-F1-model.pdb	2026-07-23T04:30:29.709900+00:00	350243	8ff47ab3eb32b0aeb22ec3e2cf760a33f64f49c69ca3e30cf98629cbaa0a93db	plantpersulf/0.0.0
Q941Z0	v6	https://alphafold.ebi.ac.uk/files/AF-Q941Z0-F1-model_v6.pdb	../raw/alphafold/AF-Q941Z0-F1-model.pdb	2026-07-23T04:30:32.566982+00:00	127088	a629f8a8dd6ae2dbbb6f8af8b67f8f30a967963fb1da6b4b5494f98686bbd245	plantpersulf/0.0.0
Q943W1	v6	https://alphafold.ebi.ac.uk/files/AF-Q943W1-F1-model_v6.pdb	../raw/alphafold/AF-Q943W1-F1-model.pdb	2026-07-23T04:30:35.923838+00:00	204524	5ad2540b44349e9c8f11b602c7b77a59fba8f51061732c619089f8539f80c930	plantpersulf/0.0.0
Q944G9	v6	https://alphafold.ebi.ac.uk/files/AF-Q944G9-F1-model_v6.pdb	../raw/alphafold/AF-Q944G9-F1-model_v6.pdb	2026-07-21T08:40:06.275450+00:00	251504	47120d0b8f6660ecc2bb172cec6ac7fd8000fe46e86ce5b54d434962c33e3056	plantpersulf/0.0.0
Q944L3	v6	https://alphafold.ebi.ac.uk/files/AF-Q944L3-F1-model_v6.pdb	../raw/alphafold/AF-Q944L3-F1-model.pdb	2026-07-23T04:30:38.856422+00:00	290708	3d851a7940a5548d51f249b5f9683c6be2861c3465787f70146a1a6c242517c6	plantpersulf/0.0.0
Q944L8	v6	https://alphafold.ebi.ac.uk/files/AF-Q944L8-F1-model_v6.pdb	../raw/alphafold/AF-Q944L8-F1-model.pdb	2026-07-23T04:30:41.749033+00:00	164429	61a6befd1b4adba44feee636fc4243e2deea566a44034c1dcf72875be7e23a5d	plantpersulf/0.0.0
Q944P7	v6	https://alphafold.ebi.ac.uk/files/AF-Q944P7-F1-model_v6.pdb	../raw/alphafold/AF-Q944P7-F1-model.pdb	2026-07-23T04:30:44.432917+00:00	355913	18024e8e09262e87434f9920130741f18162deb54fc46aa7b0a9ba686b31f42d	plantpersulf/0.0.0
Q946J2	v6	https://alphafold.ebi.ac.uk/files/AF-Q946J2-F1-model_v6.pdb	../raw/alphafold/AF-Q946J2-F1-model.pdb	2026-07-23T04:30:47.901911+00:00	477008	10a2f835f0fcb8957bb89ad9ce929cc807fbde90c28f9396ef741adfb17167dd	plantpersulf/0.0.0
Q94AC3	v6	https://alphafold.ebi.ac.uk/files/AF-Q94AC3-F1-model_v6.pdb	../raw/alphafold/AF-Q94AC3-F1-model.pdb	2026-07-23T04:30:51.095058+00:00	244295	afedac12a7c395204dade361927dc8a41ac1671b9358071c503a4b95ee8f2cf4	plantpersulf/0.0.0
Q94AU9	v6	https://alphafold.ebi.ac.uk/files/AF-Q94AU9-F1-model_v6.pdb	../raw/alphafold/AF-Q94AU9-F1-model.pdb	2026-07-23T04:30:53.997938+00:00	119717	c9ab03461914daf9fbbd16caf77ff1884c3e4fd3b14a871b53b96a927b30a2f2	plantpersulf/0.0.0
Q94B78	v6	https://alphafold.ebi.ac.uk/files/AF-Q94B78-F1-model_v6.pdb	../raw/alphafold/AF-Q94B78-F1-model.pdb	2026-07-23T04:30:57.528401+00:00	652373	58430381160ff7c69c97f5aafdc514a83782840e11b476ef35ddd4a84f3bf26a	plantpersulf/0.0.0
Q94BN2	v6	https://alphafold.ebi.ac.uk/files/AF-Q94BN2-F1-model_v6.pdb	../raw/alphafold/AF-Q94BN2-F1-model.pdb	2026-07-23T04:31:00.907272+00:00	228986	0eb503d0f965525c0ddeba62d648a1578a008711ccc9e1118b9b41f286a8e3c9	plantpersulf/0.0.0
Q94CN1	v6	https://alphafold.ebi.ac.uk/files/AF-Q94CN1-F1-model_v6.pdb	../raw/alphafold/AF-Q94CN1-F1-model.pdb	2026-07-23T04:31:04.594876+00:00	459674	588cb1e349f099cf8ff48678a0b385628f7a124c08ac5b4b80a9df5dda3bbd83	plantpersulf/0.0.0
Q94D81	v6	https://alphafold.ebi.ac.uk/files/AF-Q94D81-F1-model_v6.pdb	../raw/alphafold/AF-Q94D81-F1-model.pdb	2026-07-23T04:31:07.338939+00:00	211328	fb6d59a1a9cdb5c227644586d8ac14792b1837584ae65b0f5a28ed155af5c1b8	plantpersulf/0.0.0
Q94E65	v6	https://alphafold.ebi.ac.uk/files/AF-Q94E65-F1-model_v6.pdb	../raw/alphafold/AF-Q94E65-F1-model.pdb	2026-07-23T04:31:10.504126+00:00	123038	0fe1d51adaa25f6eb5ffbc3918663f1e46473d6a73189de3a791b0ccf41d125d	plantpersulf/0.0.0
Q94F58	v6	https://alphafold.ebi.ac.uk/files/AF-Q94F58-F1-model_v6.pdb	../raw/alphafold/AF-Q94F58-F1-model.pdb	2026-07-23T04:31:13.720948+00:00	222425	c07422f0d42012b776502ee6165f32a8c6af1c337b5f1a4b6f2debd09adcea24	plantpersulf/0.0.0
Q94KE1	v6	https://alphafold.ebi.ac.uk/files/AF-Q94KE1-F1-model_v6.pdb	../raw/alphafold/AF-Q94KE1-F1-model.pdb	2026-07-23T04:31:17.180305+00:00	432377	9904b9ab0b31825964c37e6ecb668fd772e8dcf163d89d6c13823b923c5c7ba3	plantpersulf/0.0.0
Q94KJ7	v6	https://alphafold.ebi.ac.uk/files/AF-Q94KJ7-F1-model_v6.pdb	../raw/alphafold/AF-Q94KJ7-F1-model.pdb	2026-07-23T04:31:20.695885+00:00	388232	e46ccd11cc4db91cce56687363670d4e6a8c5e8faa3671e710dfda65dcdf2b38	plantpersulf/0.0.0
Q94LR9	v6	https://alphafold.ebi.ac.uk/files/AF-Q94LR9-F1-model_v6.pdb	../raw/alphafold/AF-Q94LR9-F1-model.pdb	2026-07-23T04:31:24.338917+00:00	278882	453e398a91e31233ea215feb6d3dd4f81acb0f16098d800b58cdafae7f44442a	plantpersulf/0.0.0
Q94LU7	v6	https://alphafold.ebi.ac.uk/files/AF-Q94LU7-F1-model_v6.pdb	../raw/alphafold/AF-Q94LU7-F1-model.pdb	2026-07-23T04:31:27.778944+00:00	630827	33b54464ac8b1f94523cbc1dd58628865b5f35aa86989521763d194d9adc3d06	plantpersulf/0.0.0
Q96533	v6	https://alphafold.ebi.ac.uk/files/AF-Q96533-F1-model_v6.pdb	../raw/alphafold/AF-Q96533-F1-model.pdb	2026-07-23T04:31:30.819536+00:00	237491	6db912d01c8984f6994b1b7f3515a5a60ecce6ebe1dbb1ff523f123af233a6e8	plantpersulf/0.0.0
Q96X22	v6	https://alphafold.ebi.ac.uk/files/AF-Q96X22-F1-model_v6.pdb	../raw/alphafold/AF-Q96X22-F1-model.pdb	2026-07-23T04:31:33.972979+00:00	278477	6f21bde82a27034f66ea9fabc41c5befbe26f7eb4ca41feca571e2aa659520cd	plantpersulf/0.0.0
Q9AQZ5	v6	https://alphafold.ebi.ac.uk/files/AF-Q9AQZ5-F1-model_v6.pdb	../raw/alphafold/AF-Q9AQZ5-F1-model.pdb	2026-07-23T04:31:37.391955+00:00	538406	8702e658c6f048a24cdee98a6286447c4ab869ff51ac555cea46b78a44d0051f	plantpersulf/0.0.0
Q9ARU4	v6	https://alphafold.ebi.ac.uk/files/AF-Q9ARU4-F1-model_v6.pdb	../raw/alphafold/AF-Q9ARU4-F1-model.pdb	2026-07-23T04:31:40.764687+00:00	426788	778eb540d42c2fd5b491c19a96a4ef24e2c43fdbb28bf77d052598f68696997f	plantpersulf/0.0.0
Q9AS12	v6	https://alphafold.ebi.ac.uk/files/AF-Q9AS12-F1-model_v6.pdb	../raw/alphafold/AF-Q9AS12-F1-model.pdb	2026-07-23T04:31:44.010570+00:00	217727	47511b77c6c9601c7dad74abc55c9386fc7075f20ec918fc801cc783915e1092	plantpersulf/0.0.0
Q9ASR4	v6	https://alphafold.ebi.ac.uk/files/AF-Q9ASR4-F1-model_v6.pdb	../raw/alphafold/AF-Q9ASR4-F1-model.pdb	2026-07-23T04:31:47.494999+00:00	365714	fa544e496ced55343a88b6ecd296c278f5993188260dbdb1c8c0ea4be2b9dea3	plantpersulf/0.0.0
Q9AUR8	v6	https://alphafold.ebi.ac.uk/files/AF-Q9AUR8-F1-model_v6.pdb	../raw/alphafold/AF-Q9AUR8-F1-model.pdb	2026-07-23T04:31:51.271038+00:00	789425	f150a1ed21e73d328cc6ed421f4d02274a11a1860a23373b100fd04cf08822b2	plantpersulf/0.0.0
Q9AUV6	v6	https://alphafold.ebi.ac.uk/files/AF-Q9AUV6-F1-model_v6.pdb	../raw/alphafold/AF-Q9AUV6-F1-model.pdb	2026-07-23T04:31:54.408025+00:00	308528	79ceedd9f04981286f01735b9a32d3df6d13f9a10dd04889b7337982d4677eed	plantpersulf/0.0.0
Q9AV38	v6	https://alphafold.ebi.ac.uk/files/AF-Q9AV38-F1-model_v6.pdb	../raw/alphafold/AF-Q9AV38-F1-model.pdb	2026-07-23T04:31:57.350019+00:00	157787	470517cbd0ea83c134038d9510821db752a8cd0242714d8e67bfbfcb9127d1ca	plantpersulf/0.0.0
Q9AVG1	v6	https://alphafold.ebi.ac.uk/files/AF-Q9AVG1-F1-model_v6.pdb	../raw/alphafold/AF-Q9AVG1-F1-model.pdb	2026-07-23T04:32:00.492812+00:00	188000	639a9a24ddfc87ccd4fd609c1ce74238f51fb97f97da43df22c1781bcdcf0ef6	plantpersulf/0.0.0
Q9C502	v6	https://alphafold.ebi.ac.uk/files/AF-Q9C502-F1-model_v6.pdb	../raw/alphafold/AF-Q9C502-F1-model.pdb	2026-07-23T04:32:03.727743+00:00	245510	6868674213bf54fdfed7bbe136a249293c3f7852e0b744fa887ab7b363efb9be	plantpersulf/0.0.0
Q9C516	v6	https://alphafold.ebi.ac.uk/files/AF-Q9C516-F1-model_v6.pdb	../raw/alphafold/AF-Q9C516-F1-model.pdb	2026-07-23T04:32:07.605032+00:00	556874	2fa9c60f9900130fe24d07a34b133e648d14aa93c83385cf22c507e308a343df	plantpersulf/0.0.0
Q9C5A4	v6	https://alphafold.ebi.ac.uk/files/AF-Q9C5A4-F1-model_v6.pdb	../raw/alphafold/AF-Q9C5A4-F1-model.pdb	2026-07-23T04:32:10.816676+00:00	328130	be22a6b81ccc87aa3dae1449c3f849dd5aad596c7cea4f9829192d30f5ab0e07	plantpersulf/0.0.0
Q9C5C2	v6	https://alphafold.ebi.ac.uk/files/AF-Q9C5C2-F1-model_v6.pdb	../raw/alphafold/AF-Q9C5C2-F1-model.pdb	2026-07-23T04:32:13.533037+00:00	366605	0794b7e6496c0309366aa702accc85873c73383e06a61f9008813a2988f1a4f5	plantpersulf/0.0.0
Q9C626	v6	https://alphafold.ebi.ac.uk/files/AF-Q9C626-F1-model_v6.pdb	../raw/alphafold/AF-Q9C626-F1-model.pdb	2026-07-23T04:32:17.136670+00:00	326186	2aad1232d62a87e4195163533484842916b2c59d73de37b3b04972e12b6fb545	plantpersulf/0.0.0
Q9C6L2	v6	https://alphafold.ebi.ac.uk/files/AF-Q9C6L2-F1-model_v6.pdb	../raw/alphafold/AF-Q9C6L2-F1-model.pdb	2026-07-23T04:32:20.418055+00:00	209222	901104256770bd341364267c5a43bf4a2e014c65678f3b4b964e0fd5eb486774	plantpersulf/0.0.0
Q9C6S1	v6	https://alphafold.ebi.ac.uk/files/AF-Q9C6S1-F1-model_v6.pdb	../raw/alphafold/AF-Q9C6S1-F1-model.pdb	2026-07-23T04:32:23.752776+00:00	784889	01fb09b66e6f2eda4166c3bd6af990118f0776f993bddbdd7fec54a402398c99	plantpersulf/0.0.0
Q9C7T7	v6	https://alphafold.ebi.ac.uk/files/AF-Q9C7T7-F1-model_v6.pdb	../raw/alphafold/AF-Q9C7T7-F1-model.pdb	2026-07-23T04:32:27.321058+00:00	625157	97707025d5c530f8647f568d1c841ee032bfeb993a690a76eed6b7ebc8a73ad0	plantpersulf/0.0.0
Q9C8Z4	v6	https://alphafold.ebi.ac.uk/files/AF-Q9C8Z4-F1-model_v6.pdb	../raw/alphafold/AF-Q9C8Z4-F1-model.pdb	2026-07-23T04:32:31.385401+00:00	1417742	e5fea4909253e4d485543d9e0b789bd246be486bebffa95a170281f52669864b	plantpersulf/0.0.0
Q9C9P4	v6	https://alphafold.ebi.ac.uk/files/AF-Q9C9P4-F1-model_v6.pdb	../raw/alphafold/AF-Q9C9P4-F1-model.pdb	2026-07-23T04:32:34.721084+00:00	333800	b093798530e7a82fcaad0f6faf7707f9c48fe13ac2ad4c014241f3f6f143e321	plantpersulf/0.0.0
Q9CA41	v6	https://alphafold.ebi.ac.uk/files/AF-Q9CA41-F1-model_v6.pdb	../raw/alphafold/AF-Q9CA41-F1-model.pdb	2026-07-23T04:32:37.926174+00:00	282608	f5c90ca8ba672b181d3552ca6d685c40fa6cca20efc56a8c647fda725d7c797b	plantpersulf/0.0.0
Q9CA58	v6	https://alphafold.ebi.ac.uk/files/AF-Q9CA58-F1-model_v6.pdb	../raw/alphafold/AF-Q9CA58-F1-model.pdb	2026-07-23T04:32:41.357601+00:00	494585	4204e8606f2214a3585aa54843f70b8a8dd20d3a54311302563c147262059b6f	plantpersulf/0.0.0
Q9CAD9	v6	https://alphafold.ebi.ac.uk/files/AF-Q9CAD9-F1-model_v6.pdb	../raw/alphafold/AF-Q9CAD9-F1-model.pdb	2026-07-23T04:32:44.961098+00:00	703403	b0d5862dd6a4925a6038ffd3ec1887485679490a13ed4d066c24ad3b3339b0c5	plantpersulf/0.0.0
Q9CAG8	v6	https://alphafold.ebi.ac.uk/files/AF-Q9CAG8-F1-model_v6.pdb	../raw/alphafold/AF-Q9CAG8-F1-model.pdb	2026-07-23T04:32:47.707556+00:00	240245	b13989fb2e57ffdfbe725f830922b654ed17c1ab10153dd16f776fa766090faf	plantpersulf/0.0.0
Q9FEG7	v6	https://alphafold.ebi.ac.uk/files/AF-Q9FEG7-F1-model_v6.pdb	../raw/alphafold/AF-Q9FEG7-F1-model.pdb	2026-07-23T04:32:50.459106+00:00	146771	f85017737d13e96272cf2faa4e4c7a4e6e7da93ac0a8eb6e34003ce7525c3928	plantpersulf/0.0.0
Q9FF87	v6	https://alphafold.ebi.ac.uk/files/AF-Q9FF87-F1-model_v6.pdb	../raw/alphafold/AF-Q9FF87-F1-model.pdb	2026-07-23T04:32:53.692504+00:00	303020	e7138207f1ce4b23d66374048d9ae29279e13d22f0be12137a5845e4397e035d	plantpersulf/0.0.0
Q9FFG8	v6	https://alphafold.ebi.ac.uk/files/AF-Q9FFG8-F1-model_v6.pdb	../raw/alphafold/AF-Q9FFG8-F1-model.pdb	2026-07-23T04:32:57.077112+00:00	426059	05efa73f30dfe4d8a568f9d147f39c59516c6abaa409c0d1e3881d36c7cf6d70	plantpersulf/0.0.0
Q9FFN7	v6	https://alphafold.ebi.ac.uk/files/AF-Q9FFN7-F1-model_v6.pdb	../raw/alphafold/AF-Q9FFN7-F1-model.pdb	2026-07-23T04:33:00.390772+00:00	459431	b5f40261c9900336f15d3df270e697d50920f3af9bb343953b7153165add0c38	plantpersulf/0.0.0
Q9FFP9	v6	https://alphafold.ebi.ac.uk/files/AF-Q9FFP9-F1-model_v6.pdb	../raw/alphafold/AF-Q9FFP9-F1-model.pdb	2026-07-23T04:33:03.658129+00:00	242999	ba999582f65207554730809629c99b1e472a11106c6895c72881d875d6879e59	plantpersulf/0.0.0
Q9FG46	v6	https://alphafold.ebi.ac.uk/files/AF-Q9FG46-F1-model_v6.pdb	../raw/alphafold/AF-Q9FG46-F1-model.pdb	2026-07-23T04:33:07.226130+00:00	391958	b8ba0d400ff21cbaed7fefc42d6297dd64372abfed5cf09af7714bef641fc040	plantpersulf/0.0.0
Q9FG54	v6	https://alphafold.ebi.ac.uk/files/AF-Q9FG54-F1-model_v6.pdb	../raw/alphafold/AF-Q9FG54-F1-model.pdb	2026-07-23T04:33:10.512122+00:00	220643	f01ed2a5ec6759f1692b38acf6b43b726bb0c31581cfb6e522e454089c4def5d	plantpersulf/0.0.0
Q9FG81	v6	https://alphafold.ebi.ac.uk/files/AF-Q9FG81-F1-model_v6.pdb	../raw/alphafold/AF-Q9FG81-F1-model.pdb	2026-07-23T04:33:13.717831+00:00	163052	283a4868f5f293ce904cbed2b0a5124ea208a50ee661f39525efe645ed753a4c	plantpersulf/0.0.0
Q9FGB1	v6	https://alphafold.ebi.ac.uk/files/AF-Q9FGB1-F1-model_v6.pdb	../raw/alphafold/AF-Q9FGB1-F1-model.pdb	2026-07-23T04:33:16.868156+00:00	248750	2752012ed5ee6ef2ef756573fb5e04c7ac2f4338b748506d23815208306eac4c	plantpersulf/0.0.0
Q9FHA3	v6	https://alphafold.ebi.ac.uk/files/AF-Q9FHA3-F1-model_v6.pdb	../raw/alphafold/AF-Q9FHA3-F1-model.pdb	2026-07-23T04:33:20.646149+00:00	980747	7ecb025ed9f2fb10a2bf838c8795131f64523eef6b42193414776a3a6c9add70	plantpersulf/0.0.0
Q9FJ95	v6	https://alphafold.ebi.ac.uk/files/AF-Q9FJ95-F1-model_v6.pdb	../raw/alphafold/AF-Q9FJ95-F1-model.pdb	2026-07-23T04:33:23.451759+00:00	228014	13c6a44c76897cb56c93ae4c9c78da04d51e8bf08592bd92a9c568f180956779	plantpersulf/0.0.0
Q9FKG3	v6	https://alphafold.ebi.ac.uk/files/AF-Q9FKG3-F1-model_v6.pdb	../raw/alphafold/AF-Q9FKG3-F1-model.pdb	2026-07-23T04:33:26.637171+00:00	339794	9e5d1132c53e8d7b19c5db66accc8d2b711d26f83b24fe1f25f876a7fa593560	plantpersulf/0.0.0
Q9FKW4	v6	https://alphafold.ebi.ac.uk/files/AF-Q9FKW4-F1-model_v6.pdb	../raw/alphafold/AF-Q9FKW4-F1-model.pdb	2026-07-23T04:33:29.914961+00:00	344087	23c2a24aece2d56814a96518ee43535893f4bf0e69042e27c817d1ad1729f074	plantpersulf/0.0.0
Q9FL33	v6	https://alphafold.ebi.ac.uk/files/AF-Q9FL33-F1-model_v6.pdb	../raw/alphafold/AF-Q9FL33-F1-model.pdb	2026-07-23T04:33:33.590868+00:00	499364	e83bd4eef6233c06f6ef23cf219b4bec8dcb0e4eaffb3f1f5f063d720f7c28a2	plantpersulf/0.0.0
Q9FLB0	v6	https://alphafold.ebi.ac.uk/files/AF-Q9FLB0-F1-model_v6.pdb	../raw/alphafold/AF-Q9FLB0-F1-model.pdb	2026-07-23T04:33:36.993662+00:00	388070	38aedc4234f0f4f79147d06b4a4b539ee07d3b7273135ccf58670732bb333cdb	plantpersulf/0.0.0
Q9FLF7	v6	https://alphafold.ebi.ac.uk/files/AF-Q9FLF7-F1-model_v6.pdb	../raw/alphafold/AF-Q9FLF7-F1-model.pdb	2026-07-23T04:33:39.597626+00:00	299618	c21b0d6589e781d134aef6a4d9a89e3564b1a46701e6a8e46c5e0f733ca421b6	plantpersulf/0.0.0
Q9FLS8	v6	https://alphafold.ebi.ac.uk/files/AF-Q9FLS8-F1-model_v6.pdb	../raw/alphafold/AF-Q9FLS8-F1-model.pdb	2026-07-23T04:33:42.860741+00:00	311039	0dab666699712bc82b51743107ac1cf8c55083cf3f032ab1de6c820146c28f9c	plantpersulf/0.0.0
Q9FLT5	v6	https://alphafold.ebi.ac.uk/files/AF-Q9FLT5-F1-model_v6.pdb	../raw/alphafold/AF-Q9FLT5-F1-model.pdb	2026-07-23T04:33:46.525632+00:00	611873	43ab1a9fc7f025a556e121a27c9cbf78d320391de9e2c428985fb1d09869c8ab	plantpersulf/0.0.0
Q9FMH1	v6	https://alphafold.ebi.ac.uk/files/AF-Q9FMH1-F1-model_v6.pdb	../raw/alphafold/AF-Q9FMH1-F1-model.pdb	2026-07-23T04:33:49.815584+00:00	392039	529b977bb3bf39501032a3d4c8d540efd00cd4e26eafd99d7c69c2b581f20d13	plantpersulf/0.0.0
Q9FMU6	v6	https://alphafold.ebi.ac.uk/files/AF-Q9FMU6-F1-model_v6.pdb	../raw/alphafold/AF-Q9FMU6-F1-model.pdb	2026-07-23T04:33:52.980755+00:00	234980	6150a58f74a9711ed2ae958582a996178ae35d7213fdefb8c06280929287d7e7	plantpersulf/0.0.0
Q9FP25	v6	https://alphafold.ebi.ac.uk/files/AF-Q9FP25-F1-model_v6.pdb	../raw/alphafold/AF-Q9FP25-F1-model.pdb	2026-07-23T04:33:55.528684+00:00	77273	658bb463eb3db6f79feecc97b9e92de3f99269acd1646d408c72fe944eb38953	plantpersulf/0.0.0
Q9FPH0	v6	https://alphafold.ebi.ac.uk/files/AF-Q9FPH0-F1-model_v6.pdb	../raw/alphafold/AF-Q9FPH0-F1-model.pdb	2026-07-23T04:33:58.579226+00:00	240326	5039f5c44c7991f385e110ba6a1d4395a24822885f72d44aa918051f18f2f3c6	plantpersulf/0.0.0
Q9FTR9	v6	https://alphafold.ebi.ac.uk/files/AF-Q9FTR9-F1-model_v6.pdb	../raw/alphafold/AF-Q9FTR9-F1-model.pdb	2026-07-23T04:34:01.506221+00:00	113885	b5c1d41e31212e65a53609be6294fe635346d59c98ab3d87a2c9d9a8251063b1	plantpersulf/0.0.0
Q9FVR4	v6	https://alphafold.ebi.ac.uk/files/AF-Q9FVR4-F1-model_v6.pdb	../raw/alphafold/AF-Q9FVR4-F1-model.pdb	2026-07-23T04:34:04.708763+00:00	267704	eee69dffd5e334b68b6351317ec1cd21b8f3321170383eb3b1d34f93aab7ce39	plantpersulf/0.0.0
Q9FWS1	v6	https://alphafold.ebi.ac.uk/files/AF-Q9FWS1-F1-model_v6.pdb	../raw/alphafold/AF-Q9FWS1-F1-model.pdb	2026-07-23T04:34:08.604599+00:00	931904	95c988fa7b09c46f43712d509c2d2eac3f162f5be338191b8f5b4e61b32353e7	plantpersulf/0.0.0
Q9FWW8	v6	https://alphafold.ebi.ac.uk/files/AF-Q9FWW8-F1-model_v6.pdb	../raw/alphafold/AF-Q9FWW8-F1-model.pdb	2026-07-23T04:34:11.711225+00:00	254015	d641d0d1f2d0cfb5822ad6aef038a4be8339689209dd9aabcfdf6c1d6cd40fc7	plantpersulf/0.0.0
Q9FWX7	v6	https://alphafold.ebi.ac.uk/files/AF-Q9FWX7-F1-model_v6.pdb	../raw/alphafold/AF-Q9FWX7-F1-model.pdb	2026-07-23T04:34:15.504234+00:00	796067	456b9d81211eb2cdcb7ce7812c49045438e49105babdc4081a15c9220312d57e	plantpersulf/0.0.0
Q9FYD1	v6	https://alphafold.ebi.ac.uk/files/AF-Q9FYD1-F1-model_v6.pdb	../raw/alphafold/AF-Q9FYD1-F1-model.pdb	2026-07-23T04:34:18.714521+00:00	362717	993886e7b6fad8575dab38e301d4d424835bd4959c61ed89eb6d2d7a956a6879	plantpersulf/0.0.0
Q9LD57	v6	https://alphafold.ebi.ac.uk/files/AF-Q9LD57-F1-model_v6.pdb	../raw/alphafold/AF-Q9LD57-F1-model.pdb	2026-07-23T04:34:21.905491+00:00	292409	e26fc77db6319c432ec948859a8dc5e2b44aba14b51d471f7ffe041e8ea77531	plantpersulf/0.0.0
Q9LD82	v6	https://alphafold.ebi.ac.uk/files/AF-Q9LD82-F1-model_v6.pdb	../raw/alphafold/AF-Q9LD82-F1-model.pdb	2026-07-23T04:34:25.024856+00:00	139886	353d3563276bdb90c9334da1b9fc3da054b5ab91b4f6f70a4555b69e413561b8	plantpersulf/0.0.0
Q9LDC3	v6	https://alphafold.ebi.ac.uk/files/AF-Q9LDC3-F1-model_v6.pdb	../raw/alphafold/AF-Q9LDC3-F1-model.pdb	2026-07-23T04:34:28.323256+00:00	119393	ac140edf706f370a867e9ae7340121eda4ddc5f6176acd464aff9d306f888d0f	plantpersulf/0.0.0
Q9LDD8	v6	https://alphafold.ebi.ac.uk/files/AF-Q9LDD8-F1-model_v6.pdb	../raw/alphafold/AF-Q9LDD8-F1-model.pdb	2026-07-23T04:34:30.973272+00:00	371870	1be0bb69be13efb5128892baceb04e0a5d7cab4d411daaa4208dbd927cdd9b6d	plantpersulf/0.0.0
Q9LF70	v6	https://alphafold.ebi.ac.uk/files/AF-Q9LF70-F1-model_v6.pdb	../raw/alphafold/AF-Q9LF70-F1-model.pdb	2026-07-23T04:34:34.189273+00:00	301562	28666f8f1ffa01645987bd70d9649ebc1a151701d010d19a895c61f65a4921b9	plantpersulf/0.0.0
Q9LFA3	v6	https://alphafold.ebi.ac.uk/files/AF-Q9LFA3-F1-model_v6.pdb	../raw/alphafold/AF-Q9LFA3-F1-model.pdb	2026-07-23T04:34:37.591274+00:00	272564	47b18e364087696b37400ec69d467d1836939ceffdd8475f17fbfccd21568e93	plantpersulf/0.0.0
Q9LFC1	v6	https://alphafold.ebi.ac.uk/files/AF-Q9LFC1-F1-model_v6.pdb	../raw/alphafold/AF-Q9LFC1-F1-model.pdb	2026-07-23T04:34:40.999276+00:00	327563	6d19e7ebd6f0101f66336f12007d644450f359b0c33b5ab4c37e286843e2bf79	plantpersulf/0.0.0
Q9LFC6	v6	https://alphafold.ebi.ac.uk/files/AF-Q9LFC6-F1-model_v6.pdb	../raw/alphafold/AF-Q9LFC6-F1-model.pdb	2026-07-23T04:34:44.549287+00:00	414395	0ba517baecf3d6cc6cb41fd00d001686b82366b030ed8f737c160eb36a9bbd09	plantpersulf/0.0.0
Q9LFQ3	v6	https://alphafold.ebi.ac.uk/files/AF-Q9LFQ3-F1-model_v6.pdb	../raw/alphafold/AF-Q9LFQ3-F1-model.pdb	2026-07-23T04:34:48.308426+00:00	895049	92beaf4d207377cbfe81eee8dd4771233b44f6e6a31c84ea3465b8e0ff7521f2	plantpersulf/0.0.0
Q9LFS0	v6	https://alphafold.ebi.ac.uk/files/AF-Q9LFS0-F1-model_v6.pdb	../raw/alphafold/AF-Q9LFS0-F1-model.pdb	2026-07-23T04:34:52.040036+00:00	251666	c31832806fc3d1aaca86adf1de696d329c2dec35311e5a3d00f0491f08ae1958	plantpersulf/0.0.0
Q9LH49	v6	https://alphafold.ebi.ac.uk/files/AF-Q9LH49-F1-model_v6.pdb	../raw/alphafold/AF-Q9LH49-F1-model.pdb	2026-07-23T04:34:55.167487+00:00	176903	d20b750fc9c9386006407e958ef846f176d282bf12f350196688023e5cb92fae	plantpersulf/0.0.0
Q9LHN4	v6	https://alphafold.ebi.ac.uk/files/AF-Q9LHN4-F1-model_v6.pdb	../raw/alphafold/AF-Q9LHN4-F1-model.pdb	2026-07-23T04:34:58.500308+00:00	254906	327a8801fc74bdfb44a56f1e2c797ad924a691816ab4c6f680bffdc706174dfe	plantpersulf/0.0.0
Q9LIC9	v6	https://alphafold.ebi.ac.uk/files/AF-Q9LIC9-F1-model_v6.pdb	../raw/alphafold/AF-Q9LIC9-F1-model.pdb	2026-07-23T04:35:01.852762+00:00	481544	4c3ba37c05212e1b206736964d4848ee941401126654440c1ef9ac05a769c70d	plantpersulf/0.0.0
Q9LID3	v6	https://alphafold.ebi.ac.uk/files/AF-Q9LID3-F1-model_v6.pdb	../raw/alphafold/AF-Q9LID3-F1-model.pdb	2026-07-23T04:35:05.278319+00:00	456920	c5b26aa262e713ac50cc7547acb5e47664aa720857465b0c69ad40108a4b1dd5	plantpersulf/0.0.0
Q9LJ50	v6	https://alphafold.ebi.ac.uk/files/AF-Q9LJ50-F1-model_v6.pdb	../raw/alphafold/AF-Q9LJ50-F1-model.pdb	2026-07-23T04:35:08.578326+00:00	297998	db33c862deb655f496d89d8621a80212e924fbd8256374f49f800765f3382252	plantpersulf/0.0.0
Q9LJA1	v6	https://alphafold.ebi.ac.uk/files/AF-Q9LJA1-F1-model_v6.pdb	../raw/alphafold/AF-Q9LJA1-F1-model.pdb	2026-07-23T04:35:11.686372+00:00	209141	17815e67765cb178cafb4d6b04b91ddb7cef33177b9ac5d2b0d7f214809b9b95	plantpersulf/0.0.0
Q9LJG8	v6	https://alphafold.ebi.ac.uk/files/AF-Q9LJG8-F1-model_v6.pdb	../raw/alphafold/AF-Q9LJG8-F1-model.pdb	2026-07-23T04:35:14.850670+00:00	281231	ff9396b4fd49a370fa6105b361351818d159561e19b74d09991372e300c9c4dc	plantpersulf/0.0.0
Q9LJH2	v6	https://alphafold.ebi.ac.uk/files/AF-Q9LJH2-F1-model_v6.pdb	../raw/alphafold/AF-Q9LJH2-F1-model.pdb	2026-07-23T04:35:18.520851+00:00	290060	a019281c19ef6059f8b1f6c02b5faef7a92b6d29f1d201c3d2ce375709bb2fbb	plantpersulf/0.0.0
Q9LJJ0	v6	https://alphafold.ebi.ac.uk/files/AF-Q9LJJ0-F1-model_v6.pdb	../raw/alphafold/AF-Q9LJJ0-F1-model.pdb	2026-07-23T04:35:21.863583+00:00	444689	c36e594df5ea09620e61b55a62b4a2884d711181ea5719e1f7fe8b1e77379de3	plantpersulf/0.0.0
Q9LK44	v6	https://alphafold.ebi.ac.uk/files/AF-Q9LK44-F1-model_v6.pdb	../raw/alphafold/AF-Q9LK44-F1-model.pdb	2026-07-23T04:35:25.525667+00:00	365228	0377cedfdc166171a6a3efdf1301edb13894c84723ff03d5ec88d8cf7f2bcad1	plantpersulf/0.0.0
Q9LKB3	v6	https://alphafold.ebi.ac.uk/files/AF-Q9LKB3-F1-model_v6.pdb	../raw/alphafold/AF-Q9LKB3-F1-model.pdb	2026-07-23T04:35:28.834648+00:00	292733	a233068d803bd531caebfb1fb012ccef77b29dc28f3bbecee35234b6d71c5c8c	plantpersulf/0.0.0
Q9LKB9	v6	https://alphafold.ebi.ac.uk/files/AF-Q9LKB9-F1-model_v6.pdb	../raw/alphafold/AF-Q9LKB9-F1-model.pdb	2026-07-23T04:35:32.667267+00:00	979856	48d2e2e513c1872885b48bebff7ced254d791a503548bd2c0f31885dd6f6ab12	plantpersulf/0.0.0
Q9LKI5	v6	https://alphafold.ebi.ac.uk/files/AF-Q9LKI5-F1-model_v6.pdb	../raw/alphafold/AF-Q9LKI5-F1-model.pdb	2026-07-23T04:35:36.095290+00:00	622484	b234f29e46c1387a1efcb0134a81a86c2eb662cc2c885cd19667b827515aa6fc	plantpersulf/0.0.0
Q9LM63	v6	https://alphafold.ebi.ac.uk/files/AF-Q9LM63-F1-model_v6.pdb	../raw/alphafold/AF-Q9LM63-F1-model.pdb	2026-07-23T04:35:39.449387+00:00	310148	7cb74526dc39d6b3330ea5df3b13ba0a6f659922fc470ab56e02476045a41555	plantpersulf/0.0.0
Q9LMH0	v6	https://alphafold.ebi.ac.uk/files/AF-Q9LMH0-F1-model_v6.pdb	../raw/alphafold/AF-Q9LMH0-F1-model.pdb	2026-07-23T04:35:42.644302+00:00	199664	7df17c938517687500cbf4fed908527277d872c332f60643aeb23ec2fcdf4d5c	plantpersulf/0.0.0
Q9LMT8	v6	https://alphafold.ebi.ac.uk/files/AF-Q9LMT8-F1-model_v6.pdb	../raw/alphafold/AF-Q9LMT8-F1-model.pdb	2026-07-23T04:35:46.062395+00:00	442502	22c79d7490fb5edafc2b3d62b570632667b82e57649be94c546af5ede3204e3e	plantpersulf/0.0.0
Q9LMW0	v6	https://alphafold.ebi.ac.uk/files/AF-Q9LMW0-F1-model_v6.pdb	../raw/alphafold/AF-Q9LMW0-F1-model.pdb	2026-07-23T04:35:49.525390+00:00	409616	ff1693602ed170818ec13cdd458ba6e6a44a20cf78316cb562794e65fc9f0334	plantpersulf/0.0.0
Q9LND4	v6	https://alphafold.ebi.ac.uk/files/AF-Q9LND4-F1-model_v6.pdb	../raw/alphafold/AF-Q9LND4-F1-model.pdb	2026-07-23T04:35:52.744395+00:00	360692	f08f86afac9d341b8f09c999ad13c0232b99e2345fce2fd4e1710ea0eb8dd1cc	plantpersulf/0.0.0
Q9LPT5	v6	https://alphafold.ebi.ac.uk/files/AF-Q9LPT5-F1-model_v6.pdb	../raw/alphafold/AF-Q9LPT5-F1-model.pdb	2026-07-23T04:35:56.324963+00:00	474740	f314ec6cdbc753ac72ba90cf7c563f890d8b8d9669edf6b0b77ae6090a9207cd	plantpersulf/0.0.0
Q9LPW0	v6	https://alphafold.ebi.ac.uk/files/AF-Q9LPW0-F1-model_v6.pdb	../raw/alphafold/AF-Q9LPW0-F1-model.pdb	2026-07-23T04:35:59.366534+00:00	250694	571f0c562f6e8dd5cff2ac2e585099709af9f85fc41ee99eeee5cb80c3301eb5	plantpersulf/0.0.0
Q9LQB2	v6	https://alphafold.ebi.ac.uk/files/AF-Q9LQB2-F1-model_v6.pdb	../raw/alphafold/AF-Q9LQB2-F1-model.pdb	2026-07-23T04:36:02.342426+00:00	147176	6e5be880246ae2e5d59a02b299d6b9f15c8a59f72a82604a5e3a944c89f64496	plantpersulf/0.0.0
Q9LR44	v6	https://alphafold.ebi.ac.uk/files/AF-Q9LR44-F1-model_v6.pdb	../raw/alphafold/AF-Q9LR44-F1-model.pdb	2026-07-23T04:36:05.629246+00:00	307718	4eddb7a709659b628785d2d5afae8c9efe8e0276d7108a4b9395c3d326db23a4	plantpersulf/0.0.0
Q9LR67	v6	https://alphafold.ebi.ac.uk/files/AF-Q9LR67-F1-model_v6.pdb	../raw/alphafold/AF-Q9LR67-F1-model.pdb	2026-07-23T04:36:09.193455+00:00	431000	9a7a4afcc805c666d83910f14786b9c0fd1b7c52728bcb1e15fced0555d6e7f6	plantpersulf/0.0.0
Q9LRK5	v6	https://alphafold.ebi.ac.uk/files/AF-Q9LRK5-F1-model_v6.pdb	../raw/alphafold/AF-Q9LRK5-F1-model.pdb	2026-07-23T04:36:12.672449+00:00	171395	6f8199a1c2e55e9a6a84a17ba8a212d2fa6f24793b17843b46eeb86afa9b1d5d	plantpersulf/0.0.0
Q9LS25	v6	https://alphafold.ebi.ac.uk/files/AF-Q9LS25-F1-model_v6.pdb	../raw/alphafold/AF-Q9LS25-F1-model.pdb	2026-07-23T04:36:16.276436+00:00	468098	8972987534ccd1245e003d9ad647e57831427b13a7f49ebbcf59f7eaad7258b4	plantpersulf/0.0.0
Q9LS26	v6	https://alphafold.ebi.ac.uk/files/AF-Q9LS26-F1-model_v6.pdb	../raw/alphafold/AF-Q9LS26-F1-model.pdb	2026-07-23T04:36:19.565464+00:00	319706	18207ac91bd6400005c0827716eeb3c185b0b4f6a3df9ad1f8565429fa8dc0d1	plantpersulf/0.0.0
Q9LST6	v6	https://alphafold.ebi.ac.uk/files/AF-Q9LST6-F1-model_v6.pdb	../raw/alphafold/AF-Q9LST6-F1-model.pdb	2026-07-23T04:36:22.658093+00:00	139157	bdcf021667bb2aeadef01209df735093b3ace7574e70370c0792c855e5563d53	plantpersulf/0.0.0
Q9LSU0	v6	https://alphafold.ebi.ac.uk/files/AF-Q9LSU0-F1-model_v6.pdb	../raw/alphafold/AF-Q9LSU0-F1-model.pdb	2026-07-23T04:36:25.711623+00:00	160622	a7eebc1f0fbbb5132723f73f65a758e985cf76e4b3391610a6a137b8763a101b	plantpersulf/0.0.0
Q9LT45	v6	https://alphafold.ebi.ac.uk/files/AF-Q9LT45-F1-model_v6.pdb	../raw/alphafold/AF-Q9LT45-F1-model.pdb	2026-07-23T04:36:28.664475+00:00	136484	6f3d56fc18ceae5815009167ba158f7ca43cbc98b7e331be47cbb69596fa2418	plantpersulf/0.0.0
Q9LTS3	v6	https://alphafold.ebi.ac.uk/files/AF-Q9LTS3-F1-model_v6.pdb	../raw/alphafold/AF-Q9LTS3-F1-model.pdb	2026-07-23T04:36:32.039465+00:00	346760	5782eb1cf587bf9dc3d73ea102b2ca2c8d31b40de9a065b6dc4e57a07ac073fe	plantpersulf/0.0.0
Q9LU74	v6	https://alphafold.ebi.ac.uk/files/AF-Q9LU74-F1-model_v6.pdb	../raw/alphafold/AF-Q9LU74-F1-model.pdb	2026-07-23T04:36:35.435468+00:00	219590	ea01d195d7ee68609db884b672f868ba275a93d095acb9352515125a9a092d98	plantpersulf/0.0.0
Q9LU86	v6	https://alphafold.ebi.ac.uk/files/AF-Q9LU86-F1-model_v6.pdb	../raw/alphafold/AF-Q9LU86-F1-model.pdb	2026-07-23T04:36:37.897536+00:00	140777	4a624e7f0a83a8a64ae9872c811585f1771bf134047334c724d36a344fd786e1	plantpersulf/0.0.0
Q9LUC1	v6	https://alphafold.ebi.ac.uk/files/AF-Q9LUC1-F1-model_v6.pdb	../raw/alphafold/AF-Q9LUC1-F1-model.pdb	2026-07-23T04:36:41.222260+00:00	226556	8ec25e003ac809ac663690aa8500fcc579587b4e3687a3b4ad8b5e9449e22aa7	plantpersulf/0.0.0
Q9LUC4	v6	https://alphafold.ebi.ac.uk/files/AF-Q9LUC4-F1-model_v6.pdb	../raw/alphafold/AF-Q9LUC4-F1-model.pdb	2026-07-23T04:36:44.522477+00:00	292328	335b69220f085da2c715abaa647a3403783ae5d2978e06cec9a4bbb48e233428	plantpersulf/0.0.0
Q9LUV7	v6	https://alphafold.ebi.ac.uk/files/AF-Q9LUV7-F1-model_v6.pdb	../raw/alphafold/AF-Q9LUV7-F1-model.pdb	2026-07-23T04:36:48.090491+00:00	291761	4aae1b174b8fd5a570e0e62ece658bd9d55c9043491302297908f8d4d0b6d578	plantpersulf/0.0.0
Q9LV04	v6	https://alphafold.ebi.ac.uk/files/AF-Q9LV04-F1-model_v6.pdb	../raw/alphafold/AF-Q9LV04-F1-model.pdb	2026-07-23T04:36:51.517496+00:00	439667	d8f810749f2f68537d7f43d1e6222ec553a02ba5ef46344a02269e8c297fa63a	plantpersulf/0.0.0
Q9LVG5	v6	https://alphafold.ebi.ac.uk/files/AF-Q9LVG5-F1-model_v6.pdb	../raw/alphafold/AF-Q9LVG5-F1-model.pdb	2026-07-23T04:36:54.811725+00:00	263087	7260c74ef6888b289b9196ca6611e0cfe60c6d503994c368c0d79953091d780f	plantpersulf/0.0.0
Q9LVP1	v6	https://alphafold.ebi.ac.uk/files/AF-Q9LVP1-F1-model_v6.pdb	../raw/alphafold/AF-Q9LVP1-F1-model.pdb	2026-07-23T04:36:58.489104+00:00	597212	fac291fbc06c57ef7d2c6bb4710fdb4e79a3295d66d32bd63dee41e86b5e885d	plantpersulf/0.0.0
Q9LVT3	v6	https://alphafold.ebi.ac.uk/files/AF-Q9LVT3-F1-model_v6.pdb	../raw/alphafold/AF-Q9LVT3-F1-model.pdb	2026-07-23T04:37:01.980533+00:00	621512	f6b7716fbbab3966f55555a92bb7aa7a269ad17d53ccf5e5a94f7c8fb6040c3d	plantpersulf/0.0.0
Q9LVU8	v6	https://alphafold.ebi.ac.uk/files/AF-Q9LVU8-F1-model_v6.pdb	../raw/alphafold/AF-Q9LVU8-F1-model.pdb	2026-07-23T04:37:04.977701+00:00	175931	438adf61c6e64485f4e7b17509c3ae8ab86b0b93ec2cc51483e94937b0becb8d	plantpersulf/0.0.0
Q9LWK1	v6	https://alphafold.ebi.ac.uk/files/AF-Q9LWK1-F1-model_v6.pdb	../raw/alphafold/AF-Q9LWK1-F1-model.pdb	2026-07-23T04:37:08.072513+00:00	147257	cd1f863971a0f2856f6bc45f3a272848f664bbc6d7e213fae6666154f4e2e4c8	plantpersulf/0.0.0
Q9LXE8	v6	https://alphafold.ebi.ac.uk/files/AF-Q9LXE8-F1-model_v6.pdb	../raw/alphafold/AF-Q9LXE8-F1-model.pdb	2026-07-23T04:37:11.506535+00:00	404675	082e6c4c54b712fce0b8917cf0ae3fa74edcb923faf1e0f53e8d2ab3cd9f48b6	plantpersulf/0.0.0
Q9LXT5	v6	https://alphafold.ebi.ac.uk/files/AF-Q9LXT5-F1-model_v6.pdb	../raw/alphafold/AF-Q9LXT5-F1-model.pdb	2026-07-23T04:37:14.719542+00:00	290546	870191972122e031bccfccf56cf8d8a801bc7fe6205859c133e5d426086843d5	plantpersulf/0.0.0
Q9LXV9	v6	https://alphafold.ebi.ac.uk/files/AF-Q9LXV9-F1-model_v6.pdb	../raw/alphafold/AF-Q9LXV9-F1-model.pdb	2026-07-23T04:37:17.553923+00:00	101654	494059cd97ba1832970530e69c2e84421cb021b6283430ced3de5eec45fd0d35	plantpersulf/0.0.0
Q9LYA9	v6	https://alphafold.ebi.ac.uk/files/AF-Q9LYA9-F1-model_v6.pdb	../raw/alphafold/AF-Q9LYA9-F1-model.pdb	2026-07-23T04:37:20.751364+00:00	257498	bc664bf1e161a75deb1e7ae147e6f94341f3eec612b288284b062e62c6ff6014	plantpersulf/0.0.0
Q9LZ59	v6	https://alphafold.ebi.ac.uk/files/AF-Q9LZ59-F1-model_v6.pdb	../raw/alphafold/AF-Q9LZ59-F1-model.pdb	2026-07-23T04:37:24.347424+00:00	576719	17e6e9ac3897773f05e9e5a9d651369cda86191f600e67941fb49b851db35c15	plantpersulf/0.0.0
Q9LZ91	v6	https://alphafold.ebi.ac.uk/files/AF-Q9LZ91-F1-model_v6.pdb	../raw/alphafold/AF-Q9LZ91-F1-model.pdb	2026-07-23T04:37:27.713015+00:00	422171	9e0a6459b13891ee565e30e7ed505e3cf5d55a4c391f0cfd2d15a56bbe253624	plantpersulf/0.0.0
Q9LZE4	v6	https://alphafold.ebi.ac.uk/files/AF-Q9LZE4-F1-model_v6.pdb	../raw/alphafold/AF-Q9LZE4-F1-model.pdb	2026-07-23T04:37:31.187035+00:00	322703	963f8ff4734e462b599adc33beb8dd25d6618ce9867e5c256af68f6cb44c20d5	plantpersulf/0.0.0
Q9M051	v6	https://alphafold.ebi.ac.uk/files/AF-Q9M051-F1-model_v6.pdb	../raw/alphafold/AF-Q9M051-F1-model.pdb	2026-07-23T04:37:34.392633+00:00	303263	7bcc3a5ed764e628b32cb408ccb62ee774c2e629913dc2a9209ff21e06b1e33a	plantpersulf/0.0.0
Q9M0G4	v6	https://alphafold.ebi.ac.uk/files/AF-Q9M0G4-F1-model_v6.pdb	../raw/alphafold/AF-Q9M0G4-F1-model.pdb	2026-07-23T04:37:37.593561+00:00	354779	bbf2141ac9667c34f4e2171b57339c4ab3f35c2bc5e88e4a33c2f3fcf4e67bbb	plantpersulf/0.0.0
Q9M0T1	v6	https://alphafold.ebi.ac.uk/files/AF-Q9M0T1-F1-model_v6.pdb	../raw/alphafold/AF-Q9M0T1-F1-model.pdb	2026-07-23T04:37:40.395077+00:00	84806	36fecade7867836e379773d2b6d425af6de59a38192aa95c68084242f355e2ee	plantpersulf/0.0.0
Q9M0T4	v6	https://alphafold.ebi.ac.uk/files/AF-Q9M0T4-F1-model_v6.pdb	../raw/alphafold/AF-Q9M0T4-F1-model.pdb	2026-07-23T04:37:43.857585+00:00	183221	2dcd2846219d13af61222499cc89b4ae4c0db92316a8854162315e97e1f5180a	plantpersulf/0.0.0
Q9M150	v6	https://alphafold.ebi.ac.uk/files/AF-Q9M150-F1-model_v6.pdb	../raw/alphafold/AF-Q9M150-F1-model.pdb	2026-07-23T04:37:47.276575+00:00	378431	9808c39a6c25051f17f79b8e3b9659e44cde1f1d0e19931224d83d9119b4e59f	plantpersulf/0.0.0
Q9M1D8	v6	https://alphafold.ebi.ac.uk/files/AF-Q9M1D8-F1-model_v6.pdb	../raw/alphafold/AF-Q9M1D8-F1-model.pdb	2026-07-23T04:37:50.628243+00:00	315089	11975caf3cae43bea26cb9a3675608609096cecbe1f7e4465f96404483095d2f	plantpersulf/0.0.0
Q9M1E9	v6	https://alphafold.ebi.ac.uk/files/AF-Q9M1E9-F1-model_v6.pdb	../raw/alphafold/AF-Q9M1E9-F1-model.pdb	2026-07-23T04:37:53.951680+00:00	268838	5e116bbb0dac5bbf5dec8f0139b86af09d275e6f34ee092107167bd21a4a9268	plantpersulf/0.0.0
Q9M1G5	v6	https://alphafold.ebi.ac.uk/files/AF-Q9M1G5-F1-model_v6.pdb	../raw/alphafold/AF-Q9M1G5-F1-model.pdb	2026-07-23T04:37:57.470591+00:00	367820	198e5fb9d198b0a3b07f84045cae03c56f1967837838446a5490739e4a6b51e7	plantpersulf/0.0.0
Q9M1N3	v6	https://alphafold.ebi.ac.uk/files/AF-Q9M1N3-F1-model_v6.pdb	../raw/alphafold/AF-Q9M1N3-F1-model.pdb	2026-07-23T04:38:00.634353+00:00	335987	2aed5b46ec661645886fd39e08511ecb744ca908fc068d6b6d2fc4b50b4528d4	plantpersulf/0.0.0
Q9M224	v6	https://alphafold.ebi.ac.uk/files/AF-Q9M224-F1-model_v6.pdb	../raw/alphafold/AF-Q9M224-F1-model.pdb	2026-07-23T04:38:04.164532+00:00	582065	46b48b65141da483ced273b0d805d82edfb2b8ff73624ee9e3fa6cfc1c9ab692	plantpersulf/0.0.0
Q9M3B2	v6	https://alphafold.ebi.ac.uk/files/AF-Q9M3B2-F1-model_v6.pdb	../raw/alphafold/AF-Q9M3B2-F1-model.pdb	2026-07-23T04:38:07.687194+00:00	332423	995df93fc370a101220a69716d7d7957cca654f2658d53c6245b23d0c42adbbb	plantpersulf/0.0.0
Q9S773	v6	https://alphafold.ebi.ac.uk/files/AF-Q9S773-F1-model_v6.pdb	../raw/alphafold/AF-Q9S773-F1-model.pdb	2026-07-23T04:38:11.078872+00:00	254663	5913d74b171678f2735e92422dd513d93108eef555313784f90fa51c280e71f3	plantpersulf/0.0.0
Q9S9V9	v6	https://alphafold.ebi.ac.uk/files/AF-Q9S9V9-F1-model_v6.pdb	../raw/alphafold/AF-Q9S9V9-F1-model.pdb	2026-07-23T04:38:14.395611+00:00	297431	f1ba9b821aa9eba16e46021cc25bf2c53dcfe3b9835a64127714ca16a8940b78	plantpersulf/0.0.0
Q9S9W2	v6	https://alphafold.ebi.ac.uk/files/AF-Q9S9W2-F1-model_v6.pdb	../raw/alphafold/AF-Q9S9W2-F1-model.pdb	2026-07-23T04:38:16.989266+00:00	157625	dd84f7dbe12fe3bf32ea70287a808aa7af15417c749f0d2c94ccb8507a53c9fe	plantpersulf/0.0.0
Q9S9Z0	v6	https://alphafold.ebi.ac.uk/files/AF-Q9S9Z0-F1-model_v6.pdb	../raw/alphafold/AF-Q9S9Z0-F1-model.pdb	2026-07-23T04:38:20.625322+00:00	463805	02613278475ea6644873238b5399aaef189156c2ae675efa53476ba901f8f8b4	plantpersulf/0.0.0
Q9SDB9	v6	https://alphafold.ebi.ac.uk/files/AF-Q9SDB9-F1-model_v6.pdb	../raw/alphafold/AF-Q9SDB9-F1-model.pdb	2026-07-23T04:38:23.909729+00:00	188405	70195bfaf2e855a458fac31badc7d749d6cb0c17e4f0a18c794810a980f87d5c	plantpersulf/0.0.0
Q9SDG6	v6	https://alphafold.ebi.ac.uk/files/AF-Q9SDG6-F1-model_v6.pdb	../raw/alphafold/AF-Q9SDG6-F1-model.pdb	2026-07-23T04:38:26.825637+00:00	74681	efc620625c2f73dbc33327b53f159e12e6689b4b8cf419f26d1f39fbc9a06804	plantpersulf/0.0.0
Q9SF41	v6	https://alphafold.ebi.ac.uk/files/AF-Q9SF41-F1-model_v6.pdb	../raw/alphafold/AF-Q9SF41-F1-model.pdb	2026-07-23T04:38:30.288145+00:00	644921	2e9699365d8668e02f27fe751fe72e8fd5195a1c35e7e5cbebe1131c99b4cd1d	plantpersulf/0.0.0
Q9SIJ8	v6	https://alphafold.ebi.ac.uk/files/AF-Q9SIJ8-F1-model_v6.pdb	../raw/alphafold/AF-Q9SIJ8-F1-model.pdb	2026-07-23T04:38:33.620647+00:00	122390	e77756bb6e90319f99a9fc0985c65e426c4696359ce5c0e82aab2ba56ad579ab	plantpersulf/0.0.0
Q9SIM9	v6	https://alphafold.ebi.ac.uk/files/AF-Q9SIM9-F1-model_v6.pdb	../raw/alphafold/AF-Q9SIM9-F1-model.pdb	2026-07-23T04:38:36.607938+00:00	448172	1dcf0fd3d0cf699389c37c0fc68f072288f697552de661abeb7509dfe3cc3be4	plantpersulf/0.0.0
Q9SJA4	v6	https://alphafold.ebi.ac.uk/files/AF-Q9SJA4-F1-model_v6.pdb	../raw/alphafold/AF-Q9SJA4-F1-model.pdb	2026-07-23T04:38:40.203206+00:00	485756	f11da38a724a0346c2f49efdeef0ce9092707caae23be7cf28d38e577b4d03db	plantpersulf/0.0.0
Q9SJM3	v6	https://alphafold.ebi.ac.uk/files/AF-Q9SJM3-F1-model_v6.pdb	../raw/alphafold/AF-Q9SJM3-F1-model.pdb	2026-07-23T04:38:43.917945+00:00	603044	7860da65e435199ffe598da0834821cf5213b9c0888af7f96424cbbcc6e3bed4	plantpersulf/0.0.0
Q9SKK4	v6	https://alphafold.ebi.ac.uk/files/AF-Q9SKK4-F1-model_v6.pdb	../raw/alphafold/AF-Q9SKK4-F1-model.pdb	2026-07-23T04:38:46.769656+00:00	235709	2faba05cae260359cc139e07f26ddf226e7ea1dc046aed4cde69ca294357bb14	plantpersulf/0.0.0
Q9SKL2	v6	https://alphafold.ebi.ac.uk/files/AF-Q9SKL2-F1-model_v6.pdb	../raw/alphafold/AF-Q9SKL2-F1-model.pdb	2026-07-23T04:38:49.654676+00:00	252314	357bbad169143eb7de0d14168965905cd32586dba5fc5f2f3765f54a9b7edb52	plantpersulf/0.0.0
Q9SLA0	v6	https://alphafold.ebi.ac.uk/files/AF-Q9SLA0-F1-model_v6.pdb	../raw/alphafold/AF-Q9SLA0-F1-model_v6.pdb	2026-07-21T08:40:06.275450+00:00	321974	546476e7780c4044e7e75775dff234bb8bcf317315cccb83b3d95966469f5d59	plantpersulf/0.0.0
Q9SLB8	v6	https://alphafold.ebi.ac.uk/files/AF-Q9SLB8-F1-model_v6.pdb	../raw/alphafold/AF-Q9SLB8-F1-model.pdb	2026-07-23T04:38:52.876791+00:00	143369	4ef6cfa7097626002aacda7c1061781aab0361541fa624c3e872d11f7c431c36	plantpersulf/0.0.0
Q9SLX0	v6	https://alphafold.ebi.ac.uk/files/AF-Q9SLX0-F1-model_v6.pdb	../raw/alphafold/AF-Q9SLX0-F1-model.pdb	2026-07-23T04:38:56.269668+00:00	340442	6516d6b3a640d1ac8c9d848942b449d24e2af7c21fce9ac74d7de707bea4b7fa	plantpersulf/0.0.0
Q9SMB1	v6	https://alphafold.ebi.ac.uk/files/AF-Q9SMB1-F1-model_v6.pdb	../raw/alphafold/AF-Q9SMB1-F1-model.pdb	2026-07-23T04:38:59.503080+00:00	206225	336ed01a4df0050df5425dfe2a0bf2fbb27a4b83aaf545eb36d319557403ea7d	plantpersulf/0.0.0
Q9SN58	v6	https://alphafold.ebi.ac.uk/files/AF-Q9SN58-F1-model_v6.pdb	../raw/alphafold/AF-Q9SN58-F1-model.pdb	2026-07-23T04:39:01.932682+00:00	226394	09474e0b7dd5237175af836e0cee949a8a64c7f951036e7e378be216050d8d7a	plantpersulf/0.0.0
Q9SNB7	v6	https://alphafold.ebi.ac.uk/files/AF-Q9SNB7-F1-model_v6.pdb	../raw/alphafold/AF-Q9SNB7-F1-model.pdb	2026-07-23T04:39:05.295341+00:00	436427	ef745a2bbf5a9b5766f356a0e2432567b0fb9fe4cf50bf167f25231779eb8a62	plantpersulf/0.0.0
Q9SNK3	v6	https://alphafold.ebi.ac.uk/files/AF-Q9SNK3-F1-model_v6.pdb	../raw/alphafold/AF-Q9SNK3-F1-model.pdb	2026-07-23T04:39:08.760328+00:00	274913	ef0941b35f72d04bfc8a861ad873253c91d215cfaf3c22b6c82e489f8fdeb1d6	plantpersulf/0.0.0
Q9SR07	v6	https://alphafold.ebi.ac.uk/files/AF-Q9SR07-F1-model_v6.pdb	../raw/alphafold/AF-Q9SR07-F1-model.pdb	2026-07-23T04:39:11.845633+00:00	214325	24fd9feafa59885f15449ed65ecca1a0135c1183c1bc440f5e1fd0743f8b4534	plantpersulf/0.0.0
Q9SR09	v6	https://alphafold.ebi.ac.uk/files/AF-Q9SR09-F1-model_v6.pdb	../raw/alphafold/AF-Q9SR09-F1-model.pdb	2026-07-23T04:39:15.103711+00:00	305531	ce3a65750e5a79158adea65554dae51a651680f96765aaa55b91cae6c4e34245	plantpersulf/0.0.0
Q9SRQ0	v6	https://alphafold.ebi.ac.uk/files/AF-Q9SRQ0-F1-model_v6.pdb	../raw/alphafold/AF-Q9SRQ0-F1-model.pdb	2026-07-23T04:39:18.333709+00:00	240974	3012aa5db9b7aecb801131619625e930fd9e9455df2b80f3d4659d7ae35fc352	plantpersulf/0.0.0
Q9SRQ7	v6	https://alphafold.ebi.ac.uk/files/AF-Q9SRQ7-F1-model_v6.pdb	../raw/alphafold/AF-Q9SRQ7-F1-model.pdb	2026-07-23T04:39:21.682875+00:00	354941	bb242764aca7bc55363483dad2116c5be9cb618915b255f759ade199e49c6376	plantpersulf/0.0.0
Q9SRZ8	v6	https://alphafold.ebi.ac.uk/files/AF-Q9SRZ8-F1-model_v6.pdb	../raw/alphafold/AF-Q9SRZ8-F1-model.pdb	2026-07-23T04:39:25.054411+00:00	417311	5a03605594ff98f311c4cd66a733f9fa43f8d338999b121d713d06b101110c78	plantpersulf/0.0.0
Q9STH8	v6	https://alphafold.ebi.ac.uk/files/AF-Q9STH8-F1-model_v6.pdb	../raw/alphafold/AF-Q9STH8-F1-model.pdb	2026-07-23T04:39:27.949735+00:00	342629	122e53a7c6387c1def4447d702090102078f40216c6109bade2032b0f727089f	plantpersulf/0.0.0
Q9SUC0	v6	https://alphafold.ebi.ac.uk/files/AF-Q9SUC0-F1-model_v6.pdb	../raw/alphafold/AF-Q9SUC0-F1-model.pdb	2026-07-23T04:39:31.161733+00:00	217565	db9987ef255516d0c54848ac0f0db477fb768cd2db08132561a125a1fb0a7b5d	plantpersulf/0.0.0
Q9SUD8	v6	https://alphafold.ebi.ac.uk/files/AF-Q9SUD8-F1-model_v6.pdb	../raw/alphafold/AF-Q9SUD8-F1-model.pdb	2026-07-23T04:39:34.563727+00:00	456272	e9ef2125bd0f48592a4d8b56ef1c578c824263cc8755bb86baac2712c140bdcb	plantpersulf/0.0.0
Q9SV26	v6	https://alphafold.ebi.ac.uk/files/AF-Q9SV26-F1-model_v6.pdb	../raw/alphafold/AF-Q9SV26-F1-model.pdb	2026-07-23T04:39:38.045657+00:00	498554	1f680a105a43aab540ae76dd43b90375e88843ed0506415cb7fc1d638723ebca	plantpersulf/0.0.0
Q9SV36	v6	https://alphafold.ebi.ac.uk/files/AF-Q9SV36-F1-model_v6.pdb	../raw/alphafold/AF-Q9SV36-F1-model.pdb	2026-07-23T04:39:40.753743+00:00	675944	43ce0c336f1e7302d1bd30f00019dd3e7bdd8c520d2e4f994d51cc18322557d9	plantpersulf/0.0.0
Q9SVX6	v6	https://alphafold.ebi.ac.uk/files/AF-Q9SVX6-F1-model_v6.pdb	../raw/alphafold/AF-Q9SVX6-F1-model.pdb	2026-07-23T04:39:44.141758+00:00	355346	7e397006a7f84deece7ea10a707d605ca730ca944c0893a00dd4928d6f0c2bfe	plantpersulf/0.0.0
Q9SXV0	v6	https://alphafold.ebi.ac.uk/files/AF-Q9SXV0-F1-model_v6.pdb	../raw/alphafold/AF-Q9SXV0-F1-model.pdb	2026-07-23T04:39:46.909746+00:00	112670	3cd3048fca3b5bc3a345164000558bfab4915a576fbf0eb2de0ff77028c40b8f	plantpersulf/0.0.0
Q9SY41	v6	https://alphafold.ebi.ac.uk/files/AF-Q9SY41-F1-model_v6.pdb	../raw/alphafold/AF-Q9SY41-F1-model.pdb	2026-07-23T04:39:49.692765+00:00	145475	7312151fe5e1c0e9de10f2ae38420582d663e0e9d360be546d54e91db26ce322	plantpersulf/0.0.0
Q9SZ41	v6	https://alphafold.ebi.ac.uk/files/AF-Q9SZ41-F1-model_v6.pdb	../raw/alphafold/AF-Q9SZ41-F1-model.pdb	2026-07-23T04:39:52.964960+00:00	348785	847ada5665fad8157a8e40471b1f72f3badb49dc0b1e27cffaddc5b426f6f499	plantpersulf/0.0.0
Q9SZ69	v6	https://alphafold.ebi.ac.uk/files/AF-Q9SZ69-F1-model_v6.pdb	../raw/alphafold/AF-Q9SZ69-F1-model.pdb	2026-07-23T04:39:55.887761+00:00	112427	8b0677f6ccb33f360c9a50efa9e685a0315ae7667d1bc14a77b31099c78f0223	plantpersulf/0.0.0
Q9SZB4	v6	https://alphafold.ebi.ac.uk/files/AF-Q9SZB4-F1-model_v6.pdb	../raw/alphafold/AF-Q9SZB4-F1-model.pdb	2026-07-23T04:39:59.186786+00:00	349514	cba1502a65074b0eb773e4c6f667c06d27c5baa5a689aa82035278160ad803a9	plantpersulf/0.0.0
Q9SZP1	v6	https://alphafold.ebi.ac.uk/files/AF-Q9SZP1-F1-model_v6.pdb	../raw/alphafold/AF-Q9SZP1-F1-model.pdb	2026-07-23T04:40:02.461782+00:00	185975	5f2aa633d08c11c812018f5a84ad8ba4886fb90716d3ff9275da88ac736b7280	plantpersulf/0.0.0
Q9T0J4	v6	https://alphafold.ebi.ac.uk/files/AF-Q9T0J4-F1-model_v6.pdb	../raw/alphafold/AF-Q9T0J4-F1-model.pdb	2026-07-23T04:40:05.763785+00:00	281717	c92a850aef6ff2d9a6b84f593a9b5230e86905c52ad908aa27b655bebed1e10b	plantpersulf/0.0.0
Q9XI62	v6	https://alphafold.ebi.ac.uk/files/AF-Q9XI62-F1-model_v6.pdb	../raw/alphafold/AF-Q9XI62-F1-model.pdb	2026-07-23T04:40:09.136783+00:00	312254	b66111c7d52cf10b2f4f5de0c7c3b8d1bb57217a784075265e6230e02d1b7e92	plantpersulf/0.0.0
Q9ZS96	v6	https://alphafold.ebi.ac.uk/files/AF-Q9ZS96-F1-model_v6.pdb	../raw/alphafold/AF-Q9ZS96-F1-model.pdb	2026-07-23T04:40:12.127786+00:00	108539	3e8c03607f627715fb579c7260f9e593a74ab40308a9857f0e98bf0140d4ca9e	plantpersulf/0.0.0
Q9ZT96	v6	https://alphafold.ebi.ac.uk/files/AF-Q9ZT96-F1-model_v6.pdb	../raw/alphafold/AF-Q9ZT96-F1-model.pdb	2026-07-23T04:40:15.434380+00:00	357452	9497593c82e66d0924461932fff80c7732165db4f474c4dcc0d193affad5c97a	plantpersulf/0.0.0
Q9ZUH9	v6	https://alphafold.ebi.ac.uk/files/AF-Q9ZUH9-F1-model_v6.pdb	../raw/alphafold/AF-Q9ZUH9-F1-model.pdb	2026-07-23T04:40:18.374819+00:00	185246	d0be69d79ad9625069f5ee584aea6e4aeffea5a2a0feeb42fe9fdabe0a41851a	plantpersulf/0.0.0
Q9ZVD0	v6	https://alphafold.ebi.ac.uk/files/AF-Q9ZVD0-F1-model_v6.pdb	../raw/alphafold/AF-Q9ZVD0-F1-model.pdb	2026-07-23T04:40:21.864881+00:00	471581	cd9e7bb6337398abad73f0678da96e75db851b4e267a54319c9a83a86f3772bd	plantpersulf/0.0.0
Q9ZVD6	v6	https://alphafold.ebi.ac.uk/files/AF-Q9ZVD6-F1-model_v6.pdb	../raw/alphafold/AF-Q9ZVD6-F1-model.pdb	2026-07-23T04:40:25.289579+00:00	327563	4c45666246a809ec02fedb9740272a99bf69911278cca9807518d17b4ae35c65	plantpersulf/0.0.0
Q9ZVH8	v6	https://alphafold.ebi.ac.uk/files/AF-Q9ZVH8-F1-model_v6.pdb	../raw/alphafold/AF-Q9ZVH8-F1-model.pdb	2026-07-23T04:40:28.636694+00:00	243890	21a0823c9214c8db08ad18055c030e230d808888998e4656c3b98b8d97428540	plantpersulf/0.0.0
Q9ZVX1	v6	https://alphafold.ebi.ac.uk/files/AF-Q9ZVX1-F1-model_v6.pdb	../raw/alphafold/AF-Q9ZVX1-F1-model.pdb	2026-07-23T04:40:32.241825+00:00	707777	e2139d3cf97930232ffd58a1b12ead372aaaf3f1d71f148c911f5d8954b61cca	plantpersulf/0.0.0
S4U008	v6	https://alphafold.ebi.ac.uk/files/AF-S4U008-F1-model_v6.pdb	../raw/alphafold/AF-S4U008-F1-model.pdb	2026-07-23T04:40:35.012479+00:00	454085	ab6d6fe77112070169960e4afa694bd6ea42e71eba14935d7ae68b18c28f9ea9	plantpersulf/0.0.0
U5KNJ7	v6	https://alphafold.ebi.ac.uk/files/AF-U5KNJ7-F1-model_v6.pdb	../raw/alphafold/AF-U5KNJ7-F1-model.pdb	2026-07-23T04:40:38.623834+00:00	364904	c2f96c2de8b0a4fa224f8d2fae9f2b5543d6627bcb78f7632a8713dfdde0b798	plantpersulf/0.0.0
V5K461	v6	https://alphafold.ebi.ac.uk/files/AF-V5K461-F1-model_v6.pdb	../raw/alphafold/AF-V5K461-F1-model.pdb	2026-07-23T04:40:42.018460+00:00	243809	6db3b029725d8ceeb6af07d8a345c57b38bf536a5330ef9ca074122530897db6	plantpersulf/0.0.0
