gene	species	cys_position	oxidation_type	accession	observed_residue	status	source	source_note
ACOh4	tomato	172	s-nitrosylation	A0A3Q7FZA2	C	verified	COPLBI-D-26-00068 Table 1 / body text (S-nitrosation column)	review Table 1 / body text; TOMATO cv. Ailsa Craig, Liu et al. 2023 (New Phytol 239:159-173, doi:10.1111/nph.18928). RESOLVED via NCBI Gene LOC101265426 '1-aminocyclopropane-1-carboxylate oxidase homolog 4' (protein 460382410, 366aa): A0A3Q7FZA2 in the registered tomato proteome is an exact match and carries Cys at 172 (annotated as 'Fe2OG dioxygenase', which is why the name scan missed it)
MEK1	tomato	172	s-nitrosylation	O48616	C	verified	COPLBI-D-26-00068 Table 1 / body text (S-nitrosation column)	review Table 1 / body text; TOMATO cv. Micro-Tom, Fang et al. 2026 — tomato MAPKK, Cys verified at 172
GSNOR1	arabidopsis	10	s-nitrosylation	Q0WM36	P	coverage_gap	COPLBI-D-26-00068 Table 1 / body text (S-nitrosation column)	review Table 1 / body text; Arabidopsis (gsnor1-3), Zhan et al. 2018 (hypoxia). Coverage gap: canonical GSNOR1 absent from proteome v2; only 195-residue fragment Q0WM36 (Pro at 10)
GSNOR	tomato	47	s-nitrosylation			coverage_gap	COPLBI-D-26-00068 Table 1 / body text (S-nitrosation column)	review Table 1 / body text; TOMATO cv. Micro-Tom, Huang et al. 2026 (Cd stress). Coverage gap: tomato S-nitrosoglutathione reductase absent from registered tomato proteome
LCD	tomato	225	s-nitrosylation			coverage_gap	COPLBI-D-26-00068 Table 1 / body text (S-nitrosation column)	review Table 1 / body text; TOMATO cv. Micro-Tom, Huang et al. 2026. Coverage gap: tomato L-cysteine desulfhydrase absent (only D-cysteine desulfhydrase present)
P5CR	tomato	5	s-nitrosylation	A0A3Q7FME1	C	verified	COPLBI-D-26-00068 Table 1 / body text (S-nitrosation column)	review Table 1 / body text; TOMATO SlP5CR (pyrroline-5-carboxylate reductase, SlP5CRC5S mutants), Liu et al. 2024 — Cys verified at 5
HA2	tomato	206	s-nitrosylation	Q9SPD5	C	verified	COPLBI-D-26-00068 Table 1 / body text (S-nitrosation column)	review Table 1 / body text; TOMATO cv. Ailsa Craig, Wei et al. 2025 (Plant Cell 37:koaf035, doi:10.1093/plcell/koaf035). RESOLVED: Q9SPD5 (GN=LHA2, 956aa) is 100% identical to NCBI 'plasma membrane H+-ATPase isoform LHA2' (5901757) and carries Cys at 206; the 704-residue P23980 fragment with Gly at 206 is the old truncated record of the same gene
RAB7	arabidopsis	171	s-nitrosylation	Q9XI98	C	verified	COPLBI-D-26-00068 Table 1 / body text (S-nitrosation column)	review Table 1 / body text; RABG3E (aka RAB7, rab7-1/rab7-2), Lin et al. 2023 — Cys verified at 171
PRMT5	arabidopsis	125	s-nitrosylation			coverage_gap	COPLBI-D-26-00068 Table 1 / body text (S-nitrosation column)	review Table 1 / body text; Arabidopsis (prmt5-1), Hu et al. 2017. Coverage gap: PRMT5/SKB1 absent from reference proteome v2
MPK6	arabidopsis	201	s-nitrosylation	Q39026	C	verified	COPLBI-D-26-00068 Table 1 / body text (S-nitrosation column)	review Table 1 / body text; Arabidopsis (mpk6-3), Wang et al. 2025 — Cys verified at 201
AT1G01050	arabidopsis	96	s-nitrosylation	Q93V56	C	verified	PMC12454217 MOESM2 (S-nitrosylation column)	Novel proteomics workflow paper; TAIR locus -> UniProt mapped, coordinate-verified in registered proteome v2
AT1G01090	arabidopsis	101	s-nitrosylation	O24457	C	verified	PMC12454217 MOESM2 (S-nitrosylation column)	Novel proteomics workflow paper; TAIR locus -> UniProt mapped, coordinate-verified in registered proteome v2
AT1G01100	arabidopsis	9	s-nitrosylation	A8MQK8	C	verified	PMC12454217 MOESM2 (S-nitrosylation column)	Novel proteomics workflow paper; TAIR locus -> UniProt mapped, coordinate-verified in registered proteome v2
AT1G01140	arabidopsis	133	s-nitrosylation	Q9MAM1	C	verified	PMC12454217 MOESM2 (S-nitrosylation column)	Novel proteomics workflow paper; TAIR locus -> UniProt mapped, coordinate-verified in registered proteome v2
AT1G01220	arabidopsis	991	s-nitrosylation	Q9LNJ9	C	verified	PMC12454217 MOESM2 (S-nitrosylation column)	Novel proteomics workflow paper; TAIR locus -> UniProt mapped, coordinate-verified in registered proteome v2
AT1G01300	arabidopsis	176	s-nitrosylation	Q9LNJ3	C	verified	PMC12454217 MOESM2 (S-nitrosylation column)	Novel proteomics workflow paper; TAIR locus -> UniProt mapped, coordinate-verified in registered proteome v2
AT1G01560	arabidopsis	178	s-nitrosylation	A0A1P8ASZ4	C	verified	PMC12454217 MOESM2 (S-nitrosylation column)	Novel proteomics workflow paper; TAIR locus -> UniProt mapped, coordinate-verified in registered proteome v2
AT1G01620	arabidopsis	140	s-nitrosylation	Q08733	C	verified	PMC12454217 MOESM2 (S-nitrosylation column)	Novel proteomics workflow paper; TAIR locus -> UniProt mapped, coordinate-verified in registered proteome v2
AT1G01710	arabidopsis	129	s-nitrosylation	F4HU51	C	verified	PMC12454217 MOESM2 (S-nitrosylation column)	Novel proteomics workflow paper; TAIR locus -> UniProt mapped, coordinate-verified in registered proteome v2
AT1G01790	arabidopsis	270	s-nitrosylation	Q9ZTZ7	C	verified	PMC12454217 MOESM2 (S-nitrosylation column)	Novel proteomics workflow paper; TAIR locus -> UniProt mapped, coordinate-verified in registered proteome v2
AT1G01800	arabidopsis	21	s-nitrosylation	F4HU62	C	verified	PMC12454217 MOESM2 (S-nitrosylation column)	Novel proteomics workflow paper; TAIR locus -> UniProt mapped, coordinate-verified in registered proteome v2
AT1G01960	arabidopsis	104	s-nitrosylation	Q9LPC5	C	verified	PMC12454217 MOESM2 (S-nitrosylation column)	Novel proteomics workflow paper; TAIR locus -> UniProt mapped, coordinate-verified in registered proteome v2
AT1G02020	arabidopsis	316	s-nitrosylation	A0A1P8ATD0	C	verified	PMC12454217 MOESM2 (S-nitrosylation column)	Novel proteomics workflow paper; TAIR locus -> UniProt mapped, coordinate-verified in registered proteome v2
AT1G02080	arabidopsis	580	s-nitrosylation	F4HVV6	C	verified	PMC12454217 MOESM2 (S-nitrosylation column)	Novel proteomics workflow paper; TAIR locus -> UniProt mapped, coordinate-verified in registered proteome v2
AT1G02090	arabidopsis	151	s-nitrosylation	F4HVW0	C	verified	PMC12454217 MOESM2 (S-nitrosylation column)	Novel proteomics workflow paper; TAIR locus -> UniProt mapped, coordinate-verified in registered proteome v2
AT1G02130	arabidopsis	23	s-nitrosylation	P28188	C	verified	PMC12454217 MOESM2 (S-nitrosylation column)	Novel proteomics workflow paper; TAIR locus -> UniProt mapped, coordinate-verified in registered proteome v2
AT1G02140	arabidopsis	114	s-nitrosylation	O23676	C	verified	PMC12454217 MOESM2 (S-nitrosylation column)	Novel proteomics workflow paper; TAIR locus -> UniProt mapped, coordinate-verified in registered proteome v2
AT1G02305	arabidopsis	331	s-nitrosylation	Q93VC9	C	verified	PMC12454217 MOESM2 (S-nitrosylation column)	Novel proteomics workflow paper; TAIR locus -> UniProt mapped, coordinate-verified in registered proteome v2
AT1G02500	arabidopsis	31	s-nitrosylation	P23686	C	verified	PMC12454217 MOESM2 (S-nitrosylation column)	Novel proteomics workflow paper; TAIR locus -> UniProt mapped, coordinate-verified in registered proteome v2
AT1G02560	arabidopsis	127	s-nitrosylation	Q9S834	C	verified	PMC12454217 MOESM2 (S-nitrosylation column)	Novel proteomics workflow paper; TAIR locus -> UniProt mapped, coordinate-verified in registered proteome v2
AT1G02690	arabidopsis	233	s-nitrosylation	F4HXL3	C	verified	PMC12454217 MOESM2 (S-nitrosylation column)	Novel proteomics workflow paper; TAIR locus -> UniProt mapped, coordinate-verified in registered proteome v2
AT1G02880	arabidopsis	180	s-nitrosylation	A0A1P8ARA0	C	verified	PMC12454217 MOESM2 (S-nitrosylation column)	Novel proteomics workflow paper; TAIR locus -> UniProt mapped, coordinate-verified in registered proteome v2
AT1G03030	arabidopsis	70	s-nitrosylation	A0A1P8AMF1	C	verified	PMC12454217 MOESM2 (S-nitrosylation column)	Novel proteomics workflow paper; TAIR locus -> UniProt mapped, coordinate-verified in registered proteome v2
AT1G03090	arabidopsis	513	s-nitrosylation	Q42523	C	verified	PMC12454217 MOESM2 (S-nitrosylation column)	Novel proteomics workflow paper; TAIR locus -> UniProt mapped, coordinate-verified in registered proteome v2
AT1G03160	arabidopsis	236	s-nitrosylation	A0A1P8AUL2	C	verified	PMC12454217 MOESM2 (S-nitrosylation column)	Novel proteomics workflow paper; TAIR locus -> UniProt mapped, coordinate-verified in registered proteome v2
AT1G03220	arabidopsis	203	s-nitrosylation	Q7ET10	C	verified	PMC12454217 MOESM2 (S-nitrosylation column)	Novel proteomics workflow paper; TAIR locus -> UniProt mapped, coordinate-verified in registered proteome v2
AT1G03310	arabidopsis	151	s-nitrosylation	Q8L735	C	verified	PMC12454217 MOESM2 (S-nitrosylation column)	Novel proteomics workflow paper; TAIR locus -> UniProt mapped, coordinate-verified in registered proteome v2
AT1G03475	arabidopsis	96	s-nitrosylation	Q9LR75	C	verified	PMC12454217 MOESM2 (S-nitrosylation column)	Novel proteomics workflow paper; TAIR locus -> UniProt mapped, coordinate-verified in registered proteome v2
AT1G03630	arabidopsis	121	s-nitrosylation	O48741	C	verified	PMC12454217 MOESM2 (S-nitrosylation column)	Novel proteomics workflow paper; TAIR locus -> UniProt mapped, coordinate-verified in registered proteome v2
AT1G03680	arabidopsis	107	s-nitrosylation	O48737	C	verified	PMC12454217 MOESM2 (S-nitrosylation column)	Novel proteomics workflow paper; TAIR locus -> UniProt mapped, coordinate-verified in registered proteome v2
AT1G03900	arabidopsis	38	s-nitrosylation	C0Z2Q7	C	verified	PMC12454217 MOESM2 (S-nitrosylation column)	Novel proteomics workflow paper; TAIR locus -> UniProt mapped, coordinate-verified in registered proteome v2
AT1G04170	arabidopsis	107	s-nitrosylation	O64490	C	verified	PMC12454217 MOESM2 (S-nitrosylation column)	Novel proteomics workflow paper; TAIR locus -> UniProt mapped, coordinate-verified in registered proteome v2
AT1G04190	arabidopsis	91	s-nitrosylation	F4I464	C	verified	PMC12454217 MOESM2 (S-nitrosylation column)	Novel proteomics workflow paper; TAIR locus -> UniProt mapped, coordinate-verified in registered proteome v2
AT1G04220	arabidopsis	409	s-nitrosylation	Q5XEP9	C	verified	PMC12454217 MOESM2 (S-nitrosylation column)	Novel proteomics workflow paper; TAIR locus -> UniProt mapped, coordinate-verified in registered proteome v2
AT1G04280	arabidopsis	473	s-nitrosylation	Q0WUY1	C	verified	PMC12454217 MOESM2 (S-nitrosylation column)	Novel proteomics workflow paper; TAIR locus -> UniProt mapped, coordinate-verified in registered proteome v2
AT1G04350	arabidopsis	38	s-nitrosylation	P93824	C	verified	PMC12454217 MOESM2 (S-nitrosylation column)	Novel proteomics workflow paper; TAIR locus -> UniProt mapped, coordinate-verified in registered proteome v2
AT1G04410	arabidopsis	79	s-nitrosylation	P93819	C	verified	PMC12454217 MOESM2 (S-nitrosylation column)	Novel proteomics workflow paper; TAIR locus -> UniProt mapped, coordinate-verified in registered proteome v2
AT1G04420	arabidopsis	101	s-nitrosylation	F4I491	C	verified	PMC12454217 MOESM2 (S-nitrosylation column)	Novel proteomics workflow paper; TAIR locus -> UniProt mapped, coordinate-verified in registered proteome v2
AT1G04430	arabidopsis	87	s-nitrosylation	Q940J9	C	verified	PMC12454217 MOESM2 (S-nitrosylation column)	Novel proteomics workflow paper; TAIR locus -> UniProt mapped, coordinate-verified in registered proteome v2
AT1G04480	arabidopsis	28	s-nitrosylation	P49690	C	verified	PMC12454217 MOESM2 (S-nitrosylation column)	Novel proteomics workflow paper; TAIR locus -> UniProt mapped, coordinate-verified in registered proteome v2
AT1G04510	arabidopsis	3	s-nitrosylation	F4I5P3	C	verified	PMC12454217 MOESM2 (S-nitrosylation column)	Novel proteomics workflow paper; TAIR locus -> UniProt mapped, coordinate-verified in registered proteome v2
AT1G04530	arabidopsis	162	s-nitrosylation	F4I5P6	C	verified	PMC12454217 MOESM2 (S-nitrosylation column)	Novel proteomics workflow paper; TAIR locus -> UniProt mapped, coordinate-verified in registered proteome v2
AT1G04620	arabidopsis	80	s-nitrosylation	Q8GS60	C	verified	PMC12454217 MOESM2 (S-nitrosylation column)	Novel proteomics workflow paper; TAIR locus -> UniProt mapped, coordinate-verified in registered proteome v2
AT1G04640	arabidopsis	178	s-nitrosylation	Q9SXP7	C	verified	PMC12454217 MOESM2 (S-nitrosylation column)	Novel proteomics workflow paper; TAIR locus -> UniProt mapped, coordinate-verified in registered proteome v2
AT1G04680	arabidopsis	423	s-nitrosylation	Q940Q1	C	verified	PMC12454217 MOESM2 (S-nitrosylation column)	Novel proteomics workflow paper; TAIR locus -> UniProt mapped, coordinate-verified in registered proteome v2
AT1G04690	arabidopsis	121	s-nitrosylation	O23016	C	verified	PMC12454217 MOESM2 (S-nitrosylation column)	Novel proteomics workflow paper; TAIR locus -> UniProt mapped, coordinate-verified in registered proteome v2
AT1G04710	arabidopsis	130	s-nitrosylation	Q8LF48	C	verified	PMC12454217 MOESM2 (S-nitrosylation column)	Novel proteomics workflow paper; TAIR locus -> UniProt mapped, coordinate-verified in registered proteome v2
AT1G04810	arabidopsis	161	s-nitrosylation	Q9MAT0	C	verified	PMC12454217 MOESM2 (S-nitrosylation column)	Novel proteomics workflow paper; TAIR locus -> UniProt mapped, coordinate-verified in registered proteome v2
AT1G04850	arabidopsis	371	s-nitrosylation	Q7ES33	C	verified	PMC12454217 MOESM2 (S-nitrosylation column)	Novel proteomics workflow paper; TAIR locus -> UniProt mapped, coordinate-verified in registered proteome v2
AT1G04870	arabidopsis	363	s-nitrosylation	Q9MAT5	C	verified	PMC12454217 MOESM2 (S-nitrosylation column)	Novel proteomics workflow paper; TAIR locus -> UniProt mapped, coordinate-verified in registered proteome v2
AT1G04900	arabidopsis	141	s-nitrosylation	F4I760	C	verified	PMC12454217 MOESM2 (S-nitrosylation column)	Novel proteomics workflow paper; TAIR locus -> UniProt mapped, coordinate-verified in registered proteome v2
AT1G04980	arabidopsis	225	s-nitrosylation	Q9MAU6	C	verified	PMC12454217 MOESM2 (S-nitrosylation column)	Novel proteomics workflow paper; TAIR locus -> UniProt mapped, coordinate-verified in registered proteome v2
AT1G05010	arabidopsis	133	s-nitrosylation	Q06588	C	verified	PMC12454217 MOESM2 (S-nitrosylation column)	Novel proteomics workflow paper; TAIR locus -> UniProt mapped, coordinate-verified in registered proteome v2
AT1G05150	arabidopsis	340	s-nitrosylation	O23052	C	verified	PMC12454217 MOESM2 (S-nitrosylation column)	Novel proteomics workflow paper; TAIR locus -> UniProt mapped, coordinate-verified in registered proteome v2
AT1G05180	arabidopsis	101	s-nitrosylation	C0Z261	C	verified	PMC12454217 MOESM2 (S-nitrosylation column)	Novel proteomics workflow paper; TAIR locus -> UniProt mapped, coordinate-verified in registered proteome v2
AT1G05350	arabidopsis	194	s-nitrosylation	O23034	C	verified	PMC12454217 MOESM2 (S-nitrosylation column)	Novel proteomics workflow paper; TAIR locus -> UniProt mapped, coordinate-verified in registered proteome v2
AT1G05500	arabidopsis	191	s-nitrosylation	Q8L706	C	verified	PMC12454217 MOESM2 (S-nitrosylation column)	Novel proteomics workflow paper; TAIR locus -> UniProt mapped, coordinate-verified in registered proteome v2
AT1G05520	arabidopsis	314	s-nitrosylation	Q8H0S3	C	verified	PMC12454217 MOESM2 (S-nitrosylation column)	Novel proteomics workflow paper; TAIR locus -> UniProt mapped, coordinate-verified in registered proteome v2
AT1G05560	arabidopsis	457	s-nitrosylation	A0A1P8AP70	C	verified	PMC12454217 MOESM2 (S-nitrosylation column)	Novel proteomics workflow paper; TAIR locus -> UniProt mapped, coordinate-verified in registered proteome v2
AT1G05680	arabidopsis	206	s-nitrosylation	Q9SYK9	C	verified	PMC12454217 MOESM2 (S-nitrosylation column)	Novel proteomics workflow paper; TAIR locus -> UniProt mapped, coordinate-verified in registered proteome v2
AT1G06130	arabidopsis	213	s-nitrosylation	Q8LDW8	C	verified	PMC12454217 MOESM2 (S-nitrosylation column)	Novel proteomics workflow paper; TAIR locus -> UniProt mapped, coordinate-verified in registered proteome v2
AT1G06200	arabidopsis	203	s-nitrosylation	A0A1P8AQV9	C	verified	PMC12454217 MOESM2 (S-nitrosylation column)	Novel proteomics workflow paper; TAIR locus -> UniProt mapped, coordinate-verified in registered proteome v2
AT1G06220	arabidopsis	688	s-nitrosylation	Q0WW67	C	verified	PMC12454217 MOESM2 (S-nitrosylation column)	Novel proteomics workflow paper; TAIR locus -> UniProt mapped, coordinate-verified in registered proteome v2
AT1G06290	arabidopsis	185	s-nitrosylation	P0CZ23	C	verified	PMC12454217 MOESM2 (S-nitrosylation column)	Novel proteomics workflow paper; TAIR locus -> UniProt mapped, coordinate-verified in registered proteome v2
AT1G06410	arabidopsis	148	s-nitrosylation	Q9LMI0	C	verified	PMC12454217 MOESM2 (S-nitrosylation column)	Novel proteomics workflow paper; TAIR locus -> UniProt mapped, coordinate-verified in registered proteome v2
AT1G06430	arabidopsis	314	s-nitrosylation	Q8W585	C	verified	PMC12454217 MOESM2 (S-nitrosylation column)	Novel proteomics workflow paper; TAIR locus -> UniProt mapped, coordinate-verified in registered proteome v2
AT1G06570	arabidopsis	416	s-nitrosylation	P93836	C	verified	PMC12454217 MOESM2 (S-nitrosylation column)	Novel proteomics workflow paper; TAIR locus -> UniProt mapped, coordinate-verified in registered proteome v2
AT1G06690	arabidopsis	252	s-nitrosylation	Q94A68	C	verified	PMC12454217 MOESM2 (S-nitrosylation column)	Novel proteomics workflow paper; TAIR locus -> UniProt mapped, coordinate-verified in registered proteome v2
AT1G06950	arabidopsis	501	s-nitrosylation	Q8LPR9	C	verified	PMC12454217 MOESM2 (S-nitrosylation column)	Novel proteomics workflow paper; TAIR locus -> UniProt mapped, coordinate-verified in registered proteome v2
AT1G07040	arabidopsis	110	s-nitrosylation	Q9LMJ7	C	verified	PMC12454217 MOESM2 (S-nitrosylation column)	Novel proteomics workflow paper; TAIR locus -> UniProt mapped, coordinate-verified in registered proteome v2
AT1G07080	arabidopsis	125	s-nitrosylation	F4HNX0	C	verified	PMC12454217 MOESM2 (S-nitrosylation column)	Novel proteomics workflow paper; TAIR locus -> UniProt mapped, coordinate-verified in registered proteome v2
AT1G07110	arabidopsis	177	s-nitrosylation	Q9MB58	C	verified	PMC12454217 MOESM2 (S-nitrosylation column)	Novel proteomics workflow paper; TAIR locus -> UniProt mapped, coordinate-verified in registered proteome v2
AT1G07140	arabidopsis	98	s-nitrosylation	Q9LMK7	C	verified	PMC12454217 MOESM2 (S-nitrosylation column)	Novel proteomics workflow paper; TAIR locus -> UniProt mapped, coordinate-verified in registered proteome v2
AT1G07240	arabidopsis	469	s-nitrosylation	Q9FE68	C	verified	PMC12454217 MOESM2 (S-nitrosylation column)	Novel proteomics workflow paper; TAIR locus -> UniProt mapped, coordinate-verified in registered proteome v2
AT1G07250	arabidopsis	312	s-nitrosylation	Q9LML6	C	verified	PMC12454217 MOESM2 (S-nitrosylation column)	Novel proteomics workflow paper; TAIR locus -> UniProt mapped, coordinate-verified in registered proteome v2
AT1G07370	arabidopsis	81	s-nitrosylation	Q9M7Q7	C	verified	PMC12454217 MOESM2 (S-nitrosylation column)	Novel proteomics workflow paper; TAIR locus -> UniProt mapped, coordinate-verified in registered proteome v2
AT1G07410	arabidopsis	38	s-nitrosylation	Q9LNW1	C	verified	PMC12454217 MOESM2 (S-nitrosylation column)	Novel proteomics workflow paper; TAIR locus -> UniProt mapped, coordinate-verified in registered proteome v2
AT1G07440	arabidopsis	54	s-nitrosylation	F4HQN3	C	verified	PMC12454217 MOESM2 (S-nitrosylation column)	Novel proteomics workflow paper; TAIR locus -> UniProt mapped, coordinate-verified in registered proteome v2
AT1G07510	arabidopsis	543	s-nitrosylation	Q8VZI8	C	verified	PMC12454217 MOESM2 (S-nitrosylation column)	Novel proteomics workflow paper; TAIR locus -> UniProt mapped, coordinate-verified in registered proteome v2
AT1G07670	arabidopsis	447	s-nitrosylation	A0A076	C	verified	PMC12454217 MOESM2 (S-nitrosylation column)	Novel proteomics workflow paper; TAIR locus -> UniProt mapped, coordinate-verified in registered proteome v2
AT1G07750	arabidopsis	25	s-nitrosylation	Q7DYL2	C	verified	PMC12454217 MOESM2 (S-nitrosylation column)	Novel proteomics workflow paper; TAIR locus -> UniProt mapped, coordinate-verified in registered proteome v2
AT1G07770	arabidopsis	72	s-nitrosylation	A0A178W5N5	C	verified	PMC12454217 MOESM2 (S-nitrosylation column)	Novel proteomics workflow paper; TAIR locus -> UniProt mapped, coordinate-verified in registered proteome v2
AT1G07780	arabidopsis	186	s-nitrosylation	A0A1P8ATU6	C	verified	PMC12454217 MOESM2 (S-nitrosylation column)	Novel proteomics workflow paper; TAIR locus -> UniProt mapped, coordinate-verified in registered proteome v2
AT1G07810	arabidopsis	34	s-nitrosylation	P92939	C	verified	PMC12454217 MOESM2 (S-nitrosylation column)	Novel proteomics workflow paper; TAIR locus -> UniProt mapped, coordinate-verified in registered proteome v2
AT1G07890	arabidopsis	32	s-nitrosylation	F4HU93	C	verified	PMC12454217 MOESM2 (S-nitrosylation column)	Novel proteomics workflow paper; TAIR locus -> UniProt mapped, coordinate-verified in registered proteome v2
AT1G07940	arabidopsis	87	s-nitrosylation	P0DH99	C	verified	PMC12454217 MOESM2 (S-nitrosylation column)	Novel proteomics workflow paper; TAIR locus -> UniProt mapped, coordinate-verified in registered proteome v2
AT1G08200	arabidopsis	140	s-nitrosylation	Q9SGE0	C	verified	PMC12454217 MOESM2 (S-nitrosylation column)	Novel proteomics workflow paper; TAIR locus -> UniProt mapped, coordinate-verified in registered proteome v2
AT1G08250	arabidopsis	224	s-nitrosylation	Q9SGD6	C	verified	PMC12454217 MOESM2 (S-nitrosylation column)	Novel proteomics workflow paper; TAIR locus -> UniProt mapped, coordinate-verified in registered proteome v2
AT1G08360	arabidopsis	65	s-nitrosylation	Q8VZB9	C	verified	PMC12454217 MOESM2 (S-nitrosylation column)	Novel proteomics workflow paper; TAIR locus -> UniProt mapped, coordinate-verified in registered proteome v2
AT1G08370	arabidopsis	123	s-nitrosylation	Q9SJF3	C	verified	PMC12454217 MOESM2 (S-nitrosylation column)	Novel proteomics workflow paper; TAIR locus -> UniProt mapped, coordinate-verified in registered proteome v2
AT1G08420	arabidopsis	106	s-nitrosylation	B9DFZ9	C	verified	PMC12454217 MOESM2 (S-nitrosylation column)	Novel proteomics workflow paper; TAIR locus -> UniProt mapped, coordinate-verified in registered proteome v2
AT1G08450	arabidopsis	114	s-nitrosylation	F4HW29	C	verified	PMC12454217 MOESM2 (S-nitrosylation column)	Novel proteomics workflow paper; TAIR locus -> UniProt mapped, coordinate-verified in registered proteome v2
AT1G08490	arabidopsis	251	s-nitrosylation	Q93WX6	C	verified	PMC12454217 MOESM2 (S-nitrosylation column)	Novel proteomics workflow paper; TAIR locus -> UniProt mapped, coordinate-verified in registered proteome v2
AT1G08520	arabidopsis	309	s-nitrosylation	Q9SJE1	C	verified	PMC12454217 MOESM2 (S-nitrosylation column)	Novel proteomics workflow paper; TAIR locus -> UniProt mapped, coordinate-verified in registered proteome v2
AT1G08550	arabidopsis	231	s-nitrosylation	B9DGR5	C	verified	PMC12454217 MOESM2 (S-nitrosylation column)	Novel proteomics workflow paper; TAIR locus -> UniProt mapped, coordinate-verified in registered proteome v2
AT1G08830	arabidopsis	101	s-nitrosylation	P24704	C	verified	PMC12454217 MOESM2 (S-nitrosylation column)	Novel proteomics workflow paper; TAIR locus -> UniProt mapped, coordinate-verified in registered proteome v2
AT1G08980	arabidopsis	213	s-nitrosylation	Q9FR37	C	verified	PMC12454217 MOESM2 (S-nitrosylation column)	Novel proteomics workflow paper; TAIR locus -> UniProt mapped, coordinate-verified in registered proteome v2
AT1G09010	arabidopsis	188	s-nitrosylation	Q75W54	C	verified	PMC12454217 MOESM2 (S-nitrosylation column)	Novel proteomics workflow paper; TAIR locus -> UniProt mapped, coordinate-verified in registered proteome v2
AT1G09100	arabidopsis	224	s-nitrosylation	O04019	C	verified	PMC12454217 MOESM2 (S-nitrosylation column)	Novel proteomics workflow paper; TAIR locus -> UniProt mapped, coordinate-verified in registered proteome v2
AT1G09150	arabidopsis	6	s-nitrosylation	F4HZE5	C	verified	PMC12454217 MOESM2 (S-nitrosylation column)	Novel proteomics workflow paper; TAIR locus -> UniProt mapped, coordinate-verified in registered proteome v2
AT1G09210	arabidopsis	108	s-nitrosylation	Q38858	C	verified	PMC12454217 MOESM2 (S-nitrosylation column)	Novel proteomics workflow paper; TAIR locus -> UniProt mapped, coordinate-verified in registered proteome v2
AT1G09270	arabidopsis	199	s-nitrosylation	O80480	C	verified	PMC12454217 MOESM2 (S-nitrosylation column)	Novel proteomics workflow paper; TAIR locus -> UniProt mapped, coordinate-verified in registered proteome v2
AT1G09290	arabidopsis	265	s-nitrosylation	F4HZG8	C	verified	PMC12454217 MOESM2 (S-nitrosylation column)	Novel proteomics workflow paper; TAIR locus -> UniProt mapped, coordinate-verified in registered proteome v2
AT1G09300	arabidopsis	104	s-nitrosylation	F4HZG9	C	verified	PMC12454217 MOESM2 (S-nitrosylation column)	Novel proteomics workflow paper; TAIR locus -> UniProt mapped, coordinate-verified in registered proteome v2
AT1G09310	arabidopsis	21	s-nitrosylation	C0Z2C6	C	verified	PMC12454217 MOESM2 (S-nitrosylation column)	Novel proteomics workflow paper; TAIR locus -> UniProt mapped, coordinate-verified in registered proteome v2
AT1G09340	arabidopsis	162	s-nitrosylation	A0A1P8ATL2	C	verified	PMC12454217 MOESM2 (S-nitrosylation column)	Novel proteomics workflow paper; TAIR locus -> UniProt mapped, coordinate-verified in registered proteome v2
AT1G09430	arabidopsis	163	s-nitrosylation	O80526	C	verified	PMC12454217 MOESM2 (S-nitrosylation column)	Novel proteomics workflow paper; TAIR locus -> UniProt mapped, coordinate-verified in registered proteome v2
AT1G09490	arabidopsis	114	s-nitrosylation	O80532	C	verified	PMC12454217 MOESM2 (S-nitrosylation column)	Novel proteomics workflow paper; TAIR locus -> UniProt mapped, coordinate-verified in registered proteome v2
AT1G09620	arabidopsis	36	s-nitrosylation	F4I116	C	verified	PMC12454217 MOESM2 (S-nitrosylation column)	Novel proteomics workflow paper; TAIR locus -> UniProt mapped, coordinate-verified in registered proteome v2
AT1G09630	arabidopsis	38	s-nitrosylation	O04486	C	verified	PMC12454217 MOESM2 (S-nitrosylation column)	Novel proteomics workflow paper; TAIR locus -> UniProt mapped, coordinate-verified in registered proteome v2
AT1G09640	arabidopsis	343	s-nitrosylation	B9DHI9	C	verified	PMC12454217 MOESM2 (S-nitrosylation column)	Novel proteomics workflow paper; TAIR locus -> UniProt mapped, coordinate-verified in registered proteome v2
AT1G09740	arabidopsis	98	s-nitrosylation	A0A1P8AR53	C	verified	PMC12454217 MOESM2 (S-nitrosylation column)	Novel proteomics workflow paper; TAIR locus -> UniProt mapped, coordinate-verified in registered proteome v2
AT1G09750	arabidopsis	405	s-nitrosylation	O04496	C	verified	PMC12454217 MOESM2 (S-nitrosylation column)	Novel proteomics workflow paper; TAIR locus -> UniProt mapped, coordinate-verified in registered proteome v2
AT1G09770	arabidopsis	107	s-nitrosylation	P92948	C	verified	PMC12454217 MOESM2 (S-nitrosylation column)	Novel proteomics workflow paper; TAIR locus -> UniProt mapped, coordinate-verified in registered proteome v2
AT1G09780	arabidopsis	39	s-nitrosylation	O04499	C	verified	PMC12454217 MOESM2 (S-nitrosylation column)	Novel proteomics workflow paper; TAIR locus -> UniProt mapped, coordinate-verified in registered proteome v2
AT1G09795	arabidopsis	101	s-nitrosylation	Q8GSJ1	C	verified	PMC12454217 MOESM2 (S-nitrosylation column)	Novel proteomics workflow paper; TAIR locus -> UniProt mapped, coordinate-verified in registered proteome v2
AT1G09830	arabidopsis	411	s-nitrosylation	P52420	C	verified	PMC12454217 MOESM2 (S-nitrosylation column)	Novel proteomics workflow paper; TAIR locus -> UniProt mapped, coordinate-verified in registered proteome v2
AT1G09850	arabidopsis	323	s-nitrosylation	F4I2M2	C	verified	PMC12454217 MOESM2 (S-nitrosylation column)	Novel proteomics workflow paper; TAIR locus -> UniProt mapped, coordinate-verified in registered proteome v2
AT1G09870	arabidopsis	433	s-nitrosylation	F4I2M4	C	verified	PMC12454217 MOESM2 (S-nitrosylation column)	Novel proteomics workflow paper; TAIR locus -> UniProt mapped, coordinate-verified in registered proteome v2
AT1G09940	arabidopsis	170	s-nitrosylation	P49294	C	verified	PMC12454217 MOESM2 (S-nitrosylation column)	Novel proteomics workflow paper; TAIR locus -> UniProt mapped, coordinate-verified in registered proteome v2
AT1G10290	arabidopsis	342	s-nitrosylation	Q9SE83	C	verified	PMC12454217 MOESM2 (S-nitrosylation column)	Novel proteomics workflow paper; TAIR locus -> UniProt mapped, coordinate-verified in registered proteome v2
AT1G10310	arabidopsis	167	s-nitrosylation	Q9SY73	C	verified	PMC12454217 MOESM2 (S-nitrosylation column)	Novel proteomics workflow paper; TAIR locus -> UniProt mapped, coordinate-verified in registered proteome v2
AT1G10360	arabidopsis	199	s-nitrosylation	Q9FUS9	C	verified	PMC12454217 MOESM2 (S-nitrosylation column)	Novel proteomics workflow paper; TAIR locus -> UniProt mapped, coordinate-verified in registered proteome v2
AT1G10370	arabidopsis	145	s-nitrosylation	Q9FUS8	C	verified	PMC12454217 MOESM2 (S-nitrosylation column)	Novel proteomics workflow paper; TAIR locus -> UniProt mapped, coordinate-verified in registered proteome v2
AT1G10430	arabidopsis	17	s-nitrosylation	Q07098	C	verified	PMC12454217 MOESM2 (S-nitrosylation column)	Novel proteomics workflow paper; TAIR locus -> UniProt mapped, coordinate-verified in registered proteome v2
AT1G10510	arabidopsis	489	s-nitrosylation	F4I4D0	C	verified	PMC12454217 MOESM2 (S-nitrosylation column)	Novel proteomics workflow paper; TAIR locus -> UniProt mapped, coordinate-verified in registered proteome v2
AT1G10522	arabidopsis	115	s-nitrosylation	Q9XIK0	C	verified	PMC12454217 MOESM2 (S-nitrosylation column)	Novel proteomics workflow paper; TAIR locus -> UniProt mapped, coordinate-verified in registered proteome v2
AT1G10630	arabidopsis	159	s-nitrosylation	F4I5U5	C	verified	PMC12454217 MOESM2 (S-nitrosylation column)	Novel proteomics workflow paper; TAIR locus -> UniProt mapped, coordinate-verified in registered proteome v2
AT1G10670	arabidopsis	323	s-nitrosylation	Q9SGY2	C	verified	PMC12454217 MOESM2 (S-nitrosylation column)	Novel proteomics workflow paper; TAIR locus -> UniProt mapped, coordinate-verified in registered proteome v2
AT1G10700	arabidopsis	102	s-nitrosylation	A0A1P8ANQ1	C	verified	PMC12454217 MOESM2 (S-nitrosylation column)	Novel proteomics workflow paper; TAIR locus -> UniProt mapped, coordinate-verified in registered proteome v2
AT1G10760	arabidopsis	643	s-nitrosylation	Q9SAC6	C	verified	PMC12454217 MOESM2 (S-nitrosylation column)	Novel proteomics workflow paper; TAIR locus -> UniProt mapped, coordinate-verified in registered proteome v2
AT1G10810	arabidopsis	241	s-nitrosylation	A0A1P8AWD7	C	verified	PMC12454217 MOESM2 (S-nitrosylation column)	Novel proteomics workflow paper; TAIR locus -> UniProt mapped, coordinate-verified in registered proteome v2
AT1G10840	arabidopsis	132	s-nitrosylation	Q9C5Z2	C	verified	PMC12454217 MOESM2 (S-nitrosylation column)	Novel proteomics workflow paper; TAIR locus -> UniProt mapped, coordinate-verified in registered proteome v2
AT1G10940	arabidopsis	150	s-nitrosylation	F4I7B6	C	verified	PMC12454217 MOESM2 (S-nitrosylation column)	Novel proteomics workflow paper; TAIR locus -> UniProt mapped, coordinate-verified in registered proteome v2
AT1G10950	arabidopsis	103	s-nitrosylation	Q940G0	C	verified	PMC12454217 MOESM2 (S-nitrosylation column)	Novel proteomics workflow paper; TAIR locus -> UniProt mapped, coordinate-verified in registered proteome v2
AT1G10960	arabidopsis	70	s-nitrosylation	O04090	C	verified	PMC12454217 MOESM2 (S-nitrosylation column)	Novel proteomics workflow paper; TAIR locus -> UniProt mapped, coordinate-verified in registered proteome v2
AT1G11310	arabidopsis	95	s-nitrosylation	B3H6R0	C	verified	PMC12454217 MOESM2 (S-nitrosylation column)	Novel proteomics workflow paper; TAIR locus -> UniProt mapped, coordinate-verified in registered proteome v2
AT1G11360	arabidopsis	145	s-nitrosylation	C0Z2J1	C	verified	PMC12454217 MOESM2 (S-nitrosylation column)	Novel proteomics workflow paper; TAIR locus -> UniProt mapped, coordinate-verified in registered proteome v2
AT1G11430	arabidopsis	85	s-nitrosylation	Q9LPZ1	C	verified	PMC12454217 MOESM2 (S-nitrosylation column)	Novel proteomics workflow paper; TAIR locus -> UniProt mapped, coordinate-verified in registered proteome v2
AT1G11650	arabidopsis	298	s-nitrosylation	Q9SAB3	C	verified	PMC12454217 MOESM2 (S-nitrosylation column)	Novel proteomics workflow paper; TAIR locus -> UniProt mapped, coordinate-verified in registered proteome v2
AT1G11660	arabidopsis	140	s-nitrosylation	Q9SAB1	C	verified	PMC12454217 MOESM2 (S-nitrosylation column)	Novel proteomics workflow paper; TAIR locus -> UniProt mapped, coordinate-verified in registered proteome v2
AT1G11680	arabidopsis	261	s-nitrosylation	Q9SAA9	C	verified	PMC12454217 MOESM2 (S-nitrosylation column)	Novel proteomics workflow paper; TAIR locus -> UniProt mapped, coordinate-verified in registered proteome v2
AT1G11720	arabidopsis	1068	s-nitrosylation	F4IAG1	C	verified	PMC12454217 MOESM2 (S-nitrosylation column)	Novel proteomics workflow paper; TAIR locus -> UniProt mapped, coordinate-verified in registered proteome v2
AT1G11750	arabidopsis	224	s-nitrosylation	F4IAG5	C	verified	PMC12454217 MOESM2 (S-nitrosylation column)	Novel proteomics workflow paper; TAIR locus -> UniProt mapped, coordinate-verified in registered proteome v2
AT1G11840	arabidopsis	149	s-nitrosylation	O65398	C	verified	PMC12454217 MOESM2 (S-nitrosylation column)	Novel proteomics workflow paper; TAIR locus -> UniProt mapped, coordinate-verified in registered proteome v2
AT1G11860	arabidopsis	90	s-nitrosylation	A0A2H1ZEA9	C	verified	PMC12454217 MOESM2 (S-nitrosylation column)	Novel proteomics workflow paper; TAIR locus -> UniProt mapped, coordinate-verified in registered proteome v2
AT1G11870	arabidopsis	430	s-nitrosylation	Q8RWT8	C	verified	PMC12454217 MOESM2 (S-nitrosylation column)	Novel proteomics workflow paper; TAIR locus -> UniProt mapped, coordinate-verified in registered proteome v2
AT1G11910	arabidopsis	422	s-nitrosylation	A0A1P8AV08	C	verified	PMC12454217 MOESM2 (S-nitrosylation column)	Novel proteomics workflow paper; TAIR locus -> UniProt mapped, coordinate-verified in registered proteome v2
AT1G12000	arabidopsis	166	s-nitrosylation	Q8W4M5	C	verified	PMC12454217 MOESM2 (S-nitrosylation column)	Novel proteomics workflow paper; TAIR locus -> UniProt mapped, coordinate-verified in registered proteome v2
AT1G12050	arabidopsis	66	s-nitrosylation	Q8RW90	C	verified	PMC12454217 MOESM2 (S-nitrosylation column)	Novel proteomics workflow paper; TAIR locus -> UniProt mapped, coordinate-verified in registered proteome v2
AT1G12230	arabidopsis	151	s-nitrosylation	F4IC59	C	verified	PMC12454217 MOESM2 (S-nitrosylation column)	Novel proteomics workflow paper; TAIR locus -> UniProt mapped, coordinate-verified in registered proteome v2
AT1G12240	arabidopsis	314	s-nitrosylation	Q39041	C	verified	PMC12454217 MOESM2 (S-nitrosylation column)	Novel proteomics workflow paper; TAIR locus -> UniProt mapped, coordinate-verified in registered proteome v2
AT1G12250	arabidopsis	277	s-nitrosylation	Q8H1Q1	C	verified	PMC12454217 MOESM2 (S-nitrosylation column)	Novel proteomics workflow paper; TAIR locus -> UniProt mapped, coordinate-verified in registered proteome v2
AT1G12270	arabidopsis	443	s-nitrosylation	Q9LNB6	C	verified	PMC12454217 MOESM2 (S-nitrosylation column)	Novel proteomics workflow paper; TAIR locus -> UniProt mapped, coordinate-verified in registered proteome v2
AT1G12410	arabidopsis	162	s-nitrosylation	Q9XJ36	C	verified	PMC12454217 MOESM2 (S-nitrosylation column)	Novel proteomics workflow paper; TAIR locus -> UniProt mapped, coordinate-verified in registered proteome v2
AT1G12470	arabidopsis	624	s-nitrosylation	F4IDS7	C	verified	PMC12454217 MOESM2 (S-nitrosylation column)	Novel proteomics workflow paper; TAIR locus -> UniProt mapped, coordinate-verified in registered proteome v2
AT1G12780	arabidopsis	146	s-nitrosylation	Q42605	C	verified	PMC12454217 MOESM2 (S-nitrosylation column)	Novel proteomics workflow paper; TAIR locus -> UniProt mapped, coordinate-verified in registered proteome v2
AT1G12840	arabidopsis	199	s-nitrosylation	C0SUV0	C	verified	PMC12454217 MOESM2 (S-nitrosylation column)	Novel proteomics workflow paper; TAIR locus -> UniProt mapped, coordinate-verified in registered proteome v2
AT1G12900	arabidopsis	258	s-nitrosylation	A0A1P8APR6	C	verified	PMC12454217 MOESM2 (S-nitrosylation column)	Novel proteomics workflow paper; TAIR locus -> UniProt mapped, coordinate-verified in registered proteome v2
AT1G12920	arabidopsis	386	s-nitrosylation	Q9LPV8	C	verified	PMC12454217 MOESM2 (S-nitrosylation column)	Novel proteomics workflow paper; TAIR locus -> UniProt mapped, coordinate-verified in registered proteome v2
AT1G13060	arabidopsis	109	s-nitrosylation	O23717	C	verified	PMC12454217 MOESM2 (S-nitrosylation column)	Novel proteomics workflow paper; TAIR locus -> UniProt mapped, coordinate-verified in registered proteome v2
AT1G13090	arabidopsis	191	s-nitrosylation	A0A2H1ZEB5	C	verified	PMC12454217 MOESM2 (S-nitrosylation column)	Novel proteomics workflow paper; TAIR locus -> UniProt mapped, coordinate-verified in registered proteome v2
AT1G13110	arabidopsis	184	s-nitrosylation	Q96514	C	verified	PMC12454217 MOESM2 (S-nitrosylation column)	Novel proteomics workflow paper; TAIR locus -> UniProt mapped, coordinate-verified in registered proteome v2
AT1G13180	arabidopsis	278	s-nitrosylation	Q9SAF1	C	verified	PMC12454217 MOESM2 (S-nitrosylation column)	Novel proteomics workflow paper; TAIR locus -> UniProt mapped, coordinate-verified in registered proteome v2
AT1G13210	arabidopsis	42	s-nitrosylation	Q9SAF5	C	verified	PMC12454217 MOESM2 (S-nitrosylation column)	Novel proteomics workflow paper; TAIR locus -> UniProt mapped, coordinate-verified in registered proteome v2
AT1G13270	arabidopsis	139	s-nitrosylation	F4HQQ8	C	verified	PMC12454217 MOESM2 (S-nitrosylation column)	Novel proteomics workflow paper; TAIR locus -> UniProt mapped, coordinate-verified in registered proteome v2
AT1G13280	arabidopsis	110	s-nitrosylation	Q93ZC5	C	verified	PMC12454217 MOESM2 (S-nitrosylation column)	Novel proteomics workflow paper; TAIR locus -> UniProt mapped, coordinate-verified in registered proteome v2
AT1G13320	arabidopsis	111	s-nitrosylation	F4HQR5	C	verified	PMC12454217 MOESM2 (S-nitrosylation column)	Novel proteomics workflow paper; TAIR locus -> UniProt mapped, coordinate-verified in registered proteome v2
AT1G13440	arabidopsis	156	s-nitrosylation	C0Z2I0	C	verified	PMC12454217 MOESM2 (S-nitrosylation column)	Novel proteomics workflow paper; TAIR locus -> UniProt mapped, coordinate-verified in registered proteome v2
AT1G13820	arabidopsis	131	s-nitrosylation	F4HSL3	C	verified	PMC12454217 MOESM2 (S-nitrosylation column)	Novel proteomics workflow paper; TAIR locus -> UniProt mapped, coordinate-verified in registered proteome v2
AT1G13950	arabidopsis	57	s-nitrosylation	Q9XI91	C	verified	PMC12454217 MOESM2 (S-nitrosylation column)	Novel proteomics workflow paper; TAIR locus -> UniProt mapped, coordinate-verified in registered proteome v2
AT1G14000	arabidopsis	151	s-nitrosylation	Q9XI87	C	verified	PMC12454217 MOESM2 (S-nitrosylation column)	Novel proteomics workflow paper; TAIR locus -> UniProt mapped, coordinate-verified in registered proteome v2
AT1G14210	arabidopsis	92	s-nitrosylation	F4HUG9	C	verified	PMC12454217 MOESM2 (S-nitrosylation column)	Novel proteomics workflow paper; TAIR locus -> UniProt mapped, coordinate-verified in registered proteome v2
AT1G14345	arabidopsis	178	s-nitrosylation	F4HUJ5	C	verified	PMC12454217 MOESM2 (S-nitrosylation column)	Novel proteomics workflow paper; TAIR locus -> UniProt mapped, coordinate-verified in registered proteome v2
AT1G14410	arabidopsis	159	s-nitrosylation	Q9M9S3	C	verified	PMC12454217 MOESM2 (S-nitrosylation column)	Novel proteomics workflow paper; TAIR locus -> UniProt mapped, coordinate-verified in registered proteome v2
AT1G14580	arabidopsis	101	s-nitrosylation	A0A1P8ANA3	C	verified	PMC12454217 MOESM2 (S-nitrosylation column)	Novel proteomics workflow paper; TAIR locus -> UniProt mapped, coordinate-verified in registered proteome v2
AT1G14610	arabidopsis	312	s-nitrosylation	P93736	C	verified	PMC12454217 MOESM2 (S-nitrosylation column)	Novel proteomics workflow paper; TAIR locus -> UniProt mapped, coordinate-verified in registered proteome v2
AT1G14670	arabidopsis	431	s-nitrosylation	Q940S0	C	verified	PMC12454217 MOESM2 (S-nitrosylation column)	Novel proteomics workflow paper; TAIR locus -> UniProt mapped, coordinate-verified in registered proteome v2
AT1G14810	arabidopsis	225	s-nitrosylation	A0A1P8ANY1	C	verified	PMC12454217 MOESM2 (S-nitrosylation column)	Novel proteomics workflow paper; TAIR locus -> UniProt mapped, coordinate-verified in registered proteome v2
AT1G14830	arabidopsis	176	s-nitrosylation	Q8LF21	C	verified	PMC12454217 MOESM2 (S-nitrosylation column)	Novel proteomics workflow paper; TAIR locus -> UniProt mapped, coordinate-verified in registered proteome v2
AT1G14850	arabidopsis	1342	s-nitrosylation	F4HXV6	C	verified	PMC12454217 MOESM2 (S-nitrosylation column)	Novel proteomics workflow paper; TAIR locus -> UniProt mapped, coordinate-verified in registered proteome v2
AT1G14910	arabidopsis	71	s-nitrosylation	A0A178W5R2	C	verified	PMC12454217 MOESM2 (S-nitrosylation column)	Novel proteomics workflow paper; TAIR locus -> UniProt mapped, coordinate-verified in registered proteome v2
AT1G15060	arabidopsis	567	s-nitrosylation	A0A1P8ARL1	C	verified	PMC12454217 MOESM2 (S-nitrosylation column)	Novel proteomics workflow paper; TAIR locus -> UniProt mapped, coordinate-verified in registered proteome v2
AT1G15130	arabidopsis	201	s-nitrosylation	F4HXZ1	C	verified	PMC12454217 MOESM2 (S-nitrosylation column)	Novel proteomics workflow paper; TAIR locus -> UniProt mapped, coordinate-verified in registered proteome v2
AT1G15140	arabidopsis	141	s-nitrosylation	F4HXZ3	C	verified	PMC12454217 MOESM2 (S-nitrosylation column)	Novel proteomics workflow paper; TAIR locus -> UniProt mapped, coordinate-verified in registered proteome v2
AT1G15210	arabidopsis	328	s-nitrosylation	Q7PC86	C	verified	PMC12454217 MOESM2 (S-nitrosylation column)	Novel proteomics workflow paper; TAIR locus -> UniProt mapped, coordinate-verified in registered proteome v2
AT1G15230	arabidopsis	61	s-nitrosylation	Q9XI45	C	verified	PMC12454217 MOESM2 (S-nitrosylation column)	Novel proteomics workflow paper; TAIR locus -> UniProt mapped, coordinate-verified in registered proteome v2
AT1G15250	arabidopsis	19	s-nitrosylation	Q8LFH7	C	verified	PMC12454217 MOESM2 (S-nitrosylation column)	Novel proteomics workflow paper; TAIR locus -> UniProt mapped, coordinate-verified in registered proteome v2
AT1G15290	arabidopsis	96	s-nitrosylation	A0A1P8ATX7	C	verified	PMC12454217 MOESM2 (S-nitrosylation column)	Novel proteomics workflow paper; TAIR locus -> UniProt mapped, coordinate-verified in registered proteome v2
AT1G15390	arabidopsis	232	s-nitrosylation	Q9FV53	C	verified	PMC12454217 MOESM2 (S-nitrosylation column)	Novel proteomics workflow paper; TAIR locus -> UniProt mapped, coordinate-verified in registered proteome v2
AT1G15500	arabidopsis	496	s-nitrosylation	P92935	C	verified	PMC12454217 MOESM2 (S-nitrosylation column)	Novel proteomics workflow paper; TAIR locus -> UniProt mapped, coordinate-verified in registered proteome v2
AT1G15690	arabidopsis	634	s-nitrosylation	P31414	C	verified	PMC12454217 MOESM2 (S-nitrosylation column)	Novel proteomics workflow paper; TAIR locus -> UniProt mapped, coordinate-verified in registered proteome v2
AT1G15710	arabidopsis	171	s-nitrosylation	Q9LMR3	C	verified	PMC12454217 MOESM2 (S-nitrosylation column)	Novel proteomics workflow paper; TAIR locus -> UniProt mapped, coordinate-verified in registered proteome v2
AT1G15750	arabidopsis	186	s-nitrosylation	Q94AI7	C	verified	PMC12454217 MOESM2 (S-nitrosylation column)	Novel proteomics workflow paper; TAIR locus -> UniProt mapped, coordinate-verified in registered proteome v2
AT1G15930	arabidopsis	69	s-nitrosylation	Q9S9P1	C	verified	PMC12454217 MOESM2 (S-nitrosylation column)	Novel proteomics workflow paper; TAIR locus -> UniProt mapped, coordinate-verified in registered proteome v2
AT1G15980	arabidopsis	406	s-nitrosylation	Q9S9N6	C	verified	PMC12454217 MOESM2 (S-nitrosylation column)	Novel proteomics workflow paper; TAIR locus -> UniProt mapped, coordinate-verified in registered proteome v2
AT1G16020	arabidopsis	67	s-nitrosylation	F4I2S4	C	verified	PMC12454217 MOESM2 (S-nitrosylation column)	Novel proteomics workflow paper; TAIR locus -> UniProt mapped, coordinate-verified in registered proteome v2
AT1G16080	arabidopsis	97	s-nitrosylation	C0Z2K9	C	verified	PMC12454217 MOESM2 (S-nitrosylation column)	Novel proteomics workflow paper; TAIR locus -> UniProt mapped, coordinate-verified in registered proteome v2
AT1G16190	arabidopsis	41	s-nitrosylation	Q84L32	C	verified	PMC12454217 MOESM2 (S-nitrosylation column)	Novel proteomics workflow paper; TAIR locus -> UniProt mapped, coordinate-verified in registered proteome v2
AT1G16340	arabidopsis	103	s-nitrosylation	F4I2W6	C	verified	PMC12454217 MOESM2 (S-nitrosylation column)	Novel proteomics workflow paper; TAIR locus -> UniProt mapped, coordinate-verified in registered proteome v2
AT1G16350	arabidopsis	112	s-nitrosylation	Q9SA34	C	verified	PMC12454217 MOESM2 (S-nitrosylation column)	Novel proteomics workflow paper; TAIR locus -> UniProt mapped, coordinate-verified in registered proteome v2
AT1G16410	arabidopsis	84	s-nitrosylation	Q949U1	C	verified	PMC12454217 MOESM2 (S-nitrosylation column)	Novel proteomics workflow paper; TAIR locus -> UniProt mapped, coordinate-verified in registered proteome v2
AT1G16460	arabidopsis	260	s-nitrosylation	A0A1P8AU81	C	verified	PMC12454217 MOESM2 (S-nitrosylation column)	Novel proteomics workflow paper; TAIR locus -> UniProt mapped, coordinate-verified in registered proteome v2
AT1G16720	arabidopsis	474	s-nitrosylation	A0A1P8AWU9	C	verified	PMC12454217 MOESM2 (S-nitrosylation column)	Novel proteomics workflow paper; TAIR locus -> UniProt mapped, coordinate-verified in registered proteome v2
AT1G16860	arabidopsis	292	s-nitrosylation	Q9FZ45	C	verified	PMC12454217 MOESM2 (S-nitrosylation column)	Novel proteomics workflow paper; TAIR locus -> UniProt mapped, coordinate-verified in registered proteome v2
AT1G16890	arabidopsis	89	s-nitrosylation	Q9FZ48	C	verified	PMC12454217 MOESM2 (S-nitrosylation column)	Novel proteomics workflow paper; TAIR locus -> UniProt mapped, coordinate-verified in registered proteome v2
AT1G17050	arabidopsis	254	s-nitrosylation	Q76FS5	C	verified	PMC12454217 MOESM2 (S-nitrosylation column)	Novel proteomics workflow paper; TAIR locus -> UniProt mapped, coordinate-verified in registered proteome v2
AT1G17100	arabidopsis	47	s-nitrosylation	Q2HIG6	C	verified	PMC12454217 MOESM2 (S-nitrosylation column)	Novel proteomics workflow paper; TAIR locus -> UniProt mapped, coordinate-verified in registered proteome v2
AT1G17160	arabidopsis	146	s-nitrosylation	A1A6H3	C	verified	PMC12454217 MOESM2 (S-nitrosylation column)	Novel proteomics workflow paper; TAIR locus -> UniProt mapped, coordinate-verified in registered proteome v2
AT1G17220	arabidopsis	554	s-nitrosylation	Q9SHI1	C	verified	PMC12454217 MOESM2 (S-nitrosylation column)	Novel proteomics workflow paper; TAIR locus -> UniProt mapped, coordinate-verified in registered proteome v2
AT1G17260	arabidopsis	210	s-nitrosylation	G9B9K7	C	verified	PMC12454217 MOESM2 (S-nitrosylation column)	Novel proteomics workflow paper; TAIR locus -> UniProt mapped, coordinate-verified in registered proteome v2
AT1G17290	arabidopsis	112	s-nitrosylation	F4I7I0	C	verified	PMC12454217 MOESM2 (S-nitrosylation column)	Novel proteomics workflow paper; TAIR locus -> UniProt mapped, coordinate-verified in registered proteome v2
AT1G17370	arabidopsis	212	s-nitrosylation	B3H4Q3	C	verified	PMC12454217 MOESM2 (S-nitrosylation column)	Novel proteomics workflow paper; TAIR locus -> UniProt mapped, coordinate-verified in registered proteome v2
AT1G17650	arabidopsis	90	s-nitrosylation	F4I907	C	verified	PMC12454217 MOESM2 (S-nitrosylation column)	Novel proteomics workflow paper; TAIR locus -> UniProt mapped, coordinate-verified in registered proteome v2
AT1G17745	arabidopsis	107	s-nitrosylation	O04130	C	verified	PMC12454217 MOESM2 (S-nitrosylation column)	Novel proteomics workflow paper; TAIR locus -> UniProt mapped, coordinate-verified in registered proteome v2
AT1G17890	arabidopsis	125	s-nitrosylation	Q9LMU0	C	verified	PMC12454217 MOESM2 (S-nitrosylation column)	Novel proteomics workflow paper; TAIR locus -> UniProt mapped, coordinate-verified in registered proteome v2
AT1G18070	arabidopsis	388	s-nitrosylation	Q9LMS7	C	verified	PMC12454217 MOESM2 (S-nitrosylation column)	Novel proteomics workflow paper; TAIR locus -> UniProt mapped, coordinate-verified in registered proteome v2
AT1G18080	arabidopsis	138	s-nitrosylation	O24456	C	verified	PMC12454217 MOESM2 (S-nitrosylation column)	Novel proteomics workflow paper; TAIR locus -> UniProt mapped, coordinate-verified in registered proteome v2
AT1G18150	arabidopsis	242	s-nitrosylation	Q9LM33	C	verified	PMC12454217 MOESM2 (S-nitrosylation column)	Novel proteomics workflow paper; TAIR locus -> UniProt mapped, coordinate-verified in registered proteome v2
AT1G18170	arabidopsis	188	s-nitrosylation	Q9LDY5	C	verified	PMC12454217 MOESM2 (S-nitrosylation column)	Novel proteomics workflow paper; TAIR locus -> UniProt mapped, coordinate-verified in registered proteome v2
AT1G18180	arabidopsis	173	s-nitrosylation	A0A1P8AMH3	C	verified	PMC12454217 MOESM2 (S-nitrosylation column)	Novel proteomics workflow paper; TAIR locus -> UniProt mapped, coordinate-verified in registered proteome v2
AT1G18210	arabidopsis	129	s-nitrosylation	Q9LE22	C	verified	PMC12454217 MOESM2 (S-nitrosylation column)	Novel proteomics workflow paper; TAIR locus -> UniProt mapped, coordinate-verified in registered proteome v2
AT1G18270	arabidopsis	348	s-nitrosylation	A0A1P8AVD8	C	verified	PMC12454217 MOESM2 (S-nitrosylation column)	Novel proteomics workflow paper; TAIR locus -> UniProt mapped, coordinate-verified in registered proteome v2
AT1G18450	arabidopsis	19	s-nitrosylation	Q84M92	C	verified	PMC12454217 MOESM2 (S-nitrosylation column)	Novel proteomics workflow paper; TAIR locus -> UniProt mapped, coordinate-verified in registered proteome v2
AT1G18490	arabidopsis	42	s-nitrosylation	Q1G3U6	C	verified	PMC12454217 MOESM2 (S-nitrosylation column)	Novel proteomics workflow paper; TAIR locus -> UniProt mapped, coordinate-verified in registered proteome v2
AT1G18500	arabidopsis	163	s-nitrosylation	Q9LPR4	C	verified	PMC12454217 MOESM2 (S-nitrosylation column)	Novel proteomics workflow paper; TAIR locus -> UniProt mapped, coordinate-verified in registered proteome v2
AT1G18590	arabidopsis	85	s-nitrosylation	Q9FZ80	C	verified	PMC12454217 MOESM2 (S-nitrosylation column)	Novel proteomics workflow paper; TAIR locus -> UniProt mapped, coordinate-verified in registered proteome v2
AT1G19130	arabidopsis	157	s-nitrosylation	F4IE12	C	verified	PMC12454217 MOESM2 (S-nitrosylation column)	Novel proteomics workflow paper; TAIR locus -> UniProt mapped, coordinate-verified in registered proteome v2
AT1G19150	arabidopsis	126	s-nitrosylation	Q8LCQ4	C	verified	PMC12454217 MOESM2 (S-nitrosylation column)	Novel proteomics workflow paper; TAIR locus -> UniProt mapped, coordinate-verified in registered proteome v2
AT1G19520	arabidopsis	562	s-nitrosylation	A0A654ECT9	C	verified	PMC12454217 MOESM2 (S-nitrosylation column)	Novel proteomics workflow paper; TAIR locus -> UniProt mapped, coordinate-verified in registered proteome v2
AT1G19570	arabidopsis	6	s-nitrosylation	Q9FWR4	C	verified	PMC12454217 MOESM2 (S-nitrosylation column)	Novel proteomics workflow paper; TAIR locus -> UniProt mapped, coordinate-verified in registered proteome v2
AT1G19580	arabidopsis	83	s-nitrosylation	F4HP82	C	verified	PMC12454217 MOESM2 (S-nitrosylation column)	Novel proteomics workflow paper; TAIR locus -> UniProt mapped, coordinate-verified in registered proteome v2
AT1G19670	arabidopsis	215	s-nitrosylation	O22527	C	verified	PMC12454217 MOESM2 (S-nitrosylation column)	Novel proteomics workflow paper; TAIR locus -> UniProt mapped, coordinate-verified in registered proteome v2
AT1G19690	arabidopsis	251	s-nitrosylation	F4HQW5	C	verified	PMC12454217 MOESM2 (S-nitrosylation column)	Novel proteomics workflow paper; TAIR locus -> UniProt mapped, coordinate-verified in registered proteome v2
AT1G19920	arabidopsis	170	s-nitrosylation	Q43870	C	verified	PMC12454217 MOESM2 (S-nitrosylation column)	Novel proteomics workflow paper; TAIR locus -> UniProt mapped, coordinate-verified in registered proteome v2
AT1G20010	arabidopsis	12	s-nitrosylation	P29513	C	verified	PMC12454217 MOESM2 (S-nitrosylation column)	Novel proteomics workflow paper; TAIR locus -> UniProt mapped, coordinate-verified in registered proteome v2
AT1G20020	arabidopsis	97	s-nitrosylation	B9DFU4	C	verified	PMC12454217 MOESM2 (S-nitrosylation column)	Novel proteomics workflow paper; TAIR locus -> UniProt mapped, coordinate-verified in registered proteome v2
AT1G20050	arabidopsis	204	s-nitrosylation	O48962	C	verified	PMC12454217 MOESM2 (S-nitrosylation column)	Novel proteomics workflow paper; TAIR locus -> UniProt mapped, coordinate-verified in registered proteome v2
AT1G20110	arabidopsis	334	s-nitrosylation	Q9ASS2	C	verified	PMC12454217 MOESM2 (S-nitrosylation column)	Novel proteomics workflow paper; TAIR locus -> UniProt mapped, coordinate-verified in registered proteome v2
AT1G20140	arabidopsis	61	s-nitrosylation	Q9LNT9	C	verified	PMC12454217 MOESM2 (S-nitrosylation column)	Novel proteomics workflow paper; TAIR locus -> UniProt mapped, coordinate-verified in registered proteome v2
AT1G20160	arabidopsis	432	s-nitrosylation	A0A1P8AUU9	C	verified	PMC12454217 MOESM2 (S-nitrosylation column)	Novel proteomics workflow paper; TAIR locus -> UniProt mapped, coordinate-verified in registered proteome v2
AT1G20200	arabidopsis	240	s-nitrosylation	Q9LNU4	C	verified	PMC12454217 MOESM2 (S-nitrosylation column)	Novel proteomics workflow paper; TAIR locus -> UniProt mapped, coordinate-verified in registered proteome v2
AT1G20260	arabidopsis	179	s-nitrosylation	Q8W4E2	C	verified	PMC12454217 MOESM2 (S-nitrosylation column)	Novel proteomics workflow paper; TAIR locus -> UniProt mapped, coordinate-verified in registered proteome v2
AT1G20330	arabidopsis	132	s-nitrosylation	Q39227	C	verified	PMC12454217 MOESM2 (S-nitrosylation column)	Novel proteomics workflow paper; TAIR locus -> UniProt mapped, coordinate-verified in registered proteome v2
AT1G20340	arabidopsis	152	s-nitrosylation	P42699	C	verified	PMC12454217 MOESM2 (S-nitrosylation column)	Novel proteomics workflow paper; TAIR locus -> UniProt mapped, coordinate-verified in registered proteome v2
AT1G20510	arabidopsis	11	s-nitrosylation	A0A1P8AUM2	C	verified	PMC12454217 MOESM2 (S-nitrosylation column)	Novel proteomics workflow paper; TAIR locus -> UniProt mapped, coordinate-verified in registered proteome v2
AT1G20560	arabidopsis	187	s-nitrosylation	F4HUK6	C	verified	PMC12454217 MOESM2 (S-nitrosylation column)	Novel proteomics workflow paper; TAIR locus -> UniProt mapped, coordinate-verified in registered proteome v2
AT1G20580	arabidopsis	37	s-nitrosylation	Q9LM92	C	verified	PMC12454217 MOESM2 (S-nitrosylation column)	Novel proteomics workflow paper; TAIR locus -> UniProt mapped, coordinate-verified in registered proteome v2
AT1G20620	arabidopsis	86	s-nitrosylation	B9DG18	C	verified	PMC12454217 MOESM2 (S-nitrosylation column)	Novel proteomics workflow paper; TAIR locus -> UniProt mapped, coordinate-verified in registered proteome v2
AT1G20630	arabidopsis	230	s-nitrosylation	Q0WUH6	C	verified	PMC12454217 MOESM2 (S-nitrosylation column)	Novel proteomics workflow paper; TAIR locus -> UniProt mapped, coordinate-verified in registered proteome v2
AT1G20840	arabidopsis	207	s-nitrosylation	Q96290	C	verified	PMC12454217 MOESM2 (S-nitrosylation column)	Novel proteomics workflow paper; TAIR locus -> UniProt mapped, coordinate-verified in registered proteome v2
AT1G20850	arabidopsis	292	s-nitrosylation	Q9LM66	C	verified	PMC12454217 MOESM2 (S-nitrosylation column)	Novel proteomics workflow paper; TAIR locus -> UniProt mapped, coordinate-verified in registered proteome v2
AT1G20950	arabidopsis	28	s-nitrosylation	Q9SYP2	C	verified	PMC12454217 MOESM2 (S-nitrosylation column)	Novel proteomics workflow paper; TAIR locus -> UniProt mapped, coordinate-verified in registered proteome v2
AT1G21065	arabidopsis	92	s-nitrosylation	Q7FXE7	C	verified	PMC12454217 MOESM2 (S-nitrosylation column)	Novel proteomics workflow paper; TAIR locus -> UniProt mapped, coordinate-verified in registered proteome v2
AT1G21080	arabidopsis	282	s-nitrosylation	F4HWD5	C	verified	PMC12454217 MOESM2 (S-nitrosylation column)	Novel proteomics workflow paper; TAIR locus -> UniProt mapped, coordinate-verified in registered proteome v2
AT1G21130	arabidopsis	285	s-nitrosylation	Q9LPU8	C	verified	PMC12454217 MOESM2 (S-nitrosylation column)	Novel proteomics workflow paper; TAIR locus -> UniProt mapped, coordinate-verified in registered proteome v2
AT1G21250	arabidopsis	312	s-nitrosylation	Q39191	C	verified	PMC12454217 MOESM2 (S-nitrosylation column)	Novel proteomics workflow paper; TAIR locus -> UniProt mapped, coordinate-verified in registered proteome v2
AT1G21350	arabidopsis	135	s-nitrosylation	A0A1P8ATZ7	C	verified	PMC12454217 MOESM2 (S-nitrosylation column)	Novel proteomics workflow paper; TAIR locus -> UniProt mapped, coordinate-verified in registered proteome v2
AT1G21380	arabidopsis	72	s-nitrosylation	Q9LPL6	C	verified	PMC12454217 MOESM2 (S-nitrosylation column)	Novel proteomics workflow paper; TAIR locus -> UniProt mapped, coordinate-verified in registered proteome v2
AT1G21440	arabidopsis	145	s-nitrosylation	F4HY06	C	verified	PMC12454217 MOESM2 (S-nitrosylation column)	Novel proteomics workflow paper; TAIR locus -> UniProt mapped, coordinate-verified in registered proteome v2
AT1G21670	arabidopsis	672	s-nitrosylation	Q9XI11	C	verified	PMC12454217 MOESM2 (S-nitrosylation column)	Novel proteomics workflow paper; TAIR locus -> UniProt mapped, coordinate-verified in registered proteome v2
AT1G21680	arabidopsis	266	s-nitrosylation	Q7E720	C	verified	PMC12454217 MOESM2 (S-nitrosylation column)	Novel proteomics workflow paper; TAIR locus -> UniProt mapped, coordinate-verified in registered proteome v2
AT1G21720	arabidopsis	19	s-nitrosylation	Q9XI05	C	verified	PMC12454217 MOESM2 (S-nitrosylation column)	Novel proteomics workflow paper; TAIR locus -> UniProt mapped, coordinate-verified in registered proteome v2
AT1G22280	arabidopsis	275	s-nitrosylation	Q9LME4	C	verified	PMC12454217 MOESM2 (S-nitrosylation column)	Novel proteomics workflow paper; TAIR locus -> UniProt mapped, coordinate-verified in registered proteome v2
AT1G22300	arabidopsis	98	s-nitrosylation	B9DFR1	C	verified	PMC12454217 MOESM2 (S-nitrosylation column)	Novel proteomics workflow paper; TAIR locus -> UniProt mapped, coordinate-verified in registered proteome v2
AT1G22360	arabidopsis	90	s-nitrosylation	F4I1C6	C	verified	PMC12454217 MOESM2 (S-nitrosylation column)	Novel proteomics workflow paper; TAIR locus -> UniProt mapped, coordinate-verified in registered proteome v2
AT1G22370	arabidopsis	358	s-nitrosylation	Q9LMF0	C	verified	PMC12454217 MOESM2 (S-nitrosylation column)	Novel proteomics workflow paper; TAIR locus -> UniProt mapped, coordinate-verified in registered proteome v2
AT1G22400	arabidopsis	169	s-nitrosylation	Q9SK82	C	verified	PMC12454217 MOESM2 (S-nitrosylation column)	Novel proteomics workflow paper; TAIR locus -> UniProt mapped, coordinate-verified in registered proteome v2
AT1G22410	arabidopsis	139	s-nitrosylation	Q9SK84	C	verified	PMC12454217 MOESM2 (S-nitrosylation column)	Novel proteomics workflow paper; TAIR locus -> UniProt mapped, coordinate-verified in registered proteome v2
AT1G22430	arabidopsis	257	s-nitrosylation	A0A1P8APV8	C	verified	PMC12454217 MOESM2 (S-nitrosylation column)	Novel proteomics workflow paper; TAIR locus -> UniProt mapped, coordinate-verified in registered proteome v2
AT1G22520	arabidopsis	20	s-nitrosylation	F4I1E5	C	verified	PMC12454217 MOESM2 (S-nitrosylation column)	Novel proteomics workflow paper; TAIR locus -> UniProt mapped, coordinate-verified in registered proteome v2
AT1G22730	arabidopsis	661	s-nitrosylation	O80548	C	verified	PMC12454217 MOESM2 (S-nitrosylation column)	Novel proteomics workflow paper; TAIR locus -> UniProt mapped, coordinate-verified in registered proteome v2
AT1G22920	arabidopsis	222	s-nitrosylation	Q8LAZ7	C	verified	PMC12454217 MOESM2 (S-nitrosylation column)	Novel proteomics workflow paper; TAIR locus -> UniProt mapped, coordinate-verified in registered proteome v2
AT1G22940	arabidopsis	303	s-nitrosylation	Q5M731	C	verified	PMC12454217 MOESM2 (S-nitrosylation column)	Novel proteomics workflow paper; TAIR locus -> UniProt mapped, coordinate-verified in registered proteome v2
AT1G23080	arabidopsis	39	s-nitrosylation	A8MQX0	C	verified	PMC12454217 MOESM2 (S-nitrosylation column)	Novel proteomics workflow paper; TAIR locus -> UniProt mapped, coordinate-verified in registered proteome v2
AT1G23130	arabidopsis	48	s-nitrosylation	O49304	C	verified	PMC12454217 MOESM2 (S-nitrosylation column)	Novel proteomics workflow paper; TAIR locus -> UniProt mapped, coordinate-verified in registered proteome v2
AT1G23180	arabidopsis	164	s-nitrosylation	A0A1P8AUF8	C	verified	PMC12454217 MOESM2 (S-nitrosylation column)	Novel proteomics workflow paper; TAIR locus -> UniProt mapped, coordinate-verified in registered proteome v2
AT1G23190	arabidopsis	225	s-nitrosylation	O49299	C	verified	PMC12454217 MOESM2 (S-nitrosylation column)	Novel proteomics workflow paper; TAIR locus -> UniProt mapped, coordinate-verified in registered proteome v2
AT1G23230	arabidopsis	291	s-nitrosylation	A0A1P8AUG4	C	verified	PMC12454217 MOESM2 (S-nitrosylation column)	Novel proteomics workflow paper; TAIR locus -> UniProt mapped, coordinate-verified in registered proteome v2
AT1G23290	arabidopsis	70	s-nitrosylation	Q9LR33	C	verified	PMC12454217 MOESM2 (S-nitrosylation column)	Novel proteomics workflow paper; TAIR locus -> UniProt mapped, coordinate-verified in registered proteome v2
AT1G23310	arabidopsis	18	s-nitrosylation	Q9LR30	C	verified	PMC12454217 MOESM2 (S-nitrosylation column)	Novel proteomics workflow paper; TAIR locus -> UniProt mapped, coordinate-verified in registered proteome v2
AT1G23440	arabidopsis	113	s-nitrosylation	A0A1P8AP58	C	verified	PMC12454217 MOESM2 (S-nitrosylation column)	Novel proteomics workflow paper; TAIR locus -> UniProt mapped, coordinate-verified in registered proteome v2
AT1G23740	arabidopsis	301	s-nitrosylation	Q9ZUC1	C	verified	PMC12454217 MOESM2 (S-nitrosylation column)	Novel proteomics workflow paper; TAIR locus -> UniProt mapped, coordinate-verified in registered proteome v2
AT1G23820	arabidopsis	116	s-nitrosylation	Q9ZUB3	C	verified	PMC12454217 MOESM2 (S-nitrosylation column)	Novel proteomics workflow paper; TAIR locus -> UniProt mapped, coordinate-verified in registered proteome v2
AT1G23900	arabidopsis	163	s-nitrosylation	Q84K16	C	verified	PMC12454217 MOESM2 (S-nitrosylation column)	Novel proteomics workflow paper; TAIR locus -> UniProt mapped, coordinate-verified in registered proteome v2
AT1G24040	arabidopsis	216	s-nitrosylation	Q9LR91	C	verified	PMC12454217 MOESM2 (S-nitrosylation column)	Novel proteomics workflow paper; TAIR locus -> UniProt mapped, coordinate-verified in registered proteome v2
AT1G24050	arabidopsis	160	s-nitrosylation	F4I7R1	C	verified	PMC12454217 MOESM2 (S-nitrosylation column)	Novel proteomics workflow paper; TAIR locus -> UniProt mapped, coordinate-verified in registered proteome v2
AT1G24100	arabidopsis	265	s-nitrosylation	O48676	C	verified	PMC12454217 MOESM2 (S-nitrosylation column)	Novel proteomics workflow paper; TAIR locus -> UniProt mapped, coordinate-verified in registered proteome v2
AT1G24180	arabidopsis	179	s-nitrosylation	Q8H1Y0	C	verified	PMC12454217 MOESM2 (S-nitrosylation column)	Novel proteomics workflow paper; TAIR locus -> UniProt mapped, coordinate-verified in registered proteome v2
AT1G24360	arabidopsis	255	s-nitrosylation	P33207	C	verified	PMC12454217 MOESM2 (S-nitrosylation column)	Novel proteomics workflow paper; TAIR locus -> UniProt mapped, coordinate-verified in registered proteome v2
AT1G24510	arabidopsis	165	s-nitrosylation	O04450	C	verified	PMC12454217 MOESM2 (S-nitrosylation column)	Novel proteomics workflow paper; TAIR locus -> UniProt mapped, coordinate-verified in registered proteome v2
AT1G25350	arabidopsis	51	s-nitrosylation	F4ICG2	C	verified	PMC12454217 MOESM2 (S-nitrosylation column)	Novel proteomics workflow paper; TAIR locus -> UniProt mapped, coordinate-verified in registered proteome v2
AT1G25375	arabidopsis	139	s-nitrosylation	F4ICG6	C	verified	PMC12454217 MOESM2 (S-nitrosylation column)	Novel proteomics workflow paper; TAIR locus -> UniProt mapped, coordinate-verified in registered proteome v2
AT1G25380	arabidopsis	36	s-nitrosylation	Q8RWA5	C	verified	PMC12454217 MOESM2 (S-nitrosylation column)	Novel proteomics workflow paper; TAIR locus -> UniProt mapped, coordinate-verified in registered proteome v2
AT1G25420	arabidopsis	116	s-nitrosylation	Q7E6V3	C	verified	PMC12454217 MOESM2 (S-nitrosylation column)	Novel proteomics workflow paper; TAIR locus -> UniProt mapped, coordinate-verified in registered proteome v2
AT1G25490	arabidopsis	111	s-nitrosylation	Q38845	C	verified	PMC12454217 MOESM2 (S-nitrosylation column)	Novel proteomics workflow paper; TAIR locus -> UniProt mapped, coordinate-verified in registered proteome v2
AT1G26160	arabidopsis	169	s-nitrosylation	A0A1P8ANS1	C	verified	PMC12454217 MOESM2 (S-nitrosylation column)	Novel proteomics workflow paper; TAIR locus -> UniProt mapped, coordinate-verified in registered proteome v2
AT1G26220	arabidopsis	158	s-nitrosylation	Q9C666	C	verified	PMC12454217 MOESM2 (S-nitrosylation column)	Novel proteomics workflow paper; TAIR locus -> UniProt mapped, coordinate-verified in registered proteome v2
AT1G26300	arabidopsis	190	s-nitrosylation	F4IE54	C	verified	PMC12454217 MOESM2 (S-nitrosylation column)	Novel proteomics workflow paper; TAIR locus -> UniProt mapped, coordinate-verified in registered proteome v2
AT1G26340	arabidopsis	22	s-nitrosylation	Q9FDW8	C	verified	PMC12454217 MOESM2 (S-nitrosylation column)	Novel proteomics workflow paper; TAIR locus -> UniProt mapped, coordinate-verified in registered proteome v2
AT1G26550	arabidopsis	40	s-nitrosylation	F4HP93	C	verified	PMC12454217 MOESM2 (S-nitrosylation column)	Novel proteomics workflow paper; TAIR locus -> UniProt mapped, coordinate-verified in registered proteome v2
AT1G26570	arabidopsis	272	s-nitrosylation	Q9FZE1	C	verified	PMC12454217 MOESM2 (S-nitrosylation column)	Novel proteomics workflow paper; TAIR locus -> UniProt mapped, coordinate-verified in registered proteome v2
AT1G26630	arabidopsis	57	s-nitrosylation	Q93VP3	C	verified	PMC12454217 MOESM2 (S-nitrosylation column)	Novel proteomics workflow paper; TAIR locus -> UniProt mapped, coordinate-verified in registered proteome v2
AT1G26640	arabidopsis	43	s-nitrosylation	Q8H1F7	C	verified	PMC12454217 MOESM2 (S-nitrosylation column)	Novel proteomics workflow paper; TAIR locus -> UniProt mapped, coordinate-verified in registered proteome v2
AT1G26761	arabidopsis	332	s-nitrosylation	F4HPB9	C	verified	PMC12454217 MOESM2 (S-nitrosylation column)	Novel proteomics workflow paper; TAIR locus -> UniProt mapped, coordinate-verified in registered proteome v2
AT1G26830	arabidopsis	453	s-nitrosylation	Q9ZVH4	C	verified	PMC12454217 MOESM2 (S-nitrosylation column)	Novel proteomics workflow paper; TAIR locus -> UniProt mapped, coordinate-verified in registered proteome v2
AT1G26850	arabidopsis	56	s-nitrosylation	B9DFI7	C	verified	PMC12454217 MOESM2 (S-nitrosylation column)	Novel proteomics workflow paper; TAIR locus -> UniProt mapped, coordinate-verified in registered proteome v2
AT1G26910	arabidopsis	49	s-nitrosylation	Q08770	C	verified	PMC12454217 MOESM2 (S-nitrosylation column)	Novel proteomics workflow paper; TAIR locus -> UniProt mapped, coordinate-verified in registered proteome v2
AT1G27020	arabidopsis	280	s-nitrosylation	O04551	C	verified	PMC12454217 MOESM2 (S-nitrosylation column)	Novel proteomics workflow paper; TAIR locus -> UniProt mapped, coordinate-verified in registered proteome v2
AT1G27090	arabidopsis	220	s-nitrosylation	Q9LFX8	C	verified	PMC12454217 MOESM2 (S-nitrosylation column)	Novel proteomics workflow paper; TAIR locus -> UniProt mapped, coordinate-verified in registered proteome v2
AT1G27130	arabidopsis	110	s-nitrosylation	Q9FUS6	C	verified	PMC12454217 MOESM2 (S-nitrosylation column)	Novel proteomics workflow paper; TAIR locus -> UniProt mapped, coordinate-verified in registered proteome v2
AT1G27310	arabidopsis	60	s-nitrosylation	Q9FZK4	C	verified	PMC12454217 MOESM2 (S-nitrosylation column)	Novel proteomics workflow paper; TAIR locus -> UniProt mapped, coordinate-verified in registered proteome v2
AT1G27400	arabidopsis	145	s-nitrosylation	Q93VI3	C	verified	PMC12454217 MOESM2 (S-nitrosylation column)	Novel proteomics workflow paper; TAIR locus -> UniProt mapped, coordinate-verified in registered proteome v2
AT1G27450	arabidopsis	258	s-nitrosylation	F4HSX1	C	verified	PMC12454217 MOESM2 (S-nitrosylation column)	Novel proteomics workflow paper; TAIR locus -> UniProt mapped, coordinate-verified in registered proteome v2
AT1G27500	arabidopsis	435	s-nitrosylation	A0A1P8ARZ2	C	verified	PMC12454217 MOESM2 (S-nitrosylation column)	Novel proteomics workflow paper; TAIR locus -> UniProt mapped, coordinate-verified in registered proteome v2
AT1G27650	arabidopsis	18	s-nitrosylation	Q9S709	C	verified	PMC12454217 MOESM2 (S-nitrosylation column)	Novel proteomics workflow paper; TAIR locus -> UniProt mapped, coordinate-verified in registered proteome v2
AT1G27752	arabidopsis	233	s-nitrosylation	B3H6L4	C	verified	PMC12454217 MOESM2 (S-nitrosylation column)	Novel proteomics workflow paper; TAIR locus -> UniProt mapped, coordinate-verified in registered proteome v2
AT1G27770	arabidopsis	99	s-nitrosylation	F4HUS8	C	verified	PMC12454217 MOESM2 (S-nitrosylation column)	Novel proteomics workflow paper; TAIR locus -> UniProt mapped, coordinate-verified in registered proteome v2
AT1G27970	arabidopsis	63	s-nitrosylation	A8MS55	C	verified	PMC12454217 MOESM2 (S-nitrosylation column)	Novel proteomics workflow paper; TAIR locus -> UniProt mapped, coordinate-verified in registered proteome v2
AT1G28120	arabidopsis	92	s-nitrosylation	Q8LG98	C	verified	PMC12454217 MOESM2 (S-nitrosylation column)	Novel proteomics workflow paper; TAIR locus -> UniProt mapped, coordinate-verified in registered proteome v2
AT1G28290	arabidopsis	357	s-nitrosylation	Q9FZA2	C	verified	PMC12454217 MOESM2 (S-nitrosylation column)	Novel proteomics workflow paper; TAIR locus -> UniProt mapped, coordinate-verified in registered proteome v2
AT1G28350	arabidopsis	39	s-nitrosylation	F4HWL4	C	verified	PMC12454217 MOESM2 (S-nitrosylation column)	Novel proteomics workflow paper; TAIR locus -> UniProt mapped, coordinate-verified in registered proteome v2
AT1G29030	arabidopsis	97	s-nitrosylation	A0A1P8AUI7	C	verified	PMC12454217 MOESM2 (S-nitrosylation column)	Novel proteomics workflow paper; TAIR locus -> UniProt mapped, coordinate-verified in registered proteome v2
AT1G29070	arabidopsis	146	s-nitrosylation	Q9LP37	C	verified	PMC12454217 MOESM2 (S-nitrosylation column)	Novel proteomics workflow paper; TAIR locus -> UniProt mapped, coordinate-verified in registered proteome v2
AT1G29150	arabidopsis	51	s-nitrosylation	Q9LP45	C	verified	PMC12454217 MOESM2 (S-nitrosylation column)	Novel proteomics workflow paper; TAIR locus -> UniProt mapped, coordinate-verified in registered proteome v2
AT1G29260	arabidopsis	172	s-nitrosylation	Q9XF57	C	verified	PMC12454217 MOESM2 (S-nitrosylation column)	Novel proteomics workflow paper; TAIR locus -> UniProt mapped, coordinate-verified in registered proteome v2
AT1G29530	arabidopsis	113	s-nitrosylation	F4I1I6	C	verified	PMC12454217 MOESM2 (S-nitrosylation column)	Novel proteomics workflow paper; TAIR locus -> UniProt mapped, coordinate-verified in registered proteome v2
AT1G29670	arabidopsis	293	s-nitrosylation	A0A1P8ASL8	C	verified	PMC12454217 MOESM2 (S-nitrosylation column)	Novel proteomics workflow paper; TAIR locus -> UniProt mapped, coordinate-verified in registered proteome v2
AT1G29840	arabidopsis	242	s-nitrosylation	F4I353	C	verified	PMC12454217 MOESM2 (S-nitrosylation column)	Novel proteomics workflow paper; TAIR locus -> UniProt mapped, coordinate-verified in registered proteome v2
AT1G29880	arabidopsis	151	s-nitrosylation	O23627	C	verified	PMC12454217 MOESM2 (S-nitrosylation column)	Novel proteomics workflow paper; TAIR locus -> UniProt mapped, coordinate-verified in registered proteome v2
AT1G29900	arabidopsis	246	s-nitrosylation	Q42601	C	verified	PMC12454217 MOESM2 (S-nitrosylation column)	Novel proteomics workflow paper; TAIR locus -> UniProt mapped, coordinate-verified in registered proteome v2
AT1G29930	arabidopsis	113	s-nitrosylation	P04778	C	verified	PMC12454217 MOESM2 (S-nitrosylation column)	Novel proteomics workflow paper; TAIR locus -> UniProt mapped, coordinate-verified in registered proteome v2
AT1G30120	arabidopsis	230	s-nitrosylation	Q9C6Z3	C	verified	PMC12454217 MOESM2 (S-nitrosylation column)	Novel proteomics workflow paper; TAIR locus -> UniProt mapped, coordinate-verified in registered proteome v2
AT1G30270	arabidopsis	145	s-nitrosylation	A0A1P8ANQ5	C	verified	PMC12454217 MOESM2 (S-nitrosylation column)	Novel proteomics workflow paper; TAIR locus -> UniProt mapped, coordinate-verified in registered proteome v2
AT1G30360	arabidopsis	330	s-nitrosylation	Q9C8G5	C	verified	PMC12454217 MOESM2 (S-nitrosylation column)	Novel proteomics workflow paper; TAIR locus -> UniProt mapped, coordinate-verified in registered proteome v2
AT1G30380	arabidopsis	109	s-nitrosylation	Q9SUI5	C	verified	PMC12454217 MOESM2 (S-nitrosylation column)	Novel proteomics workflow paper; TAIR locus -> UniProt mapped, coordinate-verified in registered proteome v2
AT1G30400	arabidopsis	761	s-nitrosylation	Q9C8G9	C	verified	PMC12454217 MOESM2 (S-nitrosylation column)	Novel proteomics workflow paper; TAIR locus -> UniProt mapped, coordinate-verified in registered proteome v2
AT1G30510	arabidopsis	120	s-nitrosylation	Q9S9P8	C	verified	PMC12454217 MOESM2 (S-nitrosylation column)	Novel proteomics workflow paper; TAIR locus -> UniProt mapped, coordinate-verified in registered proteome v2
AT1G30580	arabidopsis	57	s-nitrosylation	Q9SA73	C	verified	PMC12454217 MOESM2 (S-nitrosylation column)	Novel proteomics workflow paper; TAIR locus -> UniProt mapped, coordinate-verified in registered proteome v2
AT1G30630	arabidopsis	44	s-nitrosylation	Q9SA78	C	verified	PMC12454217 MOESM2 (S-nitrosylation column)	Novel proteomics workflow paper; TAIR locus -> UniProt mapped, coordinate-verified in registered proteome v2
AT1G30690	arabidopsis	282	s-nitrosylation	B9DHD5	C	verified	PMC12454217 MOESM2 (S-nitrosylation column)	Novel proteomics workflow paper; TAIR locus -> UniProt mapped, coordinate-verified in registered proteome v2
AT1G30825	arabidopsis	208	s-nitrosylation	Q8LGI3	C	verified	PMC12454217 MOESM2 (S-nitrosylation column)	Novel proteomics workflow paper; TAIR locus -> UniProt mapped, coordinate-verified in registered proteome v2
AT1G31070	arabidopsis	171	s-nitrosylation	F4I7V2	C	verified	PMC12454217 MOESM2 (S-nitrosylation column)	Novel proteomics workflow paper; TAIR locus -> UniProt mapped, coordinate-verified in registered proteome v2
AT1G31180	arabidopsis	244	s-nitrosylation	A0A1P8AUM8	C	verified	PMC12454217 MOESM2 (S-nitrosylation column)	Novel proteomics workflow paper; TAIR locus -> UniProt mapped, coordinate-verified in registered proteome v2
AT1G31190	arabidopsis	222	s-nitrosylation	Q94F00	C	verified	PMC12454217 MOESM2 (S-nitrosylation column)	Novel proteomics workflow paper; TAIR locus -> UniProt mapped, coordinate-verified in registered proteome v2
AT1G31230	arabidopsis	93	s-nitrosylation	Q9SA18	C	verified	PMC12454217 MOESM2 (S-nitrosylation column)	Novel proteomics workflow paper; TAIR locus -> UniProt mapped, coordinate-verified in registered proteome v2
AT1G31330	arabidopsis	130	s-nitrosylation	Q9SHE8	C	verified	PMC12454217 MOESM2 (S-nitrosylation column)	Novel proteomics workflow paper; TAIR locus -> UniProt mapped, coordinate-verified in registered proteome v2
AT1G31410	arabidopsis	467	s-nitrosylation	F4I9D4	C	verified	PMC12454217 MOESM2 (S-nitrosylation column)	Novel proteomics workflow paper; TAIR locus -> UniProt mapped, coordinate-verified in registered proteome v2
AT1G31440	arabidopsis	133	s-nitrosylation	Q9C865	C	verified	PMC12454217 MOESM2 (S-nitrosylation column)	Novel proteomics workflow paper; TAIR locus -> UniProt mapped, coordinate-verified in registered proteome v2
AT1G31730	arabidopsis	567	s-nitrosylation	Q8L7A9	C	verified	PMC12454217 MOESM2 (S-nitrosylation column)	Novel proteomics workflow paper; TAIR locus -> UniProt mapped, coordinate-verified in registered proteome v2
AT1G31800	arabidopsis	328	s-nitrosylation	Q93VK5	C	verified	PMC12454217 MOESM2 (S-nitrosylation column)	Novel proteomics workflow paper; TAIR locus -> UniProt mapped, coordinate-verified in registered proteome v2
AT1G31810	arabidopsis	1165	s-nitrosylation	Q9C6S1	C	verified	PMC12454217 MOESM2 (S-nitrosylation column)	Novel proteomics workflow paper; TAIR locus -> UniProt mapped, coordinate-verified in registered proteome v2
AT1G31860	arabidopsis	212	s-nitrosylation	A0A1P8AUE7	C	verified	PMC12454217 MOESM2 (S-nitrosylation column)	Novel proteomics workflow paper; TAIR locus -> UniProt mapped, coordinate-verified in registered proteome v2
AT1G31910	arabidopsis	245	s-nitrosylation	Q9C6T1	C	verified	PMC12454217 MOESM2 (S-nitrosylation column)	Novel proteomics workflow paper; TAIR locus -> UniProt mapped, coordinate-verified in registered proteome v2
AT1G31970	arabidopsis	417	s-nitrosylation	Q9C551	C	verified	PMC12454217 MOESM2 (S-nitrosylation column)	Novel proteomics workflow paper; TAIR locus -> UniProt mapped, coordinate-verified in registered proteome v2
AT1G32060	arabidopsis	46	s-nitrosylation	P25697	C	verified	PMC12454217 MOESM2 (S-nitrosylation column)	Novel proteomics workflow paper; TAIR locus -> UniProt mapped, coordinate-verified in registered proteome v2
AT1G32080	arabidopsis	498	s-nitrosylation	Q9FVQ4	C	verified	PMC12454217 MOESM2 (S-nitrosylation column)	Novel proteomics workflow paper; TAIR locus -> UniProt mapped, coordinate-verified in registered proteome v2
AT1G32200	arabidopsis	410	s-nitrosylation	Q43307	C	verified	PMC12454217 MOESM2 (S-nitrosylation column)	Novel proteomics workflow paper; TAIR locus -> UniProt mapped, coordinate-verified in registered proteome v2
AT1G32440	arabidopsis	105	s-nitrosylation	Q93Z53	C	verified	PMC12454217 MOESM2 (S-nitrosylation column)	Novel proteomics workflow paper; TAIR locus -> UniProt mapped, coordinate-verified in registered proteome v2
AT1G32470	arabidopsis	159	s-nitrosylation	Q9LQL0	C	verified	PMC12454217 MOESM2 (S-nitrosylation column)	Novel proteomics workflow paper; TAIR locus -> UniProt mapped, coordinate-verified in registered proteome v2
AT1G32500	arabidopsis	332	s-nitrosylation	Q9LQK7	C	verified	PMC12454217 MOESM2 (S-nitrosylation column)	Novel proteomics workflow paper; TAIR locus -> UniProt mapped, coordinate-verified in registered proteome v2
AT1G32550	arabidopsis	97	s-nitrosylation	Q9C7Y4	C	verified	PMC12454217 MOESM2 (S-nitrosylation column)	Novel proteomics workflow paper; TAIR locus -> UniProt mapped, coordinate-verified in registered proteome v2
AT1G32900	arabidopsis	124	s-nitrosylation	Q9MAQ0	C	verified	PMC12454217 MOESM2 (S-nitrosylation column)	Novel proteomics workflow paper; TAIR locus -> UniProt mapped, coordinate-verified in registered proteome v2
AT1G32990	arabidopsis	187	s-nitrosylation	Q9MAP3	C	verified	PMC12454217 MOESM2 (S-nitrosylation column)	Novel proteomics workflow paper; TAIR locus -> UniProt mapped, coordinate-verified in registered proteome v2
AT1G33140	arabidopsis	161	s-nitrosylation	P49209	C	verified	PMC12454217 MOESM2 (S-nitrosylation column)	Novel proteomics workflow paper; TAIR locus -> UniProt mapped, coordinate-verified in registered proteome v2
AT1G33600	arabidopsis	68	s-nitrosylation	Q9FW48	C	verified	PMC12454217 MOESM2 (S-nitrosylation column)	Novel proteomics workflow paper; TAIR locus -> UniProt mapped, coordinate-verified in registered proteome v2
AT1G33960	arabidopsis	223	s-nitrosylation	A0A1P8AUC4	C	verified	PMC12454217 MOESM2 (S-nitrosylation column)	Novel proteomics workflow paper; TAIR locus -> UniProt mapped, coordinate-verified in registered proteome v2
AT1G33990	arabidopsis	196	s-nitrosylation	Q9FVW3	C	verified	PMC12454217 MOESM2 (S-nitrosylation column)	Novel proteomics workflow paper; TAIR locus -> UniProt mapped, coordinate-verified in registered proteome v2
AT1G34430	arabidopsis	316	s-nitrosylation	Q9C8P0	C	verified	PMC12454217 MOESM2 (S-nitrosylation column)	Novel proteomics workflow paper; TAIR locus -> UniProt mapped, coordinate-verified in registered proteome v2
AT1G35160	arabidopsis	106	s-nitrosylation	F4HWQ5	C	verified	PMC12454217 MOESM2 (S-nitrosylation column)	Novel proteomics workflow paper; TAIR locus -> UniProt mapped, coordinate-verified in registered proteome v2
AT1G35420	arabidopsis	258	s-nitrosylation	F4HYC8	C	verified	PMC12454217 MOESM2 (S-nitrosylation column)	Novel proteomics workflow paper; TAIR locus -> UniProt mapped, coordinate-verified in registered proteome v2
AT1G35460	arabidopsis	179	s-nitrosylation	A0A1P8AV82	C	verified	PMC12454217 MOESM2 (S-nitrosylation column)	Novel proteomics workflow paper; TAIR locus -> UniProt mapped, coordinate-verified in registered proteome v2
AT1G35580	arabidopsis	421	s-nitrosylation	F4HZY9	C	verified	PMC12454217 MOESM2 (S-nitrosylation column)	Novel proteomics workflow paper; TAIR locus -> UniProt mapped, coordinate-verified in registered proteome v2
AT1G35670	arabidopsis	43	s-nitrosylation	Q39016	C	verified	PMC12454217 MOESM2 (S-nitrosylation column)	Novel proteomics workflow paper; TAIR locus -> UniProt mapped, coordinate-verified in registered proteome v2
AT1G35720	arabidopsis	111	s-nitrosylation	Q9SYT0	C	verified	PMC12454217 MOESM2 (S-nitrosylation column)	Novel proteomics workflow paper; TAIR locus -> UniProt mapped, coordinate-verified in registered proteome v2
AT1G36160	arabidopsis	668	s-nitrosylation	Q38970	C	verified	PMC12454217 MOESM2 (S-nitrosylation column)	Novel proteomics workflow paper; TAIR locus -> UniProt mapped, coordinate-verified in registered proteome v2
AT1G37130	arabidopsis	191	s-nitrosylation	C0Z2B5	C	verified	PMC12454217 MOESM2 (S-nitrosylation column)	Novel proteomics workflow paper; TAIR locus -> UniProt mapped, coordinate-verified in registered proteome v2
AT1G42970	arabidopsis	235	s-nitrosylation	P25857	C	verified	PMC12454217 MOESM2 (S-nitrosylation column)	Novel proteomics workflow paper; TAIR locus -> UniProt mapped, coordinate-verified in registered proteome v2
AT1G43170	arabidopsis	41	s-nitrosylation	P17094	C	verified	PMC12454217 MOESM2 (S-nitrosylation column)	Novel proteomics workflow paper; TAIR locus -> UniProt mapped, coordinate-verified in registered proteome v2
AT1G43190	arabidopsis	411	s-nitrosylation	Q0WQH0	C	verified	PMC12454217 MOESM2 (S-nitrosylation column)	Novel proteomics workflow paper; TAIR locus -> UniProt mapped, coordinate-verified in registered proteome v2
AT1G43620	arabidopsis	251	s-nitrosylation	Q9XIG1	C	verified	PMC12454217 MOESM2 (S-nitrosylation column)	Novel proteomics workflow paper; TAIR locus -> UniProt mapped, coordinate-verified in registered proteome v2
AT1G43670	arabidopsis	44	s-nitrosylation	Q9MA79	C	verified	PMC12454217 MOESM2 (S-nitrosylation column)	Novel proteomics workflow paper; TAIR locus -> UniProt mapped, coordinate-verified in registered proteome v2
AT1G43690	arabidopsis	100	s-nitrosylation	F4ICS2	C	verified	PMC12454217 MOESM2 (S-nitrosylation column)	Novel proteomics workflow paper; TAIR locus -> UniProt mapped, coordinate-verified in registered proteome v2
AT1G43890	arabidopsis	120	s-nitrosylation	O23657	C	verified	PMC12454217 MOESM2 (S-nitrosylation column)	Novel proteomics workflow paper; TAIR locus -> UniProt mapped, coordinate-verified in registered proteome v2
AT1G43910	arabidopsis	301	s-nitrosylation	Q9LP11	C	verified	PMC12454217 MOESM2 (S-nitrosylation column)	Novel proteomics workflow paper; TAIR locus -> UniProt mapped, coordinate-verified in registered proteome v2
AT1G44170	arabidopsis	45	s-nitrosylation	Q70DU8	C	verified	PMC12454217 MOESM2 (S-nitrosylation column)	Novel proteomics workflow paper; TAIR locus -> UniProt mapped, coordinate-verified in registered proteome v2
AT1G44446	arabidopsis	267	s-nitrosylation	Q9MBA1	C	verified	PMC12454217 MOESM2 (S-nitrosylation column)	Novel proteomics workflow paper; TAIR locus -> UniProt mapped, coordinate-verified in registered proteome v2
AT1G44820	arabidopsis	133	s-nitrosylation	Q147G3	C	verified	PMC12454217 MOESM2 (S-nitrosylation column)	Novel proteomics workflow paper; TAIR locus -> UniProt mapped, coordinate-verified in registered proteome v2
AT1G44835	arabidopsis	265	s-nitrosylation	F4HPK3	C	verified	PMC12454217 MOESM2 (S-nitrosylation column)	Novel proteomics workflow paper; TAIR locus -> UniProt mapped, coordinate-verified in registered proteome v2
AT1G45000	arabidopsis	234	s-nitrosylation	B3H533	C	verified	PMC12454217 MOESM2 (S-nitrosylation column)	Novel proteomics workflow paper; TAIR locus -> UniProt mapped, coordinate-verified in registered proteome v2
AT1G45145	arabidopsis	10	s-nitrosylation	Q39241	C	verified	PMC12454217 MOESM2 (S-nitrosylation column)	Novel proteomics workflow paper; TAIR locus -> UniProt mapped, coordinate-verified in registered proteome v2
AT1G47128	arabidopsis	233	s-nitrosylation	P43297	C	verified	PMC12454217 MOESM2 (S-nitrosylation column)	Novel proteomics workflow paper; TAIR locus -> UniProt mapped, coordinate-verified in registered proteome v2
AT1G47250	arabidopsis	48	s-nitrosylation	O23712	C	verified	PMC12454217 MOESM2 (S-nitrosylation column)	Novel proteomics workflow paper; TAIR locus -> UniProt mapped, coordinate-verified in registered proteome v2
AT1G47260	arabidopsis	83	s-nitrosylation	Q9C6B3	C	verified	PMC12454217 MOESM2 (S-nitrosylation column)	Novel proteomics workflow paper; TAIR locus -> UniProt mapped, coordinate-verified in registered proteome v2
AT1G47420	arabidopsis	230	s-nitrosylation	Q9SX77	C	verified	PMC12454217 MOESM2 (S-nitrosylation column)	Novel proteomics workflow paper; TAIR locus -> UniProt mapped, coordinate-verified in registered proteome v2
AT1G47490	arabidopsis	341	s-nitrosylation	Q9SX79	C	verified	PMC12454217 MOESM2 (S-nitrosylation column)	Novel proteomics workflow paper; TAIR locus -> UniProt mapped, coordinate-verified in registered proteome v2
AT1G47500	arabidopsis	343	s-nitrosylation	Q9SX80	C	verified	PMC12454217 MOESM2 (S-nitrosylation column)	Novel proteomics workflow paper; TAIR locus -> UniProt mapped, coordinate-verified in registered proteome v2
AT1G47550	arabidopsis	105	s-nitrosylation	F4HTA1	C	verified	PMC12454217 MOESM2 (S-nitrosylation column)	Novel proteomics workflow paper; TAIR locus -> UniProt mapped, coordinate-verified in registered proteome v2
AT1G47710	arabidopsis	348	s-nitrosylation	A0A1P8API2	C	verified	PMC12454217 MOESM2 (S-nitrosylation column)	Novel proteomics workflow paper; TAIR locus -> UniProt mapped, coordinate-verified in registered proteome v2
AT1G47840	arabidopsis	41	s-nitrosylation	A0A1P8ARU7	C	verified	PMC12454217 MOESM2 (S-nitrosylation column)	Novel proteomics workflow paper; TAIR locus -> UniProt mapped, coordinate-verified in registered proteome v2
AT1G48030	arabidopsis	87	s-nitrosylation	Q56W11	C	verified	PMC12454217 MOESM2 (S-nitrosylation column)	Novel proteomics workflow paper; TAIR locus -> UniProt mapped, coordinate-verified in registered proteome v2
AT1G48090	arabidopsis	3222	s-nitrosylation	A0A1P8AMQ1	C	verified	PMC12454217 MOESM2 (S-nitrosylation column)	Novel proteomics workflow paper; TAIR locus -> UniProt mapped, coordinate-verified in registered proteome v2
AT1G48320	arabidopsis	135	s-nitrosylation	Q9SX65	C	verified	PMC12454217 MOESM2 (S-nitrosylation column)	Novel proteomics workflow paper; TAIR locus -> UniProt mapped, coordinate-verified in registered proteome v2
AT1G48520	arabidopsis	135	s-nitrosylation	F4HYH1	C	verified	PMC12454217 MOESM2 (S-nitrosylation column)	Novel proteomics workflow paper; TAIR locus -> UniProt mapped, coordinate-verified in registered proteome v2
AT1G48570	arabidopsis	98	s-nitrosylation	Q7EQK6	C	verified	PMC12454217 MOESM2 (S-nitrosylation column)	Novel proteomics workflow paper; TAIR locus -> UniProt mapped, coordinate-verified in registered proteome v2
AT1G48600	arabidopsis	189	s-nitrosylation	Q944H0	C	verified	PMC12454217 MOESM2 (S-nitrosylation column)	Novel proteomics workflow paper; TAIR locus -> UniProt mapped, coordinate-verified in registered proteome v2
AT1G48630	arabidopsis	12	s-nitrosylation	Q9C4Z6	C	verified	PMC12454217 MOESM2 (S-nitrosylation column)	Novel proteomics workflow paper; TAIR locus -> UniProt mapped, coordinate-verified in registered proteome v2
AT1G48850	arabidopsis	265	s-nitrosylation	F4I032	C	verified	PMC12454217 MOESM2 (S-nitrosylation column)	Novel proteomics workflow paper; TAIR locus -> UniProt mapped, coordinate-verified in registered proteome v2
AT1G48860	arabidopsis	156	s-nitrosylation	Q7EWJ9	C	verified	PMC12454217 MOESM2 (S-nitrosylation column)	Novel proteomics workflow paper; TAIR locus -> UniProt mapped, coordinate-verified in registered proteome v2
AT1G48900	arabidopsis	31	s-nitrosylation	A8MSA9	C	verified	PMC12454217 MOESM2 (S-nitrosylation column)	Novel proteomics workflow paper; TAIR locus -> UniProt mapped, coordinate-verified in registered proteome v2
AT1G49040	arabidopsis	108	s-nitrosylation	F4I061	C	verified	PMC12454217 MOESM2 (S-nitrosylation column)	Novel proteomics workflow paper; TAIR locus -> UniProt mapped, coordinate-verified in registered proteome v2
AT1G49240	arabidopsis	259	s-nitrosylation	Q96293	C	verified	PMC12454217 MOESM2 (S-nitrosylation column)	Novel proteomics workflow paper; TAIR locus -> UniProt mapped, coordinate-verified in registered proteome v2
AT1G49300	arabidopsis	146	s-nitrosylation	Q9XI98	C	verified	PMC12454217 MOESM2 (S-nitrosylation column)	Novel proteomics workflow paper; TAIR locus -> UniProt mapped, coordinate-verified in registered proteome v2
AT1G49430	arabidopsis	589	s-nitrosylation	Q9XIA9	C	verified	PMC12454217 MOESM2 (S-nitrosylation column)	Novel proteomics workflow paper; TAIR locus -> UniProt mapped, coordinate-verified in registered proteome v2
AT1G49630	arabidopsis	117	s-nitrosylation	Q8VY06	C	verified	PMC12454217 MOESM2 (S-nitrosylation column)	Novel proteomics workflow paper; TAIR locus -> UniProt mapped, coordinate-verified in registered proteome v2
AT1G49670	arabidopsis	23	s-nitrosylation	F4I3C3	C	verified	PMC12454217 MOESM2 (S-nitrosylation column)	Novel proteomics workflow paper; TAIR locus -> UniProt mapped, coordinate-verified in registered proteome v2
AT1G49740	arabidopsis	292	s-nitrosylation	Q7EGB0	C	verified	PMC12454217 MOESM2 (S-nitrosylation column)	Novel proteomics workflow paper; TAIR locus -> UniProt mapped, coordinate-verified in registered proteome v2
AT1G49750	arabidopsis	152	s-nitrosylation	Q6NMN1	C	verified	PMC12454217 MOESM2 (S-nitrosylation column)	Novel proteomics workflow paper; TAIR locus -> UniProt mapped, coordinate-verified in registered proteome v2
AT1G49760	arabidopsis	356	s-nitrosylation	Q9FXA2	C	verified	PMC12454217 MOESM2 (S-nitrosylation column)	Novel proteomics workflow paper; TAIR locus -> UniProt mapped, coordinate-verified in registered proteome v2
AT1G49820	arabidopsis	71	s-nitrosylation	Q9C6D2	C	verified	PMC12454217 MOESM2 (S-nitrosylation column)	Novel proteomics workflow paper; TAIR locus -> UniProt mapped, coordinate-verified in registered proteome v2
AT1G50010	arabidopsis	118	s-nitrosylation	B9DGT7	C	verified	PMC12454217 MOESM2 (S-nitrosylation column)	Novel proteomics workflow paper; TAIR locus -> UniProt mapped, coordinate-verified in registered proteome v2
AT1G50030	arabidopsis	49	s-nitrosylation	F4I4X6	C	verified	PMC12454217 MOESM2 (S-nitrosylation column)	Novel proteomics workflow paper; TAIR locus -> UniProt mapped, coordinate-verified in registered proteome v2
AT1G50170	arabidopsis	135	s-nitrosylation	A0A1P8AWW0	C	verified	PMC12454217 MOESM2 (S-nitrosylation column)	Novel proteomics workflow paper; TAIR locus -> UniProt mapped, coordinate-verified in registered proteome v2
AT1G50200	arabidopsis	224	s-nitrosylation	F4I4Z2	C	verified	PMC12454217 MOESM2 (S-nitrosylation column)	Novel proteomics workflow paper; TAIR locus -> UniProt mapped, coordinate-verified in registered proteome v2
AT1G50250	arabidopsis	298	s-nitrosylation	Q39102	C	verified	PMC12454217 MOESM2 (S-nitrosylation column)	Novel proteomics workflow paper; TAIR locus -> UniProt mapped, coordinate-verified in registered proteome v2
AT1G50370	arabidopsis	25	s-nitrosylation	Q9SX52	C	verified	PMC12454217 MOESM2 (S-nitrosylation column)	Novel proteomics workflow paper; TAIR locus -> UniProt mapped, coordinate-verified in registered proteome v2
AT1G50380	arabidopsis	298	s-nitrosylation	A0A1P8ATN7	C	verified	PMC12454217 MOESM2 (S-nitrosylation column)	Novel proteomics workflow paper; TAIR locus -> UniProt mapped, coordinate-verified in registered proteome v2
AT1G50430	arabidopsis	198	s-nitrosylation	Q0WU95	C	verified	PMC12454217 MOESM2 (S-nitrosylation column)	Novel proteomics workflow paper; TAIR locus -> UniProt mapped, coordinate-verified in registered proteome v2
AT1G50450	arabidopsis	62	s-nitrosylation	F4I6H8	C	verified	PMC12454217 MOESM2 (S-nitrosylation column)	Novel proteomics workflow paper; TAIR locus -> UniProt mapped, coordinate-verified in registered proteome v2
AT1G50460	arabidopsis	396	s-nitrosylation	Q9LPS1	C	verified	PMC12454217 MOESM2 (S-nitrosylation column)	Novel proteomics workflow paper; TAIR locus -> UniProt mapped, coordinate-verified in registered proteome v2
AT1G50480	arabidopsis	92	s-nitrosylation	Q9SPK5	C	verified	PMC12454217 MOESM2 (S-nitrosylation column)	Novel proteomics workflow paper; TAIR locus -> UniProt mapped, coordinate-verified in registered proteome v2
AT1G50520	arabidopsis	505	s-nitrosylation	F4I6I6	C	verified	PMC12454217 MOESM2 (S-nitrosylation column)	Novel proteomics workflow paper; TAIR locus -> UniProt mapped, coordinate-verified in registered proteome v2
AT1G50570	arabidopsis	55	s-nitrosylation	Q0WPU3	C	verified	PMC12454217 MOESM2 (S-nitrosylation column)	Novel proteomics workflow paper; TAIR locus -> UniProt mapped, coordinate-verified in registered proteome v2
AT1G50600	arabidopsis	238	s-nitrosylation	A0A1P8AW90	C	verified	PMC12454217 MOESM2 (S-nitrosylation column)	Novel proteomics workflow paper; TAIR locus -> UniProt mapped, coordinate-verified in registered proteome v2
AT1G50670	arabidopsis	16	s-nitrosylation	Q9LPT6	C	verified	PMC12454217 MOESM2 (S-nitrosylation column)	Novel proteomics workflow paper; TAIR locus -> UniProt mapped, coordinate-verified in registered proteome v2
AT1G50920	arabidopsis	386	s-nitrosylation	Q9C6I8	C	verified	PMC12454217 MOESM2 (S-nitrosylation column)	Novel proteomics workflow paper; TAIR locus -> UniProt mapped, coordinate-verified in registered proteome v2
AT1G51500	arabidopsis	280	s-nitrosylation	Q9C8K2	C	verified	PMC12454217 MOESM2 (S-nitrosylation column)	Novel proteomics workflow paper; TAIR locus -> UniProt mapped, coordinate-verified in registered proteome v2
AT1G51570	arabidopsis	60	s-nitrosylation	Q9C8H3	C	verified	PMC12454217 MOESM2 (S-nitrosylation column)	Novel proteomics workflow paper; TAIR locus -> UniProt mapped, coordinate-verified in registered proteome v2
AT1G51680	arabidopsis	410	s-nitrosylation	A8MS69	C	verified	PMC12454217 MOESM2 (S-nitrosylation column)	Novel proteomics workflow paper; TAIR locus -> UniProt mapped, coordinate-verified in registered proteome v2
AT1G51710	arabidopsis	239	s-nitrosylation	Q949Y0	C	verified	PMC12454217 MOESM2 (S-nitrosylation column)	Novel proteomics workflow paper; TAIR locus -> UniProt mapped, coordinate-verified in registered proteome v2
AT1G51805	arabidopsis	849	s-nitrosylation	F4IB63	C	verified	PMC12454217 MOESM2 (S-nitrosylation column)	Novel proteomics workflow paper; TAIR locus -> UniProt mapped, coordinate-verified in registered proteome v2
AT1G51980	arabidopsis	107	s-nitrosylation	A8MQE5	C	verified	PMC12454217 MOESM2 (S-nitrosylation column)	Novel proteomics workflow paper; TAIR locus -> UniProt mapped, coordinate-verified in registered proteome v2
AT1G52280	arabidopsis	146	s-nitrosylation	Q9C820	C	verified	PMC12454217 MOESM2 (S-nitrosylation column)	Novel proteomics workflow paper; TAIR locus -> UniProt mapped, coordinate-verified in registered proteome v2
AT1G52360	arabidopsis	234	s-nitrosylation	F4ICX0	C	verified	PMC12454217 MOESM2 (S-nitrosylation column)	Novel proteomics workflow paper; TAIR locus -> UniProt mapped, coordinate-verified in registered proteome v2
AT1G52380	arabidopsis	377	s-nitrosylation	Q9C829	C	verified	PMC12454217 MOESM2 (S-nitrosylation column)	Novel proteomics workflow paper; TAIR locus -> UniProt mapped, coordinate-verified in registered proteome v2
AT1G52400	arabidopsis	84	s-nitrosylation	Q9SE50	C	verified	PMC12454217 MOESM2 (S-nitrosylation column)	Novel proteomics workflow paper; TAIR locus -> UniProt mapped, coordinate-verified in registered proteome v2
AT1G52510	arabidopsis	155	s-nitrosylation	F4ICZ3	C	verified	PMC12454217 MOESM2 (S-nitrosylation column)	Novel proteomics workflow paper; TAIR locus -> UniProt mapped, coordinate-verified in registered proteome v2
AT1G52540	arabidopsis	212	s-nitrosylation	F4IEH7	C	verified	PMC12454217 MOESM2 (S-nitrosylation column)	Novel proteomics workflow paper; TAIR locus -> UniProt mapped, coordinate-verified in registered proteome v2
AT1G52670	arabidopsis	211	s-nitrosylation	F4IEJ3	C	verified	PMC12454217 MOESM2 (S-nitrosylation column)	Novel proteomics workflow paper; TAIR locus -> UniProt mapped, coordinate-verified in registered proteome v2
AT1G52730	arabidopsis	68	s-nitrosylation	A0A1P8AVH1	C	verified	PMC12454217 MOESM2 (S-nitrosylation column)	Novel proteomics workflow paper; TAIR locus -> UniProt mapped, coordinate-verified in registered proteome v2
AT1G52760	arabidopsis	272	s-nitrosylation	Q9C942	C	verified	PMC12454217 MOESM2 (S-nitrosylation column)	Novel proteomics workflow paper; TAIR locus -> UniProt mapped, coordinate-verified in registered proteome v2
AT1G52780	arabidopsis	471	s-nitrosylation	F4IEK8	C	verified	PMC12454217 MOESM2 (S-nitrosylation column)	Novel proteomics workflow paper; TAIR locus -> UniProt mapped, coordinate-verified in registered proteome v2
AT1G52930	arabidopsis	63	s-nitrosylation	Q9C928	C	verified	PMC12454217 MOESM2 (S-nitrosylation column)	Novel proteomics workflow paper; TAIR locus -> UniProt mapped, coordinate-verified in registered proteome v2
AT1G53240	arabidopsis	130	s-nitrosylation	Q9ZP06	C	verified	PMC12454217 MOESM2 (S-nitrosylation column)	Novel proteomics workflow paper; TAIR locus -> UniProt mapped, coordinate-verified in registered proteome v2
AT1G53280	arabidopsis	96	s-nitrosylation	A0A1P8AUR1	C	verified	PMC12454217 MOESM2 (S-nitrosylation column)	Novel proteomics workflow paper; TAIR locus -> UniProt mapped, coordinate-verified in registered proteome v2
AT1G53310	arabidopsis	192	s-nitrosylation	B9DGT6	C	verified	PMC12454217 MOESM2 (S-nitrosylation column)	Novel proteomics workflow paper; TAIR locus -> UniProt mapped, coordinate-verified in registered proteome v2
AT1G53500	arabidopsis	46	s-nitrosylation	Q9LPG6	C	verified	PMC12454217 MOESM2 (S-nitrosylation column)	Novel proteomics workflow paper; TAIR locus -> UniProt mapped, coordinate-verified in registered proteome v2
AT1G53510	arabidopsis	201	s-nitrosylation	Q9C5C0	C	verified	PMC12454217 MOESM2 (S-nitrosylation column)	Novel proteomics workflow paper; TAIR locus -> UniProt mapped, coordinate-verified in registered proteome v2
AT1G53580	arabidopsis	170	s-nitrosylation	F4HRK0	C	verified	PMC12454217 MOESM2 (S-nitrosylation column)	Novel proteomics workflow paper; TAIR locus -> UniProt mapped, coordinate-verified in registered proteome v2
AT1G53590	arabidopsis	364	s-nitrosylation	Q93XX4	C	verified	PMC12454217 MOESM2 (S-nitrosylation column)	Novel proteomics workflow paper; TAIR locus -> UniProt mapped, coordinate-verified in registered proteome v2
AT1G53670	arabidopsis	186	s-nitrosylation	Q9C8M2	C	verified	PMC12454217 MOESM2 (S-nitrosylation column)	Novel proteomics workflow paper; TAIR locus -> UniProt mapped, coordinate-verified in registered proteome v2
AT1G53730	arabidopsis	536	s-nitrosylation	A8MQH3	C	verified	PMC12454217 MOESM2 (S-nitrosylation column)	Novel proteomics workflow paper; TAIR locus -> UniProt mapped, coordinate-verified in registered proteome v2
AT1G53750	arabidopsis	56	s-nitrosylation	Q9SSB5	C	verified	PMC12454217 MOESM2 (S-nitrosylation column)	Novel proteomics workflow paper; TAIR locus -> UniProt mapped, coordinate-verified in registered proteome v2
AT1G53760	arabidopsis	226	s-nitrosylation	Q56W37	C	verified	PMC12454217 MOESM2 (S-nitrosylation column)	Novel proteomics workflow paper; TAIR locus -> UniProt mapped, coordinate-verified in registered proteome v2
AT1G53850	arabidopsis	76	s-nitrosylation	O81149	C	verified	PMC12454217 MOESM2 (S-nitrosylation column)	Novel proteomics workflow paper; TAIR locus -> UniProt mapped, coordinate-verified in registered proteome v2
AT1G54000	arabidopsis	214	s-nitrosylation	Q1H583	C	verified	PMC12454217 MOESM2 (S-nitrosylation column)	Novel proteomics workflow paper; TAIR locus -> UniProt mapped, coordinate-verified in registered proteome v2
AT1G54010	arabidopsis	214	s-nitrosylation	Q8W4H8	C	verified	PMC12454217 MOESM2 (S-nitrosylation column)	Novel proteomics workflow paper; TAIR locus -> UniProt mapped, coordinate-verified in registered proteome v2
AT1G54080	arabidopsis	225	s-nitrosylation	F4HV67	C	verified	PMC12454217 MOESM2 (S-nitrosylation column)	Novel proteomics workflow paper; TAIR locus -> UniProt mapped, coordinate-verified in registered proteome v2
AT1G54090	arabidopsis	197	s-nitrosylation	Q0WUQ4	C	verified	PMC12454217 MOESM2 (S-nitrosylation column)	Novel proteomics workflow paper; TAIR locus -> UniProt mapped, coordinate-verified in registered proteome v2
AT1G54100	arabidopsis	124	s-nitrosylation	Q9SYG7	C	verified	PMC12454217 MOESM2 (S-nitrosylation column)	Novel proteomics workflow paper; TAIR locus -> UniProt mapped, coordinate-verified in registered proteome v2
AT1G54220	arabidopsis	342	s-nitrosylation	Q5M729	C	verified	PMC12454217 MOESM2 (S-nitrosylation column)	Novel proteomics workflow paper; TAIR locus -> UniProt mapped, coordinate-verified in registered proteome v2
AT1G54270	arabidopsis	69	s-nitrosylation	F4HV96	C	verified	PMC12454217 MOESM2 (S-nitrosylation column)	Novel proteomics workflow paper; TAIR locus -> UniProt mapped, coordinate-verified in registered proteome v2
AT1G54340	arabidopsis	131	s-nitrosylation	A0A1P8ASL1	C	verified	PMC12454217 MOESM2 (S-nitrosylation column)	Novel proteomics workflow paper; TAIR locus -> UniProt mapped, coordinate-verified in registered proteome v2
AT1G54490	arabidopsis	691	s-nitrosylation	Q9FQ04	C	verified	PMC12454217 MOESM2 (S-nitrosylation column)	Novel proteomics workflow paper; TAIR locus -> UniProt mapped, coordinate-verified in registered proteome v2
AT1G54500	arabidopsis	102	s-nitrosylation	Q7FUJ6	C	verified	PMC12454217 MOESM2 (S-nitrosylation column)	Novel proteomics workflow paper; TAIR locus -> UniProt mapped, coordinate-verified in registered proteome v2
AT1G54630	arabidopsis	63	s-nitrosylation	F4HWZ6	C	verified	PMC12454217 MOESM2 (S-nitrosylation column)	Novel proteomics workflow paper; TAIR locus -> UniProt mapped, coordinate-verified in registered proteome v2
AT1G54860	arabidopsis	101	s-nitrosylation	Q9ZVL0	C	verified	PMC12454217 MOESM2 (S-nitrosylation column)	Novel proteomics workflow paper; TAIR locus -> UniProt mapped, coordinate-verified in registered proteome v2
AT1G55040	arabidopsis	123	s-nitrosylation	Q949M6	C	verified	PMC12454217 MOESM2 (S-nitrosylation column)	Novel proteomics workflow paper; TAIR locus -> UniProt mapped, coordinate-verified in registered proteome v2
AT1G55090	arabidopsis	234	s-nitrosylation	Q9C723	C	verified	PMC12454217 MOESM2 (S-nitrosylation column)	Novel proteomics workflow paper; TAIR locus -> UniProt mapped, coordinate-verified in registered proteome v2
AT1G55110	arabidopsis	97	s-nitrosylation	Q8H1F5	C	verified	PMC12454217 MOESM2 (S-nitrosylation column)	Novel proteomics workflow paper; TAIR locus -> UniProt mapped, coordinate-verified in registered proteome v2
AT1G55210	arabidopsis	182	s-nitrosylation	Q9C891	C	verified	PMC12454217 MOESM2 (S-nitrosylation column)	Novel proteomics workflow paper; TAIR locus -> UniProt mapped, coordinate-verified in registered proteome v2
AT1G55265	arabidopsis	166	s-nitrosylation	F4I084	C	verified	PMC12454217 MOESM2 (S-nitrosylation column)	Novel proteomics workflow paper; TAIR locus -> UniProt mapped, coordinate-verified in registered proteome v2
AT1G55450	arabidopsis	274	s-nitrosylation	Q9ZVU4	C	verified	PMC12454217 MOESM2 (S-nitrosylation column)	Novel proteomics workflow paper; TAIR locus -> UniProt mapped, coordinate-verified in registered proteome v2
AT1G55480	arabidopsis	262	s-nitrosylation	Q94BS2	C	verified	PMC12454217 MOESM2 (S-nitrosylation column)	Novel proteomics workflow paper; TAIR locus -> UniProt mapped, coordinate-verified in registered proteome v2
AT1G55490	arabidopsis	272	s-nitrosylation	P21240	C	verified	PMC12454217 MOESM2 (S-nitrosylation column)	Novel proteomics workflow paper; TAIR locus -> UniProt mapped, coordinate-verified in registered proteome v2
AT1G55850	arabidopsis	344	s-nitrosylation	Q8VZK9	C	verified	PMC12454217 MOESM2 (S-nitrosylation column)	Novel proteomics workflow paper; TAIR locus -> UniProt mapped, coordinate-verified in registered proteome v2
AT1G55860	arabidopsis	3648	s-nitrosylation	Q8GY23	C	verified	PMC12454217 MOESM2 (S-nitrosylation column)	Novel proteomics workflow paper; TAIR locus -> UniProt mapped, coordinate-verified in registered proteome v2
AT1G55980	arabidopsis	253	s-nitrosylation	F4I3I1	C	verified	PMC12454217 MOESM2 (S-nitrosylation column)	Novel proteomics workflow paper; TAIR locus -> UniProt mapped, coordinate-verified in registered proteome v2
AT1G56050	arabidopsis	87	s-nitrosylation	F4I3J0	C	verified	PMC12454217 MOESM2 (S-nitrosylation column)	Novel proteomics workflow paper; TAIR locus -> UniProt mapped, coordinate-verified in registered proteome v2
AT1G56110	arabidopsis	115	s-nitrosylation	B9DHI0	C	verified	PMC12454217 MOESM2 (S-nitrosylation column)	Novel proteomics workflow paper; TAIR locus -> UniProt mapped, coordinate-verified in registered proteome v2
AT1G56190	arabidopsis	170	s-nitrosylation	P50318	C	verified	PMC12454217 MOESM2 (S-nitrosylation column)	Novel proteomics workflow paper; TAIR locus -> UniProt mapped, coordinate-verified in registered proteome v2
AT1G56330	arabidopsis	173	s-nitrosylation	Q01474	C	verified	PMC12454217 MOESM2 (S-nitrosylation column)	Novel proteomics workflow paper; TAIR locus -> UniProt mapped, coordinate-verified in registered proteome v2
AT1G56340	arabidopsis	108	s-nitrosylation	C0Z2C0	C	verified	PMC12454217 MOESM2 (S-nitrosylation column)	Novel proteomics workflow paper; TAIR locus -> UniProt mapped, coordinate-verified in registered proteome v2
AT1G56500	arabidopsis	86	s-nitrosylation	Q8VZ10	C	verified	PMC12454217 MOESM2 (S-nitrosylation column)	Novel proteomics workflow paper; TAIR locus -> UniProt mapped, coordinate-verified in registered proteome v2
AT1G56700	arabidopsis	114	s-nitrosylation	Q7DRK9	C	verified	PMC12454217 MOESM2 (S-nitrosylation column)	Novel proteomics workflow paper; TAIR locus -> UniProt mapped, coordinate-verified in registered proteome v2
AT1G57720	arabidopsis	342	s-nitrosylation	Q9FVT2	C	verified	PMC12454217 MOESM2 (S-nitrosylation column)	Novel proteomics workflow paper; TAIR locus -> UniProt mapped, coordinate-verified in registered proteome v2
AT1G57770	arabidopsis	134	s-nitrosylation	Q7EQG3	C	verified	PMC12454217 MOESM2 (S-nitrosylation column)	Novel proteomics workflow paper; TAIR locus -> UniProt mapped, coordinate-verified in registered proteome v2
AT1G58080	arabidopsis	99	s-nitrosylation	Q9S762	C	verified	PMC12454217 MOESM2 (S-nitrosylation column)	Novel proteomics workflow paper; TAIR locus -> UniProt mapped, coordinate-verified in registered proteome v2
AT1G58290	arabidopsis	179	s-nitrosylation	P42804	C	verified	PMC12454217 MOESM2 (S-nitrosylation column)	Novel proteomics workflow paper; TAIR locus -> UniProt mapped, coordinate-verified in registered proteome v2
AT1G58380	arabidopsis	175	s-nitrosylation	G1JSH2	C	verified	PMC12454217 MOESM2 (S-nitrosylation column)	Novel proteomics workflow paper; TAIR locus -> UniProt mapped, coordinate-verified in registered proteome v2
AT1G59580	arabidopsis	175	s-nitrosylation	Q39022	C	verified	PMC12454217 MOESM2 (S-nitrosylation column)	Novel proteomics workflow paper; TAIR locus -> UniProt mapped, coordinate-verified in registered proteome v2
AT1G59610	arabidopsis	342	s-nitrosylation	G1JSJ5	C	verified	PMC12454217 MOESM2 (S-nitrosylation column)	Novel proteomics workflow paper; TAIR locus -> UniProt mapped, coordinate-verified in registered proteome v2
AT1G59700	arabidopsis	194	s-nitrosylation	Q9XIF8	C	verified	PMC12454217 MOESM2 (S-nitrosylation column)	Novel proteomics workflow paper; TAIR locus -> UniProt mapped, coordinate-verified in registered proteome v2
AT1G59820	arabidopsis	222	s-nitrosylation	Q9XIE6	C	verified	PMC12454217 MOESM2 (S-nitrosylation column)	Novel proteomics workflow paper; TAIR locus -> UniProt mapped, coordinate-verified in registered proteome v2
AT1G59830	arabidopsis	17	s-nitrosylation	Q07099	C	verified	PMC12454217 MOESM2 (S-nitrosylation column)	Novel proteomics workflow paper; TAIR locus -> UniProt mapped, coordinate-verified in registered proteome v2
AT1G59870	arabidopsis	330	s-nitrosylation	Q9XIE2	C	verified	PMC12454217 MOESM2 (S-nitrosylation column)	Novel proteomics workflow paper; TAIR locus -> UniProt mapped, coordinate-verified in registered proteome v2
AT1G59900	arabidopsis	89	s-nitrosylation	A0A1P8AQS2	C	verified	PMC12454217 MOESM2 (S-nitrosylation column)	Novel proteomics workflow paper; TAIR locus -> UniProt mapped, coordinate-verified in registered proteome v2
AT1G60000	arabidopsis	224	s-nitrosylation	B9DFY7	C	verified	PMC12454217 MOESM2 (S-nitrosylation column)	Novel proteomics workflow paper; TAIR locus -> UniProt mapped, coordinate-verified in registered proteome v2
AT1G60070	arabidopsis	270	s-nitrosylation	F4IEP9	C	verified	PMC12454217 MOESM2 (S-nitrosylation column)	Novel proteomics workflow paper; TAIR locus -> UniProt mapped, coordinate-verified in registered proteome v2
AT1G60080	arabidopsis	281	s-nitrosylation	Q7DUB4	C	verified	PMC12454217 MOESM2 (S-nitrosylation column)	Novel proteomics workflow paper; TAIR locus -> UniProt mapped, coordinate-verified in registered proteome v2
AT1G60140	arabidopsis	722	s-nitrosylation	A0A1P8AUV4	C	verified	PMC12454217 MOESM2 (S-nitrosylation column)	Novel proteomics workflow paper; TAIR locus -> UniProt mapped, coordinate-verified in registered proteome v2
AT1G60420	arabidopsis	518	s-nitrosylation	O80763	C	verified	PMC12454217 MOESM2 (S-nitrosylation column)	Novel proteomics workflow paper; TAIR locus -> UniProt mapped, coordinate-verified in registered proteome v2
AT1G60550	arabidopsis	136	s-nitrosylation	Q8GYN9	C	verified	PMC12454217 MOESM2 (S-nitrosylation column)	Novel proteomics workflow paper; TAIR locus -> UniProt mapped, coordinate-verified in registered proteome v2
AT1G60680	arabidopsis	113	s-nitrosylation	A0A1P8AWQ7	C	verified	PMC12454217 MOESM2 (S-nitrosylation column)	Novel proteomics workflow paper; TAIR locus -> UniProt mapped, coordinate-verified in registered proteome v2
AT1G60710	arabidopsis	112	s-nitrosylation	Q93ZN2	C	verified	PMC12454217 MOESM2 (S-nitrosylation column)	Novel proteomics workflow paper; TAIR locus -> UniProt mapped, coordinate-verified in registered proteome v2
AT1G60780	arabidopsis	212	s-nitrosylation	O22715	C	verified	PMC12454217 MOESM2 (S-nitrosylation column)	Novel proteomics workflow paper; TAIR locus -> UniProt mapped, coordinate-verified in registered proteome v2
AT1G60810	arabidopsis	323	s-nitrosylation	O22718	C	verified	PMC12454217 MOESM2 (S-nitrosylation column)	Novel proteomics workflow paper; TAIR locus -> UniProt mapped, coordinate-verified in registered proteome v2
AT1G60940	arabidopsis	142	s-nitrosylation	Q9C958	C	verified	PMC12454217 MOESM2 (S-nitrosylation column)	Novel proteomics workflow paper; TAIR locus -> UniProt mapped, coordinate-verified in registered proteome v2
AT1G60950	arabidopsis	70	s-nitrosylation	P16972	C	verified	PMC12454217 MOESM2 (S-nitrosylation column)	Novel proteomics workflow paper; TAIR locus -> UniProt mapped, coordinate-verified in registered proteome v2
AT1G60990	arabidopsis	351	s-nitrosylation	Q681Y3	C	verified	PMC12454217 MOESM2 (S-nitrosylation column)	Novel proteomics workflow paper; TAIR locus -> UniProt mapped, coordinate-verified in registered proteome v2
AT1G61150	arabidopsis	173	s-nitrosylation	Q84WK5	C	verified	PMC12454217 MOESM2 (S-nitrosylation column)	Novel proteomics workflow paper; TAIR locus -> UniProt mapped, coordinate-verified in registered proteome v2
AT1G61580	arabidopsis	254	s-nitrosylation	P22738	C	verified	PMC12454217 MOESM2 (S-nitrosylation column)	Novel proteomics workflow paper; TAIR locus -> UniProt mapped, coordinate-verified in registered proteome v2
AT1G61790	arabidopsis	118	s-nitrosylation	Q9SYB5	C	verified	PMC12454217 MOESM2 (S-nitrosylation column)	Novel proteomics workflow paper; TAIR locus -> UniProt mapped, coordinate-verified in registered proteome v2
AT1G61820	arabidopsis	182	s-nitrosylation	O80690	C	verified	PMC12454217 MOESM2 (S-nitrosylation column)	Novel proteomics workflow paper; TAIR locus -> UniProt mapped, coordinate-verified in registered proteome v2
AT1G61870	arabidopsis	67	s-nitrosylation	Q8LE47	C	verified	PMC12454217 MOESM2 (S-nitrosylation column)	Novel proteomics workflow paper; TAIR locus -> UniProt mapped, coordinate-verified in registered proteome v2
AT1G61900	arabidopsis	186	s-nitrosylation	F4HX19	C	verified	PMC12454217 MOESM2 (S-nitrosylation column)	Novel proteomics workflow paper; TAIR locus -> UniProt mapped, coordinate-verified in registered proteome v2
AT1G62020	arabidopsis	383	s-nitrosylation	Q94A40	C	verified	PMC12454217 MOESM2 (S-nitrosylation column)	Novel proteomics workflow paper; TAIR locus -> UniProt mapped, coordinate-verified in registered proteome v2
AT1G62380	arabidopsis	31	s-nitrosylation	Q41931	C	verified	PMC12454217 MOESM2 (S-nitrosylation column)	Novel proteomics workflow paper; TAIR locus -> UniProt mapped, coordinate-verified in registered proteome v2
AT1G62390	arabidopsis	310	s-nitrosylation	O48802	C	verified	PMC12454217 MOESM2 (S-nitrosylation column)	Novel proteomics workflow paper; TAIR locus -> UniProt mapped, coordinate-verified in registered proteome v2
AT1G62630	arabidopsis	832	s-nitrosylation	Q9SI85	C	verified	PMC12454217 MOESM2 (S-nitrosylation column)	Novel proteomics workflow paper; TAIR locus -> UniProt mapped, coordinate-verified in registered proteome v2
AT1G62640	arabidopsis	75	s-nitrosylation	B9DHF9	C	verified	PMC12454217 MOESM2 (S-nitrosylation column)	Novel proteomics workflow paper; TAIR locus -> UniProt mapped, coordinate-verified in registered proteome v2
AT1G62660	arabidopsis	299	s-nitrosylation	Q43348	C	verified	PMC12454217 MOESM2 (S-nitrosylation column)	Novel proteomics workflow paper; TAIR locus -> UniProt mapped, coordinate-verified in registered proteome v2
AT1G62740	arabidopsis	442	s-nitrosylation	Q5XEP2	C	verified	PMC12454217 MOESM2 (S-nitrosylation column)	Novel proteomics workflow paper; TAIR locus -> UniProt mapped, coordinate-verified in registered proteome v2
AT1G62750	arabidopsis	190	s-nitrosylation	Q56XT1	C	verified	PMC12454217 MOESM2 (S-nitrosylation column)	Novel proteomics workflow paper; TAIR locus -> UniProt mapped, coordinate-verified in registered proteome v2
AT1G63000	arabidopsis	32	s-nitrosylation	Q9LQ04	C	verified	PMC12454217 MOESM2 (S-nitrosylation column)	Novel proteomics workflow paper; TAIR locus -> UniProt mapped, coordinate-verified in registered proteome v2
AT1G63500	arabidopsis	199	s-nitrosylation	F4I3M3	C	verified	PMC12454217 MOESM2 (S-nitrosylation column)	Novel proteomics workflow paper; TAIR locus -> UniProt mapped, coordinate-verified in registered proteome v2
AT1G63660	arabidopsis	232	s-nitrosylation	F4I3P5	C	verified	PMC12454217 MOESM2 (S-nitrosylation column)	Novel proteomics workflow paper; TAIR locus -> UniProt mapped, coordinate-verified in registered proteome v2
AT1G63680	arabidopsis	624	s-nitrosylation	F4I3P9	C	verified	PMC12454217 MOESM2 (S-nitrosylation column)	Novel proteomics workflow paper; TAIR locus -> UniProt mapped, coordinate-verified in registered proteome v2
AT1G63770	arabidopsis	213	s-nitrosylation	B3H621	C	verified	PMC12454217 MOESM2 (S-nitrosylation column)	Novel proteomics workflow paper; TAIR locus -> UniProt mapped, coordinate-verified in registered proteome v2
AT1G63850	arabidopsis	510	s-nitrosylation	Q9CAJ9	C	verified	PMC12454217 MOESM2 (S-nitrosylation column)	Novel proteomics workflow paper; TAIR locus -> UniProt mapped, coordinate-verified in registered proteome v2
AT1G63940	arabidopsis	90	s-nitrosylation	P92947	C	verified	PMC12454217 MOESM2 (S-nitrosylation column)	Novel proteomics workflow paper; TAIR locus -> UniProt mapped, coordinate-verified in registered proteome v2
AT1G64190	arabidopsis	102	s-nitrosylation	Q9SH69	C	verified	PMC12454217 MOESM2 (S-nitrosylation column)	Novel proteomics workflow paper; TAIR locus -> UniProt mapped, coordinate-verified in registered proteome v2
AT1G64200	arabidopsis	127	s-nitrosylation	A0A1P8ANV6	C	verified	PMC12454217 MOESM2 (S-nitrosylation column)	Novel proteomics workflow paper; TAIR locus -> UniProt mapped, coordinate-verified in registered proteome v2
AT1G64230	arabidopsis	127	s-nitrosylation	F4I5B8	C	verified	PMC12454217 MOESM2 (S-nitrosylation column)	Novel proteomics workflow paper; TAIR locus -> UniProt mapped, coordinate-verified in registered proteome v2
AT1G64400	arabidopsis	587	s-nitrosylation	Q9C7W4	C	verified	PMC12454217 MOESM2 (S-nitrosylation column)	Novel proteomics workflow paper; TAIR locus -> UniProt mapped, coordinate-verified in registered proteome v2
AT1G64520	arabidopsis	27	s-nitrosylation	Q9SGW3	C	verified	PMC12454217 MOESM2 (S-nitrosylation column)	Novel proteomics workflow paper; TAIR locus -> UniProt mapped, coordinate-verified in registered proteome v2
AT1G64550	arabidopsis	251	s-nitrosylation	Q8H0V6	C	verified	PMC12454217 MOESM2 (S-nitrosylation column)	Novel proteomics workflow paper; TAIR locus -> UniProt mapped, coordinate-verified in registered proteome v2
AT1G64710	arabidopsis	47	s-nitrosylation	Q8VZ49	C	verified	PMC12454217 MOESM2 (S-nitrosylation column)	Novel proteomics workflow paper; TAIR locus -> UniProt mapped, coordinate-verified in registered proteome v2
AT1G64740	arabidopsis	118	s-nitrosylation	P11139	C	verified	PMC12454217 MOESM2 (S-nitrosylation column)	Novel proteomics workflow paper; TAIR locus -> UniProt mapped, coordinate-verified in registered proteome v2
AT1G64770	arabidopsis	122	s-nitrosylation	C0Z2H4	C	verified	PMC12454217 MOESM2 (S-nitrosylation column)	Novel proteomics workflow paper; TAIR locus -> UniProt mapped, coordinate-verified in registered proteome v2
AT1G64790	arabidopsis	603	s-nitrosylation	F4I893	C	verified	PMC12454217 MOESM2 (S-nitrosylation column)	Novel proteomics workflow paper; TAIR locus -> UniProt mapped, coordinate-verified in registered proteome v2
AT1G64970	arabidopsis	135	s-nitrosylation	Q9ZSK1	C	verified	PMC12454217 MOESM2 (S-nitrosylation column)	Novel proteomics workflow paper; TAIR locus -> UniProt mapped, coordinate-verified in registered proteome v2
AT1G65590	arabidopsis	158	s-nitrosylation	Q8L7S6	C	verified	PMC12454217 MOESM2 (S-nitrosylation column)	Novel proteomics workflow paper; TAIR locus -> UniProt mapped, coordinate-verified in registered proteome v2
AT1G65650	arabidopsis	184	s-nitrosylation	O04482	C	verified	PMC12454217 MOESM2 (S-nitrosylation column)	Novel proteomics workflow paper; TAIR locus -> UniProt mapped, coordinate-verified in registered proteome v2
AT1G65820	arabidopsis	62	s-nitrosylation	F4IBL0	C	verified	PMC12454217 MOESM2 (S-nitrosylation column)	Novel proteomics workflow paper; TAIR locus -> UniProt mapped, coordinate-verified in registered proteome v2
AT1G65930	arabidopsis	75	s-nitrosylation	Q9SRZ6	C	verified	PMC12454217 MOESM2 (S-nitrosylation column)	Novel proteomics workflow paper; TAIR locus -> UniProt mapped, coordinate-verified in registered proteome v2
AT1G65960	arabidopsis	14	s-nitrosylation	Q42472	C	verified	PMC12454217 MOESM2 (S-nitrosylation column)	Novel proteomics workflow paper; TAIR locus -> UniProt mapped, coordinate-verified in registered proteome v2
AT1G65980	arabidopsis	51	s-nitrosylation	F4ID64	C	verified	PMC12454217 MOESM2 (S-nitrosylation column)	Novel proteomics workflow paper; TAIR locus -> UniProt mapped, coordinate-verified in registered proteome v2
AT1G66130	arabidopsis	304	s-nitrosylation	Q9C8D3	C	verified	PMC12454217 MOESM2 (S-nitrosylation column)	Novel proteomics workflow paper; TAIR locus -> UniProt mapped, coordinate-verified in registered proteome v2
AT1G66200	arabidopsis	92	s-nitrosylation	C0Z2C2	C	verified	PMC12454217 MOESM2 (S-nitrosylation column)	Novel proteomics workflow paper; TAIR locus -> UniProt mapped, coordinate-verified in registered proteome v2
AT1G66270	arabidopsis	74	s-nitrosylation	Q9C525	C	verified	PMC12454217 MOESM2 (S-nitrosylation column)	Novel proteomics workflow paper; TAIR locus -> UniProt mapped, coordinate-verified in registered proteome v2
AT1G66280	arabidopsis	81	s-nitrosylation	Q9C8Y9	C	verified	PMC12454217 MOESM2 (S-nitrosylation column)	Novel proteomics workflow paper; TAIR locus -> UniProt mapped, coordinate-verified in registered proteome v2
AT1G66430	arabidopsis	205	s-nitrosylation	Q9C524	C	verified	PMC12454217 MOESM2 (S-nitrosylation column)	Novel proteomics workflow paper; TAIR locus -> UniProt mapped, coordinate-verified in registered proteome v2
AT1G66520	arabidopsis	319	s-nitrosylation	A0A1P8ARF1	C	verified	PMC12454217 MOESM2 (S-nitrosylation column)	Novel proteomics workflow paper; TAIR locus -> UniProt mapped, coordinate-verified in registered proteome v2
AT1G66530	arabidopsis	250	s-nitrosylation	Q9C713	C	verified	PMC12454217 MOESM2 (S-nitrosylation column)	Novel proteomics workflow paper; TAIR locus -> UniProt mapped, coordinate-verified in registered proteome v2
AT1G66580	arabidopsis	49	s-nitrosylation	Q93W22	C	verified	PMC12454217 MOESM2 (S-nitrosylation column)	Novel proteomics workflow paper; TAIR locus -> UniProt mapped, coordinate-verified in registered proteome v2
AT1G66670	arabidopsis	180	s-nitrosylation	Q9SXJ6	C	verified	PMC12454217 MOESM2 (S-nitrosylation column)	Novel proteomics workflow paper; TAIR locus -> UniProt mapped, coordinate-verified in registered proteome v2
AT1G67090	arabidopsis	96	s-nitrosylation	F4HRR5	C	verified	PMC12454217 MOESM2 (S-nitrosylation column)	Novel proteomics workflow paper; TAIR locus -> UniProt mapped, coordinate-verified in registered proteome v2
AT1G67280	arabidopsis	109	s-nitrosylation	Q8W593	C	verified	PMC12454217 MOESM2 (S-nitrosylation column)	Novel proteomics workflow paper; TAIR locus -> UniProt mapped, coordinate-verified in registered proteome v2
AT1G67310	arabidopsis	124	s-nitrosylation	Q9FYG2	C	verified	PMC12454217 MOESM2 (S-nitrosylation column)	Novel proteomics workflow paper; TAIR locus -> UniProt mapped, coordinate-verified in registered proteome v2
AT1G67550	arabidopsis	441	s-nitrosylation	Q9SR52	C	verified	PMC12454217 MOESM2 (S-nitrosylation column)	Novel proteomics workflow paper; TAIR locus -> UniProt mapped, coordinate-verified in registered proteome v2
AT1G67560	arabidopsis	220	s-nitrosylation	Q9CAG3	C	verified	PMC12454217 MOESM2 (S-nitrosylation column)	Novel proteomics workflow paper; TAIR locus -> UniProt mapped, coordinate-verified in registered proteome v2
AT1G67580	arabidopsis	547	s-nitrosylation	Q7ES05	C	verified	PMC12454217 MOESM2 (S-nitrosylation column)	Novel proteomics workflow paper; TAIR locus -> UniProt mapped, coordinate-verified in registered proteome v2
AT1G67680	arabidopsis	199	s-nitrosylation	Q7DVD0	C	verified	PMC12454217 MOESM2 (S-nitrosylation column)	Novel proteomics workflow paper; TAIR locus -> UniProt mapped, coordinate-verified in registered proteome v2
AT1G67690	arabidopsis	283	s-nitrosylation	F4HTQ1	C	verified	PMC12454217 MOESM2 (S-nitrosylation column)	Novel proteomics workflow paper; TAIR locus -> UniProt mapped, coordinate-verified in registered proteome v2
AT1G67730	arabidopsis	4	s-nitrosylation	Q8L9C4	C	verified	PMC12454217 MOESM2 (S-nitrosylation column)	Novel proteomics workflow paper; TAIR locus -> UniProt mapped, coordinate-verified in registered proteome v2
AT1G67930	arabidopsis	663	s-nitrosylation	Q9C9V9	C	verified	PMC12454217 MOESM2 (S-nitrosylation column)	Novel proteomics workflow paper; TAIR locus -> UniProt mapped, coordinate-verified in registered proteome v2
AT1G68000	arabidopsis	216	s-nitrosylation	Q8LBA6	C	verified	PMC12454217 MOESM2 (S-nitrosylation column)	Novel proteomics workflow paper; TAIR locus -> UniProt mapped, coordinate-verified in registered proteome v2
AT1G68010	arabidopsis	38	s-nitrosylation	A0A1P8ANC0	C	verified	PMC12454217 MOESM2 (S-nitrosylation column)	Novel proteomics workflow paper; TAIR locus -> UniProt mapped, coordinate-verified in registered proteome v2
AT1G68260	arabidopsis	80	s-nitrosylation	Q8W583	C	verified	PMC12454217 MOESM2 (S-nitrosylation column)	Novel proteomics workflow paper; TAIR locus -> UniProt mapped, coordinate-verified in registered proteome v2
AT1G68300	arabidopsis	91	s-nitrosylation	Q7EJV4	C	verified	PMC12454217 MOESM2 (S-nitrosylation column)	Novel proteomics workflow paper; TAIR locus -> UniProt mapped, coordinate-verified in registered proteome v2
AT1G68370	arabidopsis	252	s-nitrosylation	Q0WPQ4	C	verified	PMC12454217 MOESM2 (S-nitrosylation column)	Novel proteomics workflow paper; TAIR locus -> UniProt mapped, coordinate-verified in registered proteome v2
AT1G68410	arabidopsis	160	s-nitrosylation	B9DH23	C	verified	PMC12454217 MOESM2 (S-nitrosylation column)	Novel proteomics workflow paper; TAIR locus -> UniProt mapped, coordinate-verified in registered proteome v2
AT1G68530	arabidopsis	142	s-nitrosylation	Q9XF43	C	verified	PMC12454217 MOESM2 (S-nitrosylation column)	Novel proteomics workflow paper; TAIR locus -> UniProt mapped, coordinate-verified in registered proteome v2
AT1G68830	arabidopsis	187	s-nitrosylation	Q9S713	C	verified	PMC12454217 MOESM2 (S-nitrosylation column)	Novel proteomics workflow paper; TAIR locus -> UniProt mapped, coordinate-verified in registered proteome v2
AT1G69200	arabidopsis	326	s-nitrosylation	F4I0K2	C	verified	PMC12454217 MOESM2 (S-nitrosylation column)	Novel proteomics workflow paper; TAIR locus -> UniProt mapped, coordinate-verified in registered proteome v2
AT1G69250	arabidopsis	141	s-nitrosylation	F4I0L1	C	verified	PMC12454217 MOESM2 (S-nitrosylation column)	Novel proteomics workflow paper; TAIR locus -> UniProt mapped, coordinate-verified in registered proteome v2
AT1G69340	arabidopsis	424	s-nitrosylation	F4I0M2	C	verified	PMC12454217 MOESM2 (S-nitrosylation column)	Novel proteomics workflow paper; TAIR locus -> UniProt mapped, coordinate-verified in registered proteome v2
AT1G69410	arabidopsis	57	s-nitrosylation	Q9C505	C	verified	PMC12454217 MOESM2 (S-nitrosylation column)	Novel proteomics workflow paper; TAIR locus -> UniProt mapped, coordinate-verified in registered proteome v2
AT1G69670	arabidopsis	453	s-nitrosylation	Q9C9L0	C	verified	PMC12454217 MOESM2 (S-nitrosylation column)	Novel proteomics workflow paper; TAIR locus -> UniProt mapped, coordinate-verified in registered proteome v2
AT1G69740	arabidopsis	71	s-nitrosylation	Q9SFH9	C	verified	PMC12454217 MOESM2 (S-nitrosylation column)	Novel proteomics workflow paper; TAIR locus -> UniProt mapped, coordinate-verified in registered proteome v2
AT1G69830	arabidopsis	118	s-nitrosylation	Q94A41	C	verified	PMC12454217 MOESM2 (S-nitrosylation column)	Novel proteomics workflow paper; TAIR locus -> UniProt mapped, coordinate-verified in registered proteome v2
AT1G70290	arabidopsis	619	s-nitrosylation	Q0WUI9	C	verified	PMC12454217 MOESM2 (S-nitrosylation column)	Novel proteomics workflow paper; TAIR locus -> UniProt mapped, coordinate-verified in registered proteome v2
AT1G70310	arabidopsis	154	s-nitrosylation	O48661	C	verified	PMC12454217 MOESM2 (S-nitrosylation column)	Novel proteomics workflow paper; TAIR locus -> UniProt mapped, coordinate-verified in registered proteome v2
AT1G70320	arabidopsis	102	s-nitrosylation	Q8H0T4	C	verified	PMC12454217 MOESM2 (S-nitrosylation column)	Novel proteomics workflow paper; TAIR locus -> UniProt mapped, coordinate-verified in registered proteome v2
AT1G70330	arabidopsis	349	s-nitrosylation	Q8VXY7	C	verified	PMC12454217 MOESM2 (S-nitrosylation column)	Novel proteomics workflow paper; TAIR locus -> UniProt mapped, coordinate-verified in registered proteome v2
AT1G70410	arabidopsis	109	s-nitrosylation	Q94CE4	C	verified	PMC12454217 MOESM2 (S-nitrosylation column)	Novel proteomics workflow paper; TAIR locus -> UniProt mapped, coordinate-verified in registered proteome v2
AT1G70490	arabidopsis	159	s-nitrosylation	P0DH91	C	verified	PMC12454217 MOESM2 (S-nitrosylation column)	Novel proteomics workflow paper; TAIR locus -> UniProt mapped, coordinate-verified in registered proteome v2
AT1G70570	arabidopsis	105	s-nitrosylation	F4I5H7	C	verified	PMC12454217 MOESM2 (S-nitrosylation column)	Novel proteomics workflow paper; TAIR locus -> UniProt mapped, coordinate-verified in registered proteome v2
AT1G70580	arabidopsis	66	s-nitrosylation	Q9S7E9	C	verified	PMC12454217 MOESM2 (S-nitrosylation column)	Novel proteomics workflow paper; TAIR locus -> UniProt mapped, coordinate-verified in registered proteome v2
AT1G70610	arabidopsis	90	s-nitrosylation	Q8RY46	C	verified	PMC12454217 MOESM2 (S-nitrosylation column)	Novel proteomics workflow paper; TAIR locus -> UniProt mapped, coordinate-verified in registered proteome v2
AT1G70730	arabidopsis	303	s-nitrosylation	F4I6W4	C	verified	PMC12454217 MOESM2 (S-nitrosylation column)	Novel proteomics workflow paper; TAIR locus -> UniProt mapped, coordinate-verified in registered proteome v2
AT1G70820	arabidopsis	209	s-nitrosylation	A0A1P8AN09	C	verified	PMC12454217 MOESM2 (S-nitrosylation column)	Novel proteomics workflow paper; TAIR locus -> UniProt mapped, coordinate-verified in registered proteome v2
AT1G70830	arabidopsis	61	s-nitrosylation	A8MRH3	C	verified	PMC12454217 MOESM2 (S-nitrosylation column)	Novel proteomics workflow paper; TAIR locus -> UniProt mapped, coordinate-verified in registered proteome v2
AT1G70850	arabidopsis	48	s-nitrosylation	F4I6Y7	C	verified	PMC12454217 MOESM2 (S-nitrosylation column)	Novel proteomics workflow paper; TAIR locus -> UniProt mapped, coordinate-verified in registered proteome v2
AT1G70890	arabidopsis	46	s-nitrosylation	Q9SSK5	C	verified	PMC12454217 MOESM2 (S-nitrosylation column)	Novel proteomics workflow paper; TAIR locus -> UniProt mapped, coordinate-verified in registered proteome v2
AT1G70940	arabidopsis	39	s-nitrosylation	Q0WV81	C	verified	PMC12454217 MOESM2 (S-nitrosylation column)	Novel proteomics workflow paper; TAIR locus -> UniProt mapped, coordinate-verified in registered proteome v2
AT1G70980	arabidopsis	537	s-nitrosylation	Q9SSK1	C	verified	PMC12454217 MOESM2 (S-nitrosylation column)	Novel proteomics workflow paper; TAIR locus -> UniProt mapped, coordinate-verified in registered proteome v2
AT1G71090	arabidopsis	264	s-nitrosylation	Q9C999	C	verified	PMC12454217 MOESM2 (S-nitrosylation column)	Novel proteomics workflow paper; TAIR locus -> UniProt mapped, coordinate-verified in registered proteome v2
AT1G71220	arabidopsis	243	s-nitrosylation	A0A1P8AVX3	C	verified	PMC12454217 MOESM2 (S-nitrosylation column)	Novel proteomics workflow paper; TAIR locus -> UniProt mapped, coordinate-verified in registered proteome v2
AT1G71440	arabidopsis	272	s-nitrosylation	Q8GRL7	C	verified	PMC12454217 MOESM2 (S-nitrosylation column)	Novel proteomics workflow paper; TAIR locus -> UniProt mapped, coordinate-verified in registered proteome v2
AT1G71480	arabidopsis	184	s-nitrosylation	Q680Q7	C	verified	PMC12454217 MOESM2 (S-nitrosylation column)	Novel proteomics workflow paper; TAIR locus -> UniProt mapped, coordinate-verified in registered proteome v2
AT1G71500	arabidopsis	144	s-nitrosylation	Q7E9C5	C	verified	PMC12454217 MOESM2 (S-nitrosylation column)	Novel proteomics workflow paper; TAIR locus -> UniProt mapped, coordinate-verified in registered proteome v2
AT1G71810	arabidopsis	380	s-nitrosylation	Q94BU1	C	verified	PMC12454217 MOESM2 (S-nitrosylation column)	Novel proteomics workflow paper; TAIR locus -> UniProt mapped, coordinate-verified in registered proteome v2
AT1G71820	arabidopsis	91	s-nitrosylation	F4IA34	C	verified	PMC12454217 MOESM2 (S-nitrosylation column)	Novel proteomics workflow paper; TAIR locus -> UniProt mapped, coordinate-verified in registered proteome v2
AT1G71860	arabidopsis	41	s-nitrosylation	F4IA41	C	verified	PMC12454217 MOESM2 (S-nitrosylation column)	Novel proteomics workflow paper; TAIR locus -> UniProt mapped, coordinate-verified in registered proteome v2
AT1G71920	arabidopsis	147	s-nitrosylation	P0DI07	C	verified	PMC12454217 MOESM2 (S-nitrosylation column)	Novel proteomics workflow paper; TAIR locus -> UniProt mapped, coordinate-verified in registered proteome v2
AT1G72150	arabidopsis	495	s-nitrosylation	Q56WK6	C	verified	PMC12454217 MOESM2 (S-nitrosylation column)	Novel proteomics workflow paper; TAIR locus -> UniProt mapped, coordinate-verified in registered proteome v2
AT1G72160	arabidopsis	226	s-nitrosylation	Q56Z59	C	verified	PMC12454217 MOESM2 (S-nitrosylation column)	Novel proteomics workflow paper; TAIR locus -> UniProt mapped, coordinate-verified in registered proteome v2
AT1G72330	arabidopsis	109	s-nitrosylation	Q9LDV4	C	verified	PMC12454217 MOESM2 (S-nitrosylation column)	Novel proteomics workflow paper; TAIR locus -> UniProt mapped, coordinate-verified in registered proteome v2
AT1G72340	arabidopsis	212	s-nitrosylation	A0A1P8AVS2	C	verified	PMC12454217 MOESM2 (S-nitrosylation column)	Novel proteomics workflow paper; TAIR locus -> UniProt mapped, coordinate-verified in registered proteome v2
AT1G72370	arabidopsis	23	s-nitrosylation	B9DG17	C	verified	PMC12454217 MOESM2 (S-nitrosylation column)	Novel proteomics workflow paper; TAIR locus -> UniProt mapped, coordinate-verified in registered proteome v2
AT1G72550	arabidopsis	76	s-nitrosylation	F4IDD6	C	verified	PMC12454217 MOESM2 (S-nitrosylation column)	Novel proteomics workflow paper; TAIR locus -> UniProt mapped, coordinate-verified in registered proteome v2
AT1G72610	arabidopsis	38	s-nitrosylation	P94040	C	verified	PMC12454217 MOESM2 (S-nitrosylation column)	Novel proteomics workflow paper; TAIR locus -> UniProt mapped, coordinate-verified in registered proteome v2
AT1G72680	arabidopsis	313	s-nitrosylation	Q9CAI3	C	verified	PMC12454217 MOESM2 (S-nitrosylation column)	Novel proteomics workflow paper; TAIR locus -> UniProt mapped, coordinate-verified in registered proteome v2
AT1G72730	arabidopsis	272	s-nitrosylation	Q9CAI7	C	verified	PMC12454217 MOESM2 (S-nitrosylation column)	Novel proteomics workflow paper; TAIR locus -> UniProt mapped, coordinate-verified in registered proteome v2
AT1G72880	arabidopsis	210	s-nitrosylation	C0Z363	C	verified	PMC12454217 MOESM2 (S-nitrosylation column)	Novel proteomics workflow paper; TAIR locus -> UniProt mapped, coordinate-verified in registered proteome v2
AT1G72930	arabidopsis	150	s-nitrosylation	Q9SSN3	C	verified	PMC12454217 MOESM2 (S-nitrosylation column)	Novel proteomics workflow paper; TAIR locus -> UniProt mapped, coordinate-verified in registered proteome v2
AT1G73060	arabidopsis	122	s-nitrosylation	Q8H0W0	C	verified	PMC12454217 MOESM2 (S-nitrosylation column)	Novel proteomics workflow paper; TAIR locus -> UniProt mapped, coordinate-verified in registered proteome v2
AT1G73180	arabidopsis	202	s-nitrosylation	B3H5L3	C	verified	PMC12454217 MOESM2 (S-nitrosylation column)	Novel proteomics workflow paper; TAIR locus -> UniProt mapped, coordinate-verified in registered proteome v2
AT1G73250	arabidopsis	122	s-nitrosylation	O49213	C	verified	PMC12454217 MOESM2 (S-nitrosylation column)	Novel proteomics workflow paper; TAIR locus -> UniProt mapped, coordinate-verified in registered proteome v2
AT1G73260	arabidopsis	66	s-nitrosylation	Q8RXD5	C	verified	PMC12454217 MOESM2 (S-nitrosylation column)	Novel proteomics workflow paper; TAIR locus -> UniProt mapped, coordinate-verified in registered proteome v2
AT1G73430	arabidopsis	326	s-nitrosylation	F4HQ84	C	verified	PMC12454217 MOESM2 (S-nitrosylation column)	Novel proteomics workflow paper; TAIR locus -> UniProt mapped, coordinate-verified in registered proteome v2
AT1G73600	arabidopsis	236	s-nitrosylation	Q8L7A8	C	verified	PMC12454217 MOESM2 (S-nitrosylation column)	Novel proteomics workflow paper; TAIR locus -> UniProt mapped, coordinate-verified in registered proteome v2
AT1G73670	arabidopsis	228	s-nitrosylation	Q9C9U4	C	verified	PMC12454217 MOESM2 (S-nitrosylation column)	Novel proteomics workflow paper; TAIR locus -> UniProt mapped, coordinate-verified in registered proteome v2
AT1G73880	arabidopsis	182	s-nitrosylation	Q9C9B0	C	verified	PMC12454217 MOESM2 (S-nitrosylation column)	Novel proteomics workflow paper; TAIR locus -> UniProt mapped, coordinate-verified in registered proteome v2
AT1G73980	arabidopsis	55	s-nitrosylation	Q9C9B9	C	verified	PMC12454217 MOESM2 (S-nitrosylation column)	Novel proteomics workflow paper; TAIR locus -> UniProt mapped, coordinate-verified in registered proteome v2
AT1G74030	arabidopsis	250	s-nitrosylation	Q9C9C4	C	verified	PMC12454217 MOESM2 (S-nitrosylation column)	Novel proteomics workflow paper; TAIR locus -> UniProt mapped, coordinate-verified in registered proteome v2
AT1G74040	arabidopsis	161	s-nitrosylation	A0A1P8AUZ8	C	verified	PMC12454217 MOESM2 (S-nitrosylation column)	Novel proteomics workflow paper; TAIR locus -> UniProt mapped, coordinate-verified in registered proteome v2
AT1G74070	arabidopsis	309	s-nitrosylation	F4HTT6	C	verified	PMC12454217 MOESM2 (S-nitrosylation column)	Novel proteomics workflow paper; TAIR locus -> UniProt mapped, coordinate-verified in registered proteome v2
AT1G74090	arabidopsis	282	s-nitrosylation	Q9C9C9	C	verified	PMC12454217 MOESM2 (S-nitrosylation column)	Novel proteomics workflow paper; TAIR locus -> UniProt mapped, coordinate-verified in registered proteome v2
AT1G74100	arabidopsis	199	s-nitrosylation	Q9C9D0	C	verified	PMC12454217 MOESM2 (S-nitrosylation column)	Novel proteomics workflow paper; TAIR locus -> UniProt mapped, coordinate-verified in registered proteome v2
AT1G74260	arabidopsis	196	s-nitrosylation	Q9M8D3	C	verified	PMC12454217 MOESM2 (S-nitrosylation column)	Novel proteomics workflow paper; TAIR locus -> UniProt mapped, coordinate-verified in registered proteome v2
AT1G74530	arabidopsis	184	s-nitrosylation	F4HVP4	C	verified	PMC12454217 MOESM2 (S-nitrosylation column)	Novel proteomics workflow paper; TAIR locus -> UniProt mapped, coordinate-verified in registered proteome v2
AT1G74690	arabidopsis	390	s-nitrosylation	B9DG74	C	verified	PMC12454217 MOESM2 (S-nitrosylation column)	Novel proteomics workflow paper; TAIR locus -> UniProt mapped, coordinate-verified in registered proteome v2
AT1G74790	arabidopsis	291	s-nitrosylation	Q9SSG3	C	verified	PMC12454217 MOESM2 (S-nitrosylation column)	Novel proteomics workflow paper; TAIR locus -> UniProt mapped, coordinate-verified in registered proteome v2
AT1G74850	arabidopsis	664	s-nitrosylation	Q9S7Q2	C	verified	PMC12454217 MOESM2 (S-nitrosylation column)	Novel proteomics workflow paper; TAIR locus -> UniProt mapped, coordinate-verified in registered proteome v2
AT1G74910	arabidopsis	187	s-nitrosylation	F4HXD1	C	verified	PMC12454217 MOESM2 (S-nitrosylation column)	Novel proteomics workflow paper; TAIR locus -> UniProt mapped, coordinate-verified in registered proteome v2
AT1G74920	arabidopsis	201	s-nitrosylation	Q9S795	C	verified	PMC12454217 MOESM2 (S-nitrosylation column)	Novel proteomics workflow paper; TAIR locus -> UniProt mapped, coordinate-verified in registered proteome v2
AT1G74960	arabidopsis	230	s-nitrosylation	Q9C9P4	C	verified	PMC12454217 MOESM2 (S-nitrosylation column)	Novel proteomics workflow paper; TAIR locus -> UniProt mapped, coordinate-verified in registered proteome v2
AT1G75040	arabidopsis	32	s-nitrosylation	P28493	C	verified	PMC12454217 MOESM2 (S-nitrosylation column)	Novel proteomics workflow paper; TAIR locus -> UniProt mapped, coordinate-verified in registered proteome v2
AT1G75130	arabidopsis	451	s-nitrosylation	Q0WT65	C	verified	PMC12454217 MOESM2 (S-nitrosylation column)	Novel proteomics workflow paper; TAIR locus -> UniProt mapped, coordinate-verified in registered proteome v2
AT1G75210	arabidopsis	151	s-nitrosylation	F4HXH1	C	verified	PMC12454217 MOESM2 (S-nitrosylation column)	Novel proteomics workflow paper; TAIR locus -> UniProt mapped, coordinate-verified in registered proteome v2
AT1G75270	arabidopsis	20	s-nitrosylation	Q9FRL8	C	verified	PMC12454217 MOESM2 (S-nitrosylation column)	Novel proteomics workflow paper; TAIR locus -> UniProt mapped, coordinate-verified in registered proteome v2
AT1G75330	arabidopsis	333	s-nitrosylation	O50039	C	verified	PMC12454217 MOESM2 (S-nitrosylation column)	Novel proteomics workflow paper; TAIR locus -> UniProt mapped, coordinate-verified in registered proteome v2
AT1G75350	arabidopsis	65	s-nitrosylation	Q9FWS4	C	verified	PMC12454217 MOESM2 (S-nitrosylation column)	Novel proteomics workflow paper; TAIR locus -> UniProt mapped, coordinate-verified in registered proteome v2
AT1G75510	arabidopsis	232	s-nitrosylation	Q7FX15	C	verified	PMC12454217 MOESM2 (S-nitrosylation column)	Novel proteomics workflow paper; TAIR locus -> UniProt mapped, coordinate-verified in registered proteome v2
AT1G75660	arabidopsis	383	s-nitrosylation	Q9FQ03	C	verified	PMC12454217 MOESM2 (S-nitrosylation column)	Novel proteomics workflow paper; TAIR locus -> UniProt mapped, coordinate-verified in registered proteome v2
AT1G75680	arabidopsis	456	s-nitrosylation	Q8LCP6	C	verified	PMC12454217 MOESM2 (S-nitrosylation column)	Novel proteomics workflow paper; TAIR locus -> UniProt mapped, coordinate-verified in registered proteome v2
AT1G75690	arabidopsis	87	s-nitrosylation	Q8GSJ6	C	verified	PMC12454217 MOESM2 (S-nitrosylation column)	Novel proteomics workflow paper; TAIR locus -> UniProt mapped, coordinate-verified in registered proteome v2
AT1G75840	arabidopsis	9	s-nitrosylation	Q38937	C	verified	PMC12454217 MOESM2 (S-nitrosylation column)	Novel proteomics workflow paper; TAIR locus -> UniProt mapped, coordinate-verified in registered proteome v2
AT1G75850	arabidopsis	135	s-nitrosylation	F4I0P8	C	verified	PMC12454217 MOESM2 (S-nitrosylation column)	Novel proteomics workflow paper; TAIR locus -> UniProt mapped, coordinate-verified in registered proteome v2
AT1G75950	arabidopsis	59	s-nitrosylation	Q39255	C	verified	PMC12454217 MOESM2 (S-nitrosylation column)	Novel proteomics workflow paper; TAIR locus -> UniProt mapped, coordinate-verified in registered proteome v2
AT1G75990	arabidopsis	239	s-nitrosylation	Q9LQR8	C	verified	PMC12454217 MOESM2 (S-nitrosylation column)	Novel proteomics workflow paper; TAIR locus -> UniProt mapped, coordinate-verified in registered proteome v2
AT1G76010	arabidopsis	126	s-nitrosylation	A0A1P8AM56	C	verified	PMC12454217 MOESM2 (S-nitrosylation column)	Novel proteomics workflow paper; TAIR locus -> UniProt mapped, coordinate-verified in registered proteome v2
AT1G76030	arabidopsis	179	s-nitrosylation	P11574	C	verified	PMC12454217 MOESM2 (S-nitrosylation column)	Novel proteomics workflow paper; TAIR locus -> UniProt mapped, coordinate-verified in registered proteome v2
AT1G76080	arabidopsis	122	s-nitrosylation	Q9SGS4	C	verified	PMC12454217 MOESM2 (S-nitrosylation column)	Novel proteomics workflow paper; TAIR locus -> UniProt mapped, coordinate-verified in registered proteome v2
AT1G76100	arabidopsis	192	s-nitrosylation	A0A1P8APR2	C	verified	PMC12454217 MOESM2 (S-nitrosylation column)	Novel proteomics workflow paper; TAIR locus -> UniProt mapped, coordinate-verified in registered proteome v2
AT1G76140	arabidopsis	329	s-nitrosylation	F4I2A0	C	verified	PMC12454217 MOESM2 (S-nitrosylation column)	Novel proteomics workflow paper; TAIR locus -> UniProt mapped, coordinate-verified in registered proteome v2
AT1G76160	arabidopsis	530	s-nitrosylation	B9DFP1	C	verified	PMC12454217 MOESM2 (S-nitrosylation column)	Novel proteomics workflow paper; TAIR locus -> UniProt mapped, coordinate-verified in registered proteome v2
AT1G76460	arabidopsis	82	s-nitrosylation	F4I2E4	C	verified	PMC12454217 MOESM2 (S-nitrosylation column)	Novel proteomics workflow paper; TAIR locus -> UniProt mapped, coordinate-verified in registered proteome v2
AT1G76550	arabidopsis	28	s-nitrosylation	Q9C9K3	C	verified	PMC12454217 MOESM2 (S-nitrosylation column)	Novel proteomics workflow paper; TAIR locus -> UniProt mapped, coordinate-verified in registered proteome v2
AT1G76680	arabidopsis	128	s-nitrosylation	F4I403	C	verified	PMC12454217 MOESM2 (S-nitrosylation column)	Novel proteomics workflow paper; TAIR locus -> UniProt mapped, coordinate-verified in registered proteome v2
AT1G76700	arabidopsis	280	s-nitrosylation	Q8GYX8	C	verified	PMC12454217 MOESM2 (S-nitrosylation column)	Novel proteomics workflow paper; TAIR locus -> UniProt mapped, coordinate-verified in registered proteome v2
AT1G76730	arabidopsis	266	s-nitrosylation	Q9SRE0	C	verified	PMC12454217 MOESM2 (S-nitrosylation column)	Novel proteomics workflow paper; TAIR locus -> UniProt mapped, coordinate-verified in registered proteome v2
AT1G76790	arabidopsis	96	s-nitrosylation	Q9SRD4	C	verified	PMC12454217 MOESM2 (S-nitrosylation column)	Novel proteomics workflow paper; TAIR locus -> UniProt mapped, coordinate-verified in registered proteome v2
AT1G77060	arabidopsis	110	s-nitrosylation	O49290	C	verified	PMC12454217 MOESM2 (S-nitrosylation column)	Novel proteomics workflow paper; TAIR locus -> UniProt mapped, coordinate-verified in registered proteome v2
AT1G77120	arabidopsis	243	s-nitrosylation	P06525	C	verified	PMC12454217 MOESM2 (S-nitrosylation column)	Novel proteomics workflow paper; TAIR locus -> UniProt mapped, coordinate-verified in registered proteome v2
AT1G77440	arabidopsis	19	s-nitrosylation	O81153	C	verified	PMC12454217 MOESM2 (S-nitrosylation column)	Novel proteomics workflow paper; TAIR locus -> UniProt mapped, coordinate-verified in registered proteome v2
AT1G77470	arabidopsis	220	s-nitrosylation	Q9CAQ8	C	verified	PMC12454217 MOESM2 (S-nitrosylation column)	Novel proteomics workflow paper; TAIR locus -> UniProt mapped, coordinate-verified in registered proteome v2
AT1G77490	arabidopsis	102	s-nitrosylation	A0A1P8APU0	C	verified	PMC12454217 MOESM2 (S-nitrosylation column)	Novel proteomics workflow paper; TAIR locus -> UniProt mapped, coordinate-verified in registered proteome v2
AT1G77550	arabidopsis	253	s-nitrosylation	F4I730	C	verified	PMC12454217 MOESM2 (S-nitrosylation column)	Novel proteomics workflow paper; TAIR locus -> UniProt mapped, coordinate-verified in registered proteome v2
AT1G77590	arabidopsis	68	s-nitrosylation	Q9CAP8	C	verified	PMC12454217 MOESM2 (S-nitrosylation column)	Novel proteomics workflow paper; TAIR locus -> UniProt mapped, coordinate-verified in registered proteome v2
AT1G77670	arabidopsis	419	s-nitrosylation	Q0IGK2	C	verified	PMC12454217 MOESM2 (S-nitrosylation column)	Novel proteomics workflow paper; TAIR locus -> UniProt mapped, coordinate-verified in registered proteome v2
AT1G77940	arabidopsis	52	s-nitrosylation	A0A178WES2	C	verified	PMC12454217 MOESM2 (S-nitrosylation column)	Novel proteomics workflow paper; TAIR locus -> UniProt mapped, coordinate-verified in registered proteome v2
AT1G78060	arabidopsis	440	s-nitrosylation	Q9SGZ5	C	verified	PMC12454217 MOESM2 (S-nitrosylation column)	Novel proteomics workflow paper; TAIR locus -> UniProt mapped, coordinate-verified in registered proteome v2
AT1G78300	arabidopsis	100	s-nitrosylation	Q01525	C	verified	PMC12454217 MOESM2 (S-nitrosylation column)	Novel proteomics workflow paper; TAIR locus -> UniProt mapped, coordinate-verified in registered proteome v2
AT1G78370	arabidopsis	65	s-nitrosylation	Q8L7C9	C	verified	PMC12454217 MOESM2 (S-nitrosylation column)	Novel proteomics workflow paper; TAIR locus -> UniProt mapped, coordinate-verified in registered proteome v2
AT1G78570	arabidopsis	44	s-nitrosylation	Q9SYM5	C	verified	PMC12454217 MOESM2 (S-nitrosylation column)	Novel proteomics workflow paper; TAIR locus -> UniProt mapped, coordinate-verified in registered proteome v2
AT1G78580	arabidopsis	930	s-nitrosylation	Q9SYM4	C	verified	PMC12454217 MOESM2 (S-nitrosylation column)	Novel proteomics workflow paper; TAIR locus -> UniProt mapped, coordinate-verified in registered proteome v2
AT1G78590	arabidopsis	50	s-nitrosylation	A0A1P8AQ52	C	verified	PMC12454217 MOESM2 (S-nitrosylation column)	Novel proteomics workflow paper; TAIR locus -> UniProt mapped, coordinate-verified in registered proteome v2
AT1G78680	arabidopsis	243	s-nitrosylation	F4IBT7	C	verified	PMC12454217 MOESM2 (S-nitrosylation column)	Novel proteomics workflow paper; TAIR locus -> UniProt mapped, coordinate-verified in registered proteome v2
AT1G78820	arabidopsis	374	s-nitrosylation	Q9ZVA1	C	verified	PMC12454217 MOESM2 (S-nitrosylation column)	Novel proteomics workflow paper; TAIR locus -> UniProt mapped, coordinate-verified in registered proteome v2
AT1G78830	arabidopsis	374	s-nitrosylation	Q9ZVA2	C	verified	PMC12454217 MOESM2 (S-nitrosylation column)	Novel proteomics workflow paper; TAIR locus -> UniProt mapped, coordinate-verified in registered proteome v2
AT1G78850	arabidopsis	348	s-nitrosylation	Q9ZVA4	C	verified	PMC12454217 MOESM2 (S-nitrosylation column)	Novel proteomics workflow paper; TAIR locus -> UniProt mapped, coordinate-verified in registered proteome v2
AT1G78870	arabidopsis	89	s-nitrosylation	Q94A97	C	verified	PMC12454217 MOESM2 (S-nitrosylation column)	Novel proteomics workflow paper; TAIR locus -> UniProt mapped, coordinate-verified in registered proteome v2
AT1G78880	arabidopsis	286	s-nitrosylation	Q9ZVA7	C	verified	PMC12454217 MOESM2 (S-nitrosylation column)	Novel proteomics workflow paper; TAIR locus -> UniProt mapped, coordinate-verified in registered proteome v2
AT1G78900	arabidopsis	134	s-nitrosylation	O23654	C	verified	PMC12454217 MOESM2 (S-nitrosylation column)	Novel proteomics workflow paper; TAIR locus -> UniProt mapped, coordinate-verified in registered proteome v2
AT1G78920	arabidopsis	311	s-nitrosylation	Q56ZN6	C	verified	PMC12454217 MOESM2 (S-nitrosylation column)	Novel proteomics workflow paper; TAIR locus -> UniProt mapped, coordinate-verified in registered proteome v2
AT1G79280	arabidopsis	264	s-nitrosylation	A4GSN8	C	verified	PMC12454217 MOESM2 (S-nitrosylation column)	Novel proteomics workflow paper; TAIR locus -> UniProt mapped, coordinate-verified in registered proteome v2
AT1G79340	arabidopsis	139	s-nitrosylation	O64517	C	verified	PMC12454217 MOESM2 (S-nitrosylation column)	Novel proteomics workflow paper; TAIR locus -> UniProt mapped, coordinate-verified in registered proteome v2
AT1G79380	arabidopsis	102	s-nitrosylation	Q9SAL0	C	verified	PMC12454217 MOESM2 (S-nitrosylation column)	Novel proteomics workflow paper; TAIR locus -> UniProt mapped, coordinate-verified in registered proteome v2
AT1G79410	arabidopsis	496	s-nitrosylation	Q9SAK7	C	verified	PMC12454217 MOESM2 (S-nitrosylation column)	Novel proteomics workflow paper; TAIR locus -> UniProt mapped, coordinate-verified in registered proteome v2
AT1G79440	arabidopsis	86	s-nitrosylation	Q9SAK4	C	verified	PMC12454217 MOESM2 (S-nitrosylation column)	Novel proteomics workflow paper; TAIR locus -> UniProt mapped, coordinate-verified in registered proteome v2
AT1G79500	arabidopsis	100	s-nitrosylation	Q9AV97	C	verified	PMC12454217 MOESM2 (S-nitrosylation column)	Novel proteomics workflow paper; TAIR locus -> UniProt mapped, coordinate-verified in registered proteome v2
AT1G79530	arabidopsis	331	s-nitrosylation	Q9SAJ6	C	verified	PMC12454217 MOESM2 (S-nitrosylation column)	Novel proteomics workflow paper; TAIR locus -> UniProt mapped, coordinate-verified in registered proteome v2
AT1G79550	arabidopsis	62	s-nitrosylation	Q9SAJ4	C	verified	PMC12454217 MOESM2 (S-nitrosylation column)	Novel proteomics workflow paper; TAIR locus -> UniProt mapped, coordinate-verified in registered proteome v2
AT1G79600	arabidopsis	365	s-nitrosylation	Q9MA15	C	verified	PMC12454217 MOESM2 (S-nitrosylation column)	Novel proteomics workflow paper; TAIR locus -> UniProt mapped, coordinate-verified in registered proteome v2
AT1G79650	arabidopsis	41	s-nitrosylation	F4IF83	C	verified	PMC12454217 MOESM2 (S-nitrosylation column)	Novel proteomics workflow paper; TAIR locus -> UniProt mapped, coordinate-verified in registered proteome v2
AT1G79690	arabidopsis	108	s-nitrosylation	Q8L831	C	verified	PMC12454217 MOESM2 (S-nitrosylation column)	Novel proteomics workflow paper; TAIR locus -> UniProt mapped, coordinate-verified in registered proteome v2
AT1G79720	arabidopsis	252	s-nitrosylation	F4IF94	C	verified	PMC12454217 MOESM2 (S-nitrosylation column)	Novel proteomics workflow paper; TAIR locus -> UniProt mapped, coordinate-verified in registered proteome v2
AT1G79750	arabidopsis	202	s-nitrosylation	Q9CA83	C	verified	PMC12454217 MOESM2 (S-nitrosylation column)	Novel proteomics workflow paper; TAIR locus -> UniProt mapped, coordinate-verified in registered proteome v2
AT1G79790	arabidopsis	81	s-nitrosylation	F4HQA8	C	verified	PMC12454217 MOESM2 (S-nitrosylation column)	Novel proteomics workflow paper; TAIR locus -> UniProt mapped, coordinate-verified in registered proteome v2
AT1G79850	arabidopsis	59	s-nitrosylation	P16180	C	verified	PMC12454217 MOESM2 (S-nitrosylation column)	Novel proteomics workflow paper; TAIR locus -> UniProt mapped, coordinate-verified in registered proteome v2
AT1G79870	arabidopsis	168	s-nitrosylation	Q9CA90	C	verified	PMC12454217 MOESM2 (S-nitrosylation column)	Novel proteomics workflow paper; TAIR locus -> UniProt mapped, coordinate-verified in registered proteome v2
AT1G79920	arabidopsis	40	s-nitrosylation	A0A2H1ZEG9	C	verified	PMC12454217 MOESM2 (S-nitrosylation column)	Novel proteomics workflow paper; TAIR locus -> UniProt mapped, coordinate-verified in registered proteome v2
AT1G79930	arabidopsis	40	s-nitrosylation	Q9S7C0	C	verified	PMC12454217 MOESM2 (S-nitrosylation column)	Novel proteomics workflow paper; TAIR locus -> UniProt mapped, coordinate-verified in registered proteome v2
AT1G79990	arabidopsis	190	s-nitrosylation	F4HQE7	C	verified	PMC12454217 MOESM2 (S-nitrosylation column)	Novel proteomics workflow paper; TAIR locus -> UniProt mapped, coordinate-verified in registered proteome v2
AT1G80070	arabidopsis	1650	s-nitrosylation	Q9SSD2	C	verified	PMC12454217 MOESM2 (S-nitrosylation column)	Novel proteomics workflow paper; TAIR locus -> UniProt mapped, coordinate-verified in registered proteome v2
AT1G80210	arabidopsis	348	s-nitrosylation	B3H5T3	C	verified	PMC12454217 MOESM2 (S-nitrosylation column)	Novel proteomics workflow paper; TAIR locus -> UniProt mapped, coordinate-verified in registered proteome v2
AT1G80230	arabidopsis	121	s-nitrosylation	Q9SSB8	C	verified	PMC12454217 MOESM2 (S-nitrosylation column)	Novel proteomics workflow paper; TAIR locus -> UniProt mapped, coordinate-verified in registered proteome v2
AT1G80300	arabidopsis	499	s-nitrosylation	Q0WW68	C	verified	PMC12454217 MOESM2 (S-nitrosylation column)	Novel proteomics workflow paper; TAIR locus -> UniProt mapped, coordinate-verified in registered proteome v2
AT1G80360	arabidopsis	194	s-nitrosylation	Q9C969	C	verified	PMC12454217 MOESM2 (S-nitrosylation column)	Novel proteomics workflow paper; TAIR locus -> UniProt mapped, coordinate-verified in registered proteome v2
AT1G80380	arabidopsis	160	s-nitrosylation	F4HS63	C	verified	PMC12454217 MOESM2 (S-nitrosylation column)	Novel proteomics workflow paper; TAIR locus -> UniProt mapped, coordinate-verified in registered proteome v2
AT1G80410	arabidopsis	55	s-nitrosylation	F4HS68	C	verified	PMC12454217 MOESM2 (S-nitrosylation column)	Novel proteomics workflow paper; TAIR locus -> UniProt mapped, coordinate-verified in registered proteome v2
AT1G80460	arabidopsis	136	s-nitrosylation	F4HS76	C	verified	PMC12454217 MOESM2 (S-nitrosylation column)	Novel proteomics workflow paper; TAIR locus -> UniProt mapped, coordinate-verified in registered proteome v2
AT1G80490	arabidopsis	186	s-nitrosylation	Q0WV90	C	verified	PMC12454217 MOESM2 (S-nitrosylation column)	Novel proteomics workflow paper; TAIR locus -> UniProt mapped, coordinate-verified in registered proteome v2
AT1G80560	arabidopsis	228	s-nitrosylation	P93832	C	verified	PMC12454217 MOESM2 (S-nitrosylation column)	Novel proteomics workflow paper; TAIR locus -> UniProt mapped, coordinate-verified in registered proteome v2
AT1G80600	arabidopsis	99	s-nitrosylation	Q9M8M7	C	verified	PMC12454217 MOESM2 (S-nitrosylation column)	Novel proteomics workflow paper; TAIR locus -> UniProt mapped, coordinate-verified in registered proteome v2
AT1G80660	arabidopsis	332	s-nitrosylation	A0A1P8AMR3	C	verified	PMC12454217 MOESM2 (S-nitrosylation column)	Novel proteomics workflow paper; TAIR locus -> UniProt mapped, coordinate-verified in registered proteome v2
AT1G80910	arabidopsis	69	s-nitrosylation	C0Z274	C	verified	PMC12454217 MOESM2 (S-nitrosylation column)	Novel proteomics workflow paper; TAIR locus -> UniProt mapped, coordinate-verified in registered proteome v2
AT2G01140	arabidopsis	72	s-nitrosylation	Q9ZU52	C	verified	PMC12454217 MOESM2 (S-nitrosylation column)	Novel proteomics workflow paper; TAIR locus -> UniProt mapped, coordinate-verified in registered proteome v2
AT2G01290	arabidopsis	192	s-nitrosylation	Q9ZU38	C	verified	PMC12454217 MOESM2 (S-nitrosylation column)	Novel proteomics workflow paper; TAIR locus -> UniProt mapped, coordinate-verified in registered proteome v2
AT2G01350	arabidopsis	145	s-nitrosylation	A8MS71	C	verified	PMC12454217 MOESM2 (S-nitrosylation column)	Novel proteomics workflow paper; TAIR locus -> UniProt mapped, coordinate-verified in registered proteome v2
AT2G01420	arabidopsis	39	s-nitrosylation	A0A1P8AY30	C	verified	PMC12454217 MOESM2 (S-nitrosylation column)	Novel proteomics workflow paper; TAIR locus -> UniProt mapped, coordinate-verified in registered proteome v2
AT2G01450	arabidopsis	154	s-nitrosylation	Q0WMP4	C	verified	PMC12454217 MOESM2 (S-nitrosylation column)	Novel proteomics workflow paper; TAIR locus -> UniProt mapped, coordinate-verified in registered proteome v2
AT2G01470	arabidopsis	80	s-nitrosylation	Q39221	C	verified	PMC12454217 MOESM2 (S-nitrosylation column)	Novel proteomics workflow paper; TAIR locus -> UniProt mapped, coordinate-verified in registered proteome v2
AT2G01520	arabidopsis	62	s-nitrosylation	Q9ZVF3	C	verified	PMC12454217 MOESM2 (S-nitrosylation column)	Novel proteomics workflow paper; TAIR locus -> UniProt mapped, coordinate-verified in registered proteome v2
AT2G01530	arabidopsis	62	s-nitrosylation	C0SV41	C	verified	PMC12454217 MOESM2 (S-nitrosylation column)	Novel proteomics workflow paper; TAIR locus -> UniProt mapped, coordinate-verified in registered proteome v2
AT2G01600	arabidopsis	71	s-nitrosylation	Q8LBH2	C	verified	PMC12454217 MOESM2 (S-nitrosylation column)	Novel proteomics workflow paper; TAIR locus -> UniProt mapped, coordinate-verified in registered proteome v2
AT2G01690	arabidopsis	305	s-nitrosylation	F4IPA6	C	verified	PMC12454217 MOESM2 (S-nitrosylation column)	Novel proteomics workflow paper; TAIR locus -> UniProt mapped, coordinate-verified in registered proteome v2
AT2G02010	arabidopsis	124	s-nitrosylation	A0A1P8AZ64	C	verified	PMC12454217 MOESM2 (S-nitrosylation column)	Novel proteomics workflow paper; TAIR locus -> UniProt mapped, coordinate-verified in registered proteome v2
AT2G02040	arabidopsis	336	s-nitrosylation	P46032	C	verified	PMC12454217 MOESM2 (S-nitrosylation column)	Novel proteomics workflow paper; TAIR locus -> UniProt mapped, coordinate-verified in registered proteome v2
AT2G02070	arabidopsis	86	s-nitrosylation	Q9ZUL3	C	verified	PMC12454217 MOESM2 (S-nitrosylation column)	Novel proteomics workflow paper; TAIR locus -> UniProt mapped, coordinate-verified in registered proteome v2
AT2G02080	arabidopsis	207	s-nitrosylation	Q8GYC1	C	verified	PMC12454217 MOESM2 (S-nitrosylation column)	Novel proteomics workflow paper; TAIR locus -> UniProt mapped, coordinate-verified in registered proteome v2
AT2G02400	arabidopsis	151	s-nitrosylation	Q0WR74	C	verified	PMC12454217 MOESM2 (S-nitrosylation column)	Novel proteomics workflow paper; TAIR locus -> UniProt mapped, coordinate-verified in registered proteome v2
AT2G02560	arabidopsis	461	s-nitrosylation	Q8L5Y6	C	verified	PMC12454217 MOESM2 (S-nitrosylation column)	Novel proteomics workflow paper; TAIR locus -> UniProt mapped, coordinate-verified in registered proteome v2
AT2G02740	arabidopsis	163	s-nitrosylation	Q66GR6	C	verified	PMC12454217 MOESM2 (S-nitrosylation column)	Novel proteomics workflow paper; TAIR locus -> UniProt mapped, coordinate-verified in registered proteome v2
AT2G03510	arabidopsis	180	s-nitrosylation	Q7EIL3	C	verified	PMC12454217 MOESM2 (S-nitrosylation column)	Novel proteomics workflow paper; TAIR locus -> UniProt mapped, coordinate-verified in registered proteome v2
AT2G03750	arabidopsis	270	s-nitrosylation	Q8RV79	C	verified	PMC12454217 MOESM2 (S-nitrosylation column)	Novel proteomics workflow paper; TAIR locus -> UniProt mapped, coordinate-verified in registered proteome v2
AT2G03760	arabidopsis	196	s-nitrosylation	P52839	C	verified	PMC12454217 MOESM2 (S-nitrosylation column)	Novel proteomics workflow paper; TAIR locus -> UniProt mapped, coordinate-verified in registered proteome v2
AT2G04030	arabidopsis	165	s-nitrosylation	Q9SIF2	C	verified	PMC12454217 MOESM2 (S-nitrosylation column)	Novel proteomics workflow paper; TAIR locus -> UniProt mapped, coordinate-verified in registered proteome v2
AT2G04350	arabidopsis	91	s-nitrosylation	Q9SJD4	C	verified	PMC12454217 MOESM2 (S-nitrosylation column)	Novel proteomics workflow paper; TAIR locus -> UniProt mapped, coordinate-verified in registered proteome v2
AT2G04400	arabidopsis	216	s-nitrosylation	P49572	C	verified	PMC12454217 MOESM2 (S-nitrosylation column)	Novel proteomics workflow paper; TAIR locus -> UniProt mapped, coordinate-verified in registered proteome v2
AT2G04450	arabidopsis	75	s-nitrosylation	Q9SJC4	C	verified	PMC12454217 MOESM2 (S-nitrosylation column)	Novel proteomics workflow paper; TAIR locus -> UniProt mapped, coordinate-verified in registered proteome v2
AT2G04530	arabidopsis	102	s-nitrosylation	Q8L633	C	verified	PMC12454217 MOESM2 (S-nitrosylation column)	Novel proteomics workflow paper; TAIR locus -> UniProt mapped, coordinate-verified in registered proteome v2
AT2G04540	arabidopsis	60	s-nitrosylation	Q8L3X9	C	verified	PMC12454217 MOESM2 (S-nitrosylation column)	Novel proteomics workflow paper; TAIR locus -> UniProt mapped, coordinate-verified in registered proteome v2
AT2G04690	arabidopsis	120	s-nitrosylation	A0A1P8AZ49	C	verified	PMC12454217 MOESM2 (S-nitrosylation column)	Novel proteomics workflow paper; TAIR locus -> UniProt mapped, coordinate-verified in registered proteome v2
AT2G04700	arabidopsis	60	s-nitrosylation	Q9SJ89	C	verified	PMC12454217 MOESM2 (S-nitrosylation column)	Novel proteomics workflow paper; TAIR locus -> UniProt mapped, coordinate-verified in registered proteome v2
AT2G04842	arabidopsis	191	s-nitrosylation	F4IFC5	C	verified	PMC12454217 MOESM2 (S-nitrosylation column)	Novel proteomics workflow paper; TAIR locus -> UniProt mapped, coordinate-verified in registered proteome v2
AT2G05070	arabidopsis	112	s-nitrosylation	Q9S7J7	C	verified	PMC12454217 MOESM2 (S-nitrosylation column)	Novel proteomics workflow paper; TAIR locus -> UniProt mapped, coordinate-verified in registered proteome v2
AT2G05100	arabidopsis	112	s-nitrosylation	A0A1P8AZ91	C	verified	PMC12454217 MOESM2 (S-nitrosylation column)	Novel proteomics workflow paper; TAIR locus -> UniProt mapped, coordinate-verified in registered proteome v2
AT2G05170	arabidopsis	254	s-nitrosylation	Q9SJ40	C	verified	PMC12454217 MOESM2 (S-nitrosylation column)	Novel proteomics workflow paper; TAIR locus -> UniProt mapped, coordinate-verified in registered proteome v2
AT2G05710	arabidopsis	146	s-nitrosylation	Q9SIB9	C	verified	PMC12454217 MOESM2 (S-nitrosylation column)	Novel proteomics workflow paper; TAIR locus -> UniProt mapped, coordinate-verified in registered proteome v2
AT2G05830	arabidopsis	13	s-nitrosylation	Q9ZUG4	C	verified	PMC12454217 MOESM2 (S-nitrosylation column)	Novel proteomics workflow paper; TAIR locus -> UniProt mapped, coordinate-verified in registered proteome v2
AT2G05840	arabidopsis	49	s-nitrosylation	A0A1P8B073	C	verified	PMC12454217 MOESM2 (S-nitrosylation column)	Novel proteomics workflow paper; TAIR locus -> UniProt mapped, coordinate-verified in registered proteome v2
AT2G05920	arabidopsis	306	s-nitrosylation	Q9ZUF6	C	verified	PMC12454217 MOESM2 (S-nitrosylation column)	Novel proteomics workflow paper; TAIR locus -> UniProt mapped, coordinate-verified in registered proteome v2
AT2G05990	arabidopsis	198	s-nitrosylation	Q9SLA8	C	verified	PMC12454217 MOESM2 (S-nitrosylation column)	Novel proteomics workflow paper; TAIR locus -> UniProt mapped, coordinate-verified in registered proteome v2
AT2G06010	arabidopsis	64	s-nitrosylation	F4IIB9	C	verified	PMC12454217 MOESM2 (S-nitrosylation column)	Novel proteomics workflow paper; TAIR locus -> UniProt mapped, coordinate-verified in registered proteome v2
AT2G06050	arabidopsis	169	s-nitrosylation	Q9FUP0	C	verified	PMC12454217 MOESM2 (S-nitrosylation column)	Novel proteomics workflow paper; TAIR locus -> UniProt mapped, coordinate-verified in registered proteome v2
AT2G06850	arabidopsis	231	s-nitrosylation	Q39099	C	verified	PMC12454217 MOESM2 (S-nitrosylation column)	Novel proteomics workflow paper; TAIR locus -> UniProt mapped, coordinate-verified in registered proteome v2
AT2G07050	arabidopsis	454	s-nitrosylation	P38605	C	verified	PMC12454217 MOESM2 (S-nitrosylation column)	Novel proteomics workflow paper; TAIR locus -> UniProt mapped, coordinate-verified in registered proteome v2
AT2G07698	arabidopsis	474	s-nitrosylation	F4IMB5	C	verified	PMC12454217 MOESM2 (S-nitrosylation column)	Novel proteomics workflow paper; TAIR locus -> UniProt mapped, coordinate-verified in registered proteome v2
AT2G07707	arabidopsis	106	s-nitrosylation	P93303	C	verified	PMC12454217 MOESM2 (S-nitrosylation column)	Novel proteomics workflow paper; TAIR locus -> UniProt mapped, coordinate-verified in registered proteome v2
AT2G07732	arabidopsis	24	s-nitrosylation	F4INE2	C	verified	PMC12454217 MOESM2 (S-nitrosylation column)	Novel proteomics workflow paper; TAIR locus -> UniProt mapped, coordinate-verified in registered proteome v2
AT2G07734	arabidopsis	241	s-nitrosylation	Q31708	C	verified	PMC12454217 MOESM2 (S-nitrosylation column)	Novel proteomics workflow paper; TAIR locus -> UniProt mapped, coordinate-verified in registered proteome v2
AT2G09990	arabidopsis	12	s-nitrosylation	Q9SK22	C	verified	PMC12454217 MOESM2 (S-nitrosylation column)	Novel proteomics workflow paper; TAIR locus -> UniProt mapped, coordinate-verified in registered proteome v2
AT2G10940	arabidopsis	208	s-nitrosylation	Q7EQK2	C	verified	PMC12454217 MOESM2 (S-nitrosylation column)	Novel proteomics workflow paper; TAIR locus -> UniProt mapped, coordinate-verified in registered proteome v2
AT2G11890	arabidopsis	71	s-nitrosylation	Q9SIY3	C	verified	PMC12454217 MOESM2 (S-nitrosylation column)	Novel proteomics workflow paper; TAIR locus -> UniProt mapped, coordinate-verified in registered proteome v2
AT2G13360	arabidopsis	142	s-nitrosylation	Q56YA5	C	verified	PMC12454217 MOESM2 (S-nitrosylation column)	Novel proteomics workflow paper; TAIR locus -> UniProt mapped, coordinate-verified in registered proteome v2
AT2G13540	arabidopsis	53	s-nitrosylation	Q9SIU2	C	verified	PMC12454217 MOESM2 (S-nitrosylation column)	Novel proteomics workflow paper; TAIR locus -> UniProt mapped, coordinate-verified in registered proteome v2
AT2G13560	arabidopsis	471	s-nitrosylation	Q9SIU0	C	verified	PMC12454217 MOESM2 (S-nitrosylation column)	Novel proteomics workflow paper; TAIR locus -> UniProt mapped, coordinate-verified in registered proteome v2
AT2G14120	arabidopsis	357	s-nitrosylation	A0A1P8AX46	C	verified	PMC12454217 MOESM2 (S-nitrosylation column)	Novel proteomics workflow paper; TAIR locus -> UniProt mapped, coordinate-verified in registered proteome v2
AT2G14170	arabidopsis	421	s-nitrosylation	A8MQH4	C	verified	PMC12454217 MOESM2 (S-nitrosylation column)	Novel proteomics workflow paper; TAIR locus -> UniProt mapped, coordinate-verified in registered proteome v2
AT2G14260	arabidopsis	141	s-nitrosylation	A0A1P8B2D9	C	verified	PMC12454217 MOESM2 (S-nitrosylation column)	Novel proteomics workflow paper; TAIR locus -> UniProt mapped, coordinate-verified in registered proteome v2
AT2G14260	arabidopsis	90	s-nitrosylation	F4IFH2	C	verified	PMC12454217 MOESM2 (S-nitrosylation column)	Novel proteomics workflow paper; TAIR locus -> UniProt mapped, coordinate-verified in registered proteome v2
AT2G14720	arabidopsis	103	s-nitrosylation	Q56ZQ3	C	verified	PMC12454217 MOESM2 (S-nitrosylation column)	Novel proteomics workflow paper; TAIR locus -> UniProt mapped, coordinate-verified in registered proteome v2
AT2G14750	arabidopsis	119	s-nitrosylation	Q43295	C	verified	PMC12454217 MOESM2 (S-nitrosylation column)	Novel proteomics workflow paper; TAIR locus -> UniProt mapped, coordinate-verified in registered proteome v2
AT2G15090	arabidopsis	378	s-nitrosylation	Q4V3C9	C	verified	PMC12454217 MOESM2 (S-nitrosylation column)	Novel proteomics workflow paper; TAIR locus -> UniProt mapped, coordinate-verified in registered proteome v2
AT2G15220	arabidopsis	180	s-nitrosylation	Q9SKL6	C	verified	PMC12454217 MOESM2 (S-nitrosylation column)	Novel proteomics workflow paper; TAIR locus -> UniProt mapped, coordinate-verified in registered proteome v2
AT2G15430	arabidopsis	112	s-nitrosylation	A0A1P8B178	C	verified	PMC12454217 MOESM2 (S-nitrosylation column)	Novel proteomics workflow paper; TAIR locus -> UniProt mapped, coordinate-verified in registered proteome v2
AT2G15570	arabidopsis	120	s-nitrosylation	F4IIH6	C	verified	PMC12454217 MOESM2 (S-nitrosylation column)	Novel proteomics workflow paper; TAIR locus -> UniProt mapped, coordinate-verified in registered proteome v2
AT2G15620	arabidopsis	312	s-nitrosylation	Q39161	C	verified	PMC12454217 MOESM2 (S-nitrosylation column)	Novel proteomics workflow paper; TAIR locus -> UniProt mapped, coordinate-verified in registered proteome v2
AT2G15900	arabidopsis	248	s-nitrosylation	F4IJE1	C	verified	PMC12454217 MOESM2 (S-nitrosylation column)	Novel proteomics workflow paper; TAIR locus -> UniProt mapped, coordinate-verified in registered proteome v2
AT2G16430	arabidopsis	54	s-nitrosylation	Q9SIV9	C	verified	PMC12454217 MOESM2 (S-nitrosylation column)	Novel proteomics workflow paper; TAIR locus -> UniProt mapped, coordinate-verified in registered proteome v2
AT2G16485	arabidopsis	1053	s-nitrosylation	A0A1P8B1D0	C	verified	PMC12454217 MOESM2 (S-nitrosylation column)	Novel proteomics workflow paper; TAIR locus -> UniProt mapped, coordinate-verified in registered proteome v2
AT2G16570	arabidopsis	287	s-nitrosylation	Q9SI61	C	verified	PMC12454217 MOESM2 (S-nitrosylation column)	Novel proteomics workflow paper; TAIR locus -> UniProt mapped, coordinate-verified in registered proteome v2
AT2G16600	arabidopsis	41	s-nitrosylation	Q38900	C	verified	PMC12454217 MOESM2 (S-nitrosylation column)	Novel proteomics workflow paper; TAIR locus -> UniProt mapped, coordinate-verified in registered proteome v2
AT2G16780	arabidopsis	194	s-nitrosylation	O22468	C	verified	PMC12454217 MOESM2 (S-nitrosylation column)	Novel proteomics workflow paper; TAIR locus -> UniProt mapped, coordinate-verified in registered proteome v2
AT2G16950	arabidopsis	102	s-nitrosylation	Q8H0U4	C	verified	PMC12454217 MOESM2 (S-nitrosylation column)	Novel proteomics workflow paper; TAIR locus -> UniProt mapped, coordinate-verified in registered proteome v2
AT2G17130	arabidopsis	216	s-nitrosylation	P93032	C	verified	PMC12454217 MOESM2 (S-nitrosylation column)	Novel proteomics workflow paper; TAIR locus -> UniProt mapped, coordinate-verified in registered proteome v2
AT2G17265	arabidopsis	74	s-nitrosylation	Q8L7R2	C	verified	PMC12454217 MOESM2 (S-nitrosylation column)	Novel proteomics workflow paper; TAIR locus -> UniProt mapped, coordinate-verified in registered proteome v2
AT2G17280	arabidopsis	235	s-nitrosylation	Q8GY96	C	verified	PMC12454217 MOESM2 (S-nitrosylation column)	Novel proteomics workflow paper; TAIR locus -> UniProt mapped, coordinate-verified in registered proteome v2
AT2G17290	arabidopsis	344	s-nitrosylation	Q38872	C	verified	PMC12454217 MOESM2 (S-nitrosylation column)	Novel proteomics workflow paper; TAIR locus -> UniProt mapped, coordinate-verified in registered proteome v2
AT2G17320	arabidopsis	352	s-nitrosylation	B9DH75	C	verified	PMC12454217 MOESM2 (S-nitrosylation column)	Novel proteomics workflow paper; TAIR locus -> UniProt mapped, coordinate-verified in registered proteome v2
AT2G17340	arabidopsis	259	s-nitrosylation	Q949P3	C	verified	PMC12454217 MOESM2 (S-nitrosylation column)	Novel proteomics workflow paper; TAIR locus -> UniProt mapped, coordinate-verified in registered proteome v2
AT2G17390	arabidopsis	261	s-nitrosylation	Q29Q26	C	verified	PMC12454217 MOESM2 (S-nitrosylation column)	Novel proteomics workflow paper; TAIR locus -> UniProt mapped, coordinate-verified in registered proteome v2
AT2G17420	arabidopsis	62	s-nitrosylation	A0A1P8AZS7	C	verified	PMC12454217 MOESM2 (S-nitrosylation column)	Novel proteomics workflow paper; TAIR locus -> UniProt mapped, coordinate-verified in registered proteome v2
AT2G17510	arabidopsis	144	s-nitrosylation	F4INI6	C	verified	PMC12454217 MOESM2 (S-nitrosylation column)	Novel proteomics workflow paper; TAIR locus -> UniProt mapped, coordinate-verified in registered proteome v2
AT2G17630	arabidopsis	207	s-nitrosylation	Q9SHP0	C	verified	PMC12454217 MOESM2 (S-nitrosylation column)	Novel proteomics workflow paper; TAIR locus -> UniProt mapped, coordinate-verified in registered proteome v2
AT2G17700	arabidopsis	306	s-nitrosylation	O22558	C	verified	PMC12454217 MOESM2 (S-nitrosylation column)	Novel proteomics workflow paper; TAIR locus -> UniProt mapped, coordinate-verified in registered proteome v2
AT2G17790	arabidopsis	134	s-nitrosylation	Q7X659	C	verified	PMC12454217 MOESM2 (S-nitrosylation column)	Novel proteomics workflow paper; TAIR locus -> UniProt mapped, coordinate-verified in registered proteome v2
AT2G17800	arabidopsis	9	s-nitrosylation	Q38902	C	verified	PMC12454217 MOESM2 (S-nitrosylation column)	Novel proteomics workflow paper; TAIR locus -> UniProt mapped, coordinate-verified in registered proteome v2
AT2G17930	arabidopsis	2180	s-nitrosylation	F4IPJ1	C	verified	PMC12454217 MOESM2 (S-nitrosylation column)	Novel proteomics workflow paper; TAIR locus -> UniProt mapped, coordinate-verified in registered proteome v2
AT2G17980	arabidopsis	199	s-nitrosylation	Q9SL48	C	verified	PMC12454217 MOESM2 (S-nitrosylation column)	Novel proteomics workflow paper; TAIR locus -> UniProt mapped, coordinate-verified in registered proteome v2
AT2G18020	arabidopsis	114	s-nitrosylation	P46286	C	verified	PMC12454217 MOESM2 (S-nitrosylation column)	Novel proteomics workflow paper; TAIR locus -> UniProt mapped, coordinate-verified in registered proteome v2
AT2G18170	arabidopsis	175	s-nitrosylation	Q0WMN0	C	verified	PMC12454217 MOESM2 (S-nitrosylation column)	Novel proteomics workflow paper; TAIR locus -> UniProt mapped, coordinate-verified in registered proteome v2
AT2G18230	arabidopsis	57	s-nitrosylation	P21216	C	verified	PMC12454217 MOESM2 (S-nitrosylation column)	Novel proteomics workflow paper; TAIR locus -> UniProt mapped, coordinate-verified in registered proteome v2
AT2G18245	arabidopsis	325	s-nitrosylation	Q8S8G6	C	verified	PMC12454217 MOESM2 (S-nitrosylation column)	Novel proteomics workflow paper; TAIR locus -> UniProt mapped, coordinate-verified in registered proteome v2
AT2G18330	arabidopsis	458	s-nitrosylation	Q7EUE9	C	verified	PMC12454217 MOESM2 (S-nitrosylation column)	Novel proteomics workflow paper; TAIR locus -> UniProt mapped, coordinate-verified in registered proteome v2
AT2G18660	arabidopsis	97	s-nitrosylation	Q9ZV52	C	verified	PMC12454217 MOESM2 (S-nitrosylation column)	Novel proteomics workflow paper; TAIR locus -> UniProt mapped, coordinate-verified in registered proteome v2
AT2G18730	arabidopsis	175	s-nitrosylation	Q8VZG1	C	verified	PMC12454217 MOESM2 (S-nitrosylation column)	Novel proteomics workflow paper; TAIR locus -> UniProt mapped, coordinate-verified in registered proteome v2
AT2G18750	arabidopsis	54	s-nitrosylation	C0SV51	C	verified	PMC12454217 MOESM2 (S-nitrosylation column)	Novel proteomics workflow paper; TAIR locus -> UniProt mapped, coordinate-verified in registered proteome v2
AT2G18790	arabidopsis	637	s-nitrosylation	A0A178VXX1	C	verified	PMC12454217 MOESM2 (S-nitrosylation column)	Novel proteomics workflow paper; TAIR locus -> UniProt mapped, coordinate-verified in registered proteome v2
AT2G18960	arabidopsis	202	s-nitrosylation	P20649	C	verified	PMC12454217 MOESM2 (S-nitrosylation column)	Novel proteomics workflow paper; TAIR locus -> UniProt mapped, coordinate-verified in registered proteome v2
AT2G19520	arabidopsis	130	s-nitrosylation	O22607	C	verified	PMC12454217 MOESM2 (S-nitrosylation column)	Novel proteomics workflow paper; TAIR locus -> UniProt mapped, coordinate-verified in registered proteome v2
AT2G19730	arabidopsis	18	s-nitrosylation	O82204	C	verified	PMC12454217 MOESM2 (S-nitrosylation column)	Novel proteomics workflow paper; TAIR locus -> UniProt mapped, coordinate-verified in registered proteome v2
AT2G19760	arabidopsis	13	s-nitrosylation	Q42449	C	verified	PMC12454217 MOESM2 (S-nitrosylation column)	Novel proteomics workflow paper; TAIR locus -> UniProt mapped, coordinate-verified in registered proteome v2
AT2G19810	arabidopsis	100	s-nitrosylation	O82199	C	verified	PMC12454217 MOESM2 (S-nitrosylation column)	Novel proteomics workflow paper; TAIR locus -> UniProt mapped, coordinate-verified in registered proteome v2
AT2G19860	arabidopsis	399	s-nitrosylation	P93834	C	verified	PMC12454217 MOESM2 (S-nitrosylation column)	Novel proteomics workflow paper; TAIR locus -> UniProt mapped, coordinate-verified in registered proteome v2
AT2G19870	arabidopsis	533	s-nitrosylation	F4ITH9	C	verified	PMC12454217 MOESM2 (S-nitrosylation column)	Novel proteomics workflow paper; TAIR locus -> UniProt mapped, coordinate-verified in registered proteome v2
AT2G19940	arabidopsis	118	s-nitrosylation	A0A1P8B108	C	verified	PMC12454217 MOESM2 (S-nitrosylation column)	Novel proteomics workflow paper; TAIR locus -> UniProt mapped, coordinate-verified in registered proteome v2
AT2G20050	arabidopsis	102	s-nitrosylation	F4IUD7	C	verified	PMC12454217 MOESM2 (S-nitrosylation column)	Novel proteomics workflow paper; TAIR locus -> UniProt mapped, coordinate-verified in registered proteome v2
AT2G20140	arabidopsis	402	s-nitrosylation	Q9SL67	C	verified	PMC12454217 MOESM2 (S-nitrosylation column)	Novel proteomics workflow paper; TAIR locus -> UniProt mapped, coordinate-verified in registered proteome v2
AT2G20270	arabidopsis	95	s-nitrosylation	F4IUG7	C	verified	PMC12454217 MOESM2 (S-nitrosylation column)	Novel proteomics workflow paper; TAIR locus -> UniProt mapped, coordinate-verified in registered proteome v2
AT2G20340	arabidopsis	461	s-nitrosylation	Q8RY79	C	verified	PMC12454217 MOESM2 (S-nitrosylation column)	Novel proteomics workflow paper; TAIR locus -> UniProt mapped, coordinate-verified in registered proteome v2
AT2G20360	arabidopsis	185	s-nitrosylation	Q9SK66	C	verified	PMC12454217 MOESM2 (S-nitrosylation column)	Novel proteomics workflow paper; TAIR locus -> UniProt mapped, coordinate-verified in registered proteome v2
AT2G20420	arabidopsis	133	s-nitrosylation	O82662	C	verified	PMC12454217 MOESM2 (S-nitrosylation column)	Novel proteomics workflow paper; TAIR locus -> UniProt mapped, coordinate-verified in registered proteome v2
AT2G20550	arabidopsis	116	s-nitrosylation	B9DGT9	C	verified	PMC12454217 MOESM2 (S-nitrosylation column)	Novel proteomics workflow paper; TAIR locus -> UniProt mapped, coordinate-verified in registered proteome v2
AT2G20580	arabidopsis	225	s-nitrosylation	Q9SIV2	C	verified	PMC12454217 MOESM2 (S-nitrosylation column)	Novel proteomics workflow paper; TAIR locus -> UniProt mapped, coordinate-verified in registered proteome v2
AT2G20610	arabidopsis	60	s-nitrosylation	Q9SIV0	C	verified	PMC12454217 MOESM2 (S-nitrosylation column)	Novel proteomics workflow paper; TAIR locus -> UniProt mapped, coordinate-verified in registered proteome v2
AT2G20630	arabidopsis	15	s-nitrosylation	Q9SIU8	C	verified	PMC12454217 MOESM2 (S-nitrosylation column)	Novel proteomics workflow paper; TAIR locus -> UniProt mapped, coordinate-verified in registered proteome v2
AT2G20830	arabidopsis	275	s-nitrosylation	F4IFK0	C	verified	PMC12454217 MOESM2 (S-nitrosylation column)	Novel proteomics workflow paper; TAIR locus -> UniProt mapped, coordinate-verified in registered proteome v2
AT2G20860	arabidopsis	280	s-nitrosylation	Q9ZWT1	C	verified	PMC12454217 MOESM2 (S-nitrosylation column)	Novel proteomics workflow paper; TAIR locus -> UniProt mapped, coordinate-verified in registered proteome v2
AT2G20890	arabidopsis	226	s-nitrosylation	Q9SKT0	C	verified	PMC12454217 MOESM2 (S-nitrosylation column)	Novel proteomics workflow paper; TAIR locus -> UniProt mapped, coordinate-verified in registered proteome v2
AT2G20990	arabidopsis	145	s-nitrosylation	F4IFM6	C	verified	PMC12454217 MOESM2 (S-nitrosylation column)	Novel proteomics workflow paper; TAIR locus -> UniProt mapped, coordinate-verified in registered proteome v2
AT2G21060	arabidopsis	185	s-nitrosylation	Q38896	C	verified	PMC12454217 MOESM2 (S-nitrosylation column)	Novel proteomics workflow paper; TAIR locus -> UniProt mapped, coordinate-verified in registered proteome v2
AT2G21130	arabidopsis	41	s-nitrosylation	Q9SKQ0	C	verified	PMC12454217 MOESM2 (S-nitrosylation column)	Novel proteomics workflow paper; TAIR locus -> UniProt mapped, coordinate-verified in registered proteome v2
AT2G21170	arabidopsis	186	s-nitrosylation	Q9SKP6	C	verified	PMC12454217 MOESM2 (S-nitrosylation column)	Novel proteomics workflow paper; TAIR locus -> UniProt mapped, coordinate-verified in registered proteome v2
AT2G21250	arabidopsis	89	s-nitrosylation	F4IGK5	C	verified	PMC12454217 MOESM2 (S-nitrosylation column)	Novel proteomics workflow paper; TAIR locus -> UniProt mapped, coordinate-verified in registered proteome v2
AT2G21270	arabidopsis	40	s-nitrosylation	Q9SJV0	C	verified	PMC12454217 MOESM2 (S-nitrosylation column)	Novel proteomics workflow paper; TAIR locus -> UniProt mapped, coordinate-verified in registered proteome v2
AT2G21280	arabidopsis	120	s-nitrosylation	A0A1P8B167	C	verified	PMC12454217 MOESM2 (S-nitrosylation column)	Novel proteomics workflow paper; TAIR locus -> UniProt mapped, coordinate-verified in registered proteome v2
AT2G21330	arabidopsis	80	s-nitrosylation	C0Z2F2	C	verified	PMC12454217 MOESM2 (S-nitrosylation column)	Novel proteomics workflow paper; TAIR locus -> UniProt mapped, coordinate-verified in registered proteome v2
AT2G21385	arabidopsis	139	s-nitrosylation	F4IGM4	C	verified	PMC12454217 MOESM2 (S-nitrosylation column)	Novel proteomics workflow paper; TAIR locus -> UniProt mapped, coordinate-verified in registered proteome v2
AT2G21390	arabidopsis	383	s-nitrosylation	Q9SJT9	C	verified	PMC12454217 MOESM2 (S-nitrosylation column)	Novel proteomics workflow paper; TAIR locus -> UniProt mapped, coordinate-verified in registered proteome v2
AT2G21410	arabidopsis	261	s-nitrosylation	Q9SJT7	C	verified	PMC12454217 MOESM2 (S-nitrosylation column)	Novel proteomics workflow paper; TAIR locus -> UniProt mapped, coordinate-verified in registered proteome v2
AT2G21470	arabidopsis	168	s-nitrosylation	F4IHI1	C	verified	PMC12454217 MOESM2 (S-nitrosylation column)	Novel proteomics workflow paper; TAIR locus -> UniProt mapped, coordinate-verified in registered proteome v2
AT2G21620	arabidopsis	164	s-nitrosylation	F4IHK3	C	verified	PMC12454217 MOESM2 (S-nitrosylation column)	Novel proteomics workflow paper; TAIR locus -> UniProt mapped, coordinate-verified in registered proteome v2
AT2G21660	arabidopsis	10	s-nitrosylation	C0Z2N6	C	verified	PMC12454217 MOESM2 (S-nitrosylation column)	Novel proteomics workflow paper; TAIR locus -> UniProt mapped, coordinate-verified in registered proteome v2
AT2G21960	arabidopsis	324	s-nitrosylation	Q7EXE6	C	verified	PMC12454217 MOESM2 (S-nitrosylation column)	Novel proteomics workflow paper; TAIR locus -> UniProt mapped, coordinate-verified in registered proteome v2
AT2G22125	arabidopsis	719	s-nitrosylation	F4IIM1	C	verified	PMC12454217 MOESM2 (S-nitrosylation column)	Novel proteomics workflow paper; TAIR locus -> UniProt mapped, coordinate-verified in registered proteome v2
AT2G22170	arabidopsis	133	s-nitrosylation	Q9SIE7	C	verified	PMC12454217 MOESM2 (S-nitrosylation column)	Novel proteomics workflow paper; TAIR locus -> UniProt mapped, coordinate-verified in registered proteome v2
AT2G22400	arabidopsis	677	s-nitrosylation	F4IJH8	C	verified	PMC12454217 MOESM2 (S-nitrosylation column)	Novel proteomics workflow paper; TAIR locus -> UniProt mapped, coordinate-verified in registered proteome v2
AT2G22450	arabidopsis	362	s-nitrosylation	Q6NLQ7	C	verified	PMC12454217 MOESM2 (S-nitrosylation column)	Novel proteomics workflow paper; TAIR locus -> UniProt mapped, coordinate-verified in registered proteome v2
AT2G22480	arabidopsis	405	s-nitrosylation	Q8VYN6	C	verified	PMC12454217 MOESM2 (S-nitrosylation column)	Novel proteomics workflow paper; TAIR locus -> UniProt mapped, coordinate-verified in registered proteome v2
AT2G22500	arabidopsis	266	s-nitrosylation	Q9SJY5	C	verified	PMC12454217 MOESM2 (S-nitrosylation column)	Novel proteomics workflow paper; TAIR locus -> UniProt mapped, coordinate-verified in registered proteome v2
AT2G22570	arabidopsis	197	s-nitrosylation	Q8S8F9	C	verified	PMC12454217 MOESM2 (S-nitrosylation column)	Novel proteomics workflow paper; TAIR locus -> UniProt mapped, coordinate-verified in registered proteome v2
AT2G22780	arabidopsis	234	s-nitrosylation	O82399	C	verified	PMC12454217 MOESM2 (S-nitrosylation column)	Novel proteomics workflow paper; TAIR locus -> UniProt mapped, coordinate-verified in registered proteome v2
AT2G23070	arabidopsis	182	s-nitrosylation	O64816	C	verified	PMC12454217 MOESM2 (S-nitrosylation column)	Novel proteomics workflow paper; TAIR locus -> UniProt mapped, coordinate-verified in registered proteome v2
AT2G23140	arabidopsis	300	s-nitrosylation	F4ILG6	C	verified	PMC12454217 MOESM2 (S-nitrosylation column)	Novel proteomics workflow paper; TAIR locus -> UniProt mapped, coordinate-verified in registered proteome v2
AT2G23200	arabidopsis	590	s-nitrosylation	O22187	C	verified	PMC12454217 MOESM2 (S-nitrosylation column)	Novel proteomics workflow paper; TAIR locus -> UniProt mapped, coordinate-verified in registered proteome v2
AT2G23350	arabidopsis	266	s-nitrosylation	O22173	C	verified	PMC12454217 MOESM2 (S-nitrosylation column)	Novel proteomics workflow paper; TAIR locus -> UniProt mapped, coordinate-verified in registered proteome v2
AT2G23370	arabidopsis	141	s-nitrosylation	F4ILJ7	C	verified	PMC12454217 MOESM2 (S-nitrosylation column)	Novel proteomics workflow paper; TAIR locus -> UniProt mapped, coordinate-verified in registered proteome v2
AT2G23420	arabidopsis	195	s-nitrosylation	A0A1P8AXW4	C	verified	PMC12454217 MOESM2 (S-nitrosylation column)	Novel proteomics workflow paper; TAIR locus -> UniProt mapped, coordinate-verified in registered proteome v2
AT2G23600	arabidopsis	74	s-nitrosylation	A0A1P8AXQ5	C	verified	PMC12454217 MOESM2 (S-nitrosylation column)	Novel proteomics workflow paper; TAIR locus -> UniProt mapped, coordinate-verified in registered proteome v2
AT2G23610	arabidopsis	59	s-nitrosylation	A0A1P8B0R3	C	verified	PMC12454217 MOESM2 (S-nitrosylation column)	Novel proteomics workflow paper; TAIR locus -> UniProt mapped, coordinate-verified in registered proteome v2
AT2G23810	arabidopsis	138	s-nitrosylation	Q8S8Q6	C	verified	PMC12454217 MOESM2 (S-nitrosylation column)	Novel proteomics workflow paper; TAIR locus -> UniProt mapped, coordinate-verified in registered proteome v2
AT2G23820	arabidopsis	154	s-nitrosylation	F4IMN1	C	verified	PMC12454217 MOESM2 (S-nitrosylation column)	Novel proteomics workflow paper; TAIR locus -> UniProt mapped, coordinate-verified in registered proteome v2
AT2G24020	arabidopsis	109	s-nitrosylation	O82230	C	verified	PMC12454217 MOESM2 (S-nitrosylation column)	Novel proteomics workflow paper; TAIR locus -> UniProt mapped, coordinate-verified in registered proteome v2
AT2G24050	arabidopsis	81	s-nitrosylation	O82233	C	verified	PMC12454217 MOESM2 (S-nitrosylation column)	Novel proteomics workflow paper; TAIR locus -> UniProt mapped, coordinate-verified in registered proteome v2
AT2G24200	arabidopsis	246	s-nitrosylation	P30184	C	verified	PMC12454217 MOESM2 (S-nitrosylation column)	Novel proteomics workflow paper; TAIR locus -> UniProt mapped, coordinate-verified in registered proteome v2
AT2G24270	arabidopsis	50	s-nitrosylation	B9DHD2	C	verified	PMC12454217 MOESM2 (S-nitrosylation column)	Novel proteomics workflow paper; TAIR locus -> UniProt mapped, coordinate-verified in registered proteome v2
AT2G24820	arabidopsis	148	s-nitrosylation	Q9SK50	C	verified	PMC12454217 MOESM2 (S-nitrosylation column)	Novel proteomics workflow paper; TAIR locus -> UniProt mapped, coordinate-verified in registered proteome v2
AT2G25080	arabidopsis	111	s-nitrosylation	P52032	C	verified	PMC12454217 MOESM2 (S-nitrosylation column)	Novel proteomics workflow paper; TAIR locus -> UniProt mapped, coordinate-verified in registered proteome v2
AT2G25110	arabidopsis	192	s-nitrosylation	Q93ZE8	C	verified	PMC12454217 MOESM2 (S-nitrosylation column)	Novel proteomics workflow paper; TAIR locus -> UniProt mapped, coordinate-verified in registered proteome v2
AT2G25280	arabidopsis	86	s-nitrosylation	Q9SIR5	C	verified	PMC12454217 MOESM2 (S-nitrosylation column)	Novel proteomics workflow paper; TAIR locus -> UniProt mapped, coordinate-verified in registered proteome v2
AT2G25290	arabidopsis	135	s-nitrosylation	F4IRM4	C	verified	PMC12454217 MOESM2 (S-nitrosylation column)	Novel proteomics workflow paper; TAIR locus -> UniProt mapped, coordinate-verified in registered proteome v2
AT2G25355	arabidopsis	178	s-nitrosylation	F4IRN7	C	verified	PMC12454217 MOESM2 (S-nitrosylation column)	Novel proteomics workflow paper; TAIR locus -> UniProt mapped, coordinate-verified in registered proteome v2
AT2G25430	arabidopsis	68	s-nitrosylation	Q8LF20	C	verified	PMC12454217 MOESM2 (S-nitrosylation column)	Novel proteomics workflow paper; TAIR locus -> UniProt mapped, coordinate-verified in registered proteome v2
AT2G25450	arabidopsis	151	s-nitrosylation	Q9SKK4	C	verified	PMC12454217 MOESM2 (S-nitrosylation column)	Novel proteomics workflow paper; TAIR locus -> UniProt mapped, coordinate-verified in registered proteome v2
AT2G25800	arabidopsis	278	s-nitrosylation	F4ISP0	C	verified	PMC12454217 MOESM2 (S-nitrosylation column)	Novel proteomics workflow paper; TAIR locus -> UniProt mapped, coordinate-verified in registered proteome v2
AT2G25840	arabidopsis	319	s-nitrosylation	F4ISP4	C	verified	PMC12454217 MOESM2 (S-nitrosylation column)	Novel proteomics workflow paper; TAIR locus -> UniProt mapped, coordinate-verified in registered proteome v2
AT2G26060	arabidopsis	110	s-nitrosylation	O80990	C	verified	PMC12454217 MOESM2 (S-nitrosylation column)	Novel proteomics workflow paper; TAIR locus -> UniProt mapped, coordinate-verified in registered proteome v2
AT2G26080	arabidopsis	103	s-nitrosylation	O80988	C	verified	PMC12454217 MOESM2 (S-nitrosylation column)	Novel proteomics workflow paper; TAIR locus -> UniProt mapped, coordinate-verified in registered proteome v2
AT2G26140	arabidopsis	541	s-nitrosylation	O80983	C	verified	PMC12454217 MOESM2 (S-nitrosylation column)	Novel proteomics workflow paper; TAIR locus -> UniProt mapped, coordinate-verified in registered proteome v2
AT2G26210	arabidopsis	174	s-nitrosylation	A0A1P8AXK0	C	verified	PMC12454217 MOESM2 (S-nitrosylation column)	Novel proteomics workflow paper; TAIR locus -> UniProt mapped, coordinate-verified in registered proteome v2
AT2G26300	arabidopsis	163	s-nitrosylation	P18064	C	verified	PMC12454217 MOESM2 (S-nitrosylation column)	Novel proteomics workflow paper; TAIR locus -> UniProt mapped, coordinate-verified in registered proteome v2
AT2G26560	arabidopsis	99	s-nitrosylation	O48723	C	verified	PMC12454217 MOESM2 (S-nitrosylation column)	Novel proteomics workflow paper; TAIR locus -> UniProt mapped, coordinate-verified in registered proteome v2
AT2G26570	arabidopsis	485	s-nitrosylation	O48724	C	verified	PMC12454217 MOESM2 (S-nitrosylation column)	Novel proteomics workflow paper; TAIR locus -> UniProt mapped, coordinate-verified in registered proteome v2
AT2G26730	arabidopsis	490	s-nitrosylation	C0LGL2	C	verified	PMC12454217 MOESM2 (S-nitrosylation column)	Novel proteomics workflow paper; TAIR locus -> UniProt mapped, coordinate-verified in registered proteome v2
AT2G26740	arabidopsis	156	s-nitrosylation	F4IVJ3	C	verified	PMC12454217 MOESM2 (S-nitrosylation column)	Novel proteomics workflow paper; TAIR locus -> UniProt mapped, coordinate-verified in registered proteome v2
AT2G26780	arabidopsis	1143	s-nitrosylation	A0A1P8AX98	C	verified	PMC12454217 MOESM2 (S-nitrosylation column)	Novel proteomics workflow paper; TAIR locus -> UniProt mapped, coordinate-verified in registered proteome v2
AT2G26830	arabidopsis	47	s-nitrosylation	O81024	C	verified	PMC12454217 MOESM2 (S-nitrosylation column)	Novel proteomics workflow paper; TAIR locus -> UniProt mapped, coordinate-verified in registered proteome v2
AT2G26890	arabidopsis	199	s-nitrosylation	F4IVL6	C	verified	PMC12454217 MOESM2 (S-nitrosylation column)	Novel proteomics workflow paper; TAIR locus -> UniProt mapped, coordinate-verified in registered proteome v2
AT2G26900	arabidopsis	351	s-nitrosylation	Q1EBV7	C	verified	PMC12454217 MOESM2 (S-nitrosylation column)	Novel proteomics workflow paper; TAIR locus -> UniProt mapped, coordinate-verified in registered proteome v2
AT2G26930	arabidopsis	79	s-nitrosylation	O81014	C	verified	PMC12454217 MOESM2 (S-nitrosylation column)	Novel proteomics workflow paper; TAIR locus -> UniProt mapped, coordinate-verified in registered proteome v2
AT2G27020	arabidopsis	144	s-nitrosylation	A0A1P8AX55	C	verified	PMC12454217 MOESM2 (S-nitrosylation column)	Novel proteomics workflow paper; TAIR locus -> UniProt mapped, coordinate-verified in registered proteome v2
AT2G27030	arabidopsis	27	s-nitrosylation	F4IVN6	C	verified	PMC12454217 MOESM2 (S-nitrosylation column)	Novel proteomics workflow paper; TAIR locus -> UniProt mapped, coordinate-verified in registered proteome v2
AT2G27040	arabidopsis	342	s-nitrosylation	Q9ZVD5	C	verified	PMC12454217 MOESM2 (S-nitrosylation column)	Novel proteomics workflow paper; TAIR locus -> UniProt mapped, coordinate-verified in registered proteome v2
AT2G27150	arabidopsis	150	s-nitrosylation	A0A1P8AZL6	C	verified	PMC12454217 MOESM2 (S-nitrosylation column)	Novel proteomics workflow paper; TAIR locus -> UniProt mapped, coordinate-verified in registered proteome v2
AT2G27190	arabidopsis	94	s-nitrosylation	Q38924	C	verified	PMC12454217 MOESM2 (S-nitrosylation column)	Novel proteomics workflow paper; TAIR locus -> UniProt mapped, coordinate-verified in registered proteome v2
AT2G27210	arabidopsis	156	s-nitrosylation	F4IFQ0	C	verified	PMC12454217 MOESM2 (S-nitrosylation column)	Novel proteomics workflow paper; TAIR locus -> UniProt mapped, coordinate-verified in registered proteome v2
AT2G27510	arabidopsis	98	s-nitrosylation	Q9ZQG8	C	verified	PMC12454217 MOESM2 (S-nitrosylation column)	Novel proteomics workflow paper; TAIR locus -> UniProt mapped, coordinate-verified in registered proteome v2
AT2G27530	arabidopsis	65	s-nitrosylation	P59230	C	verified	PMC12454217 MOESM2 (S-nitrosylation column)	Novel proteomics workflow paper; TAIR locus -> UniProt mapped, coordinate-verified in registered proteome v2
AT2G27600	arabidopsis	237	s-nitrosylation	Q9ZNT0	C	verified	PMC12454217 MOESM2 (S-nitrosylation column)	Novel proteomics workflow paper; TAIR locus -> UniProt mapped, coordinate-verified in registered proteome v2
AT2G27680	arabidopsis	237	s-nitrosylation	Q9ZUX0	C	verified	PMC12454217 MOESM2 (S-nitrosylation column)	Novel proteomics workflow paper; TAIR locus -> UniProt mapped, coordinate-verified in registered proteome v2
AT2G27820	arabidopsis	229	s-nitrosylation	Q9ZUY3	C	verified	PMC12454217 MOESM2 (S-nitrosylation column)	Novel proteomics workflow paper; TAIR locus -> UniProt mapped, coordinate-verified in registered proteome v2
AT2G27860	arabidopsis	140	s-nitrosylation	Q9ZUY6	C	verified	PMC12454217 MOESM2 (S-nitrosylation column)	Novel proteomics workflow paper; TAIR locus -> UniProt mapped, coordinate-verified in registered proteome v2
AT2G28000	arabidopsis	71	s-nitrosylation	P21238	C	verified	PMC12454217 MOESM2 (S-nitrosylation column)	Novel proteomics workflow paper; TAIR locus -> UniProt mapped, coordinate-verified in registered proteome v2
AT2G28080	arabidopsis	232	s-nitrosylation	Q9ZUV0	C	verified	PMC12454217 MOESM2 (S-nitrosylation column)	Novel proteomics workflow paper; TAIR locus -> UniProt mapped, coordinate-verified in registered proteome v2
AT2G28190	arabidopsis	208	s-nitrosylation	O78310	C	verified	PMC12454217 MOESM2 (S-nitrosylation column)	Novel proteomics workflow paper; TAIR locus -> UniProt mapped, coordinate-verified in registered proteome v2
AT2G28470	arabidopsis	347	s-nitrosylation	A0A1P8AZB4	C	verified	PMC12454217 MOESM2 (S-nitrosylation column)	Novel proteomics workflow paper; TAIR locus -> UniProt mapped, coordinate-verified in registered proteome v2
AT2G28790	arabidopsis	192	s-nitrosylation	A0A1P8B068	C	verified	PMC12454217 MOESM2 (S-nitrosylation column)	Novel proteomics workflow paper; TAIR locus -> UniProt mapped, coordinate-verified in registered proteome v2
AT2G29080	arabidopsis	327	s-nitrosylation	Q84WU8	C	verified	PMC12454217 MOESM2 (S-nitrosylation column)	Novel proteomics workflow paper; TAIR locus -> UniProt mapped, coordinate-verified in registered proteome v2
AT2G29140	arabidopsis	795	s-nitrosylation	Q9ZW02	C	verified	PMC12454217 MOESM2 (S-nitrosylation column)	Novel proteomics workflow paper; TAIR locus -> UniProt mapped, coordinate-verified in registered proteome v2
AT2G29190	arabidopsis	872	s-nitrosylation	Q9ZW06	C	verified	PMC12454217 MOESM2 (S-nitrosylation column)	Novel proteomics workflow paper; TAIR locus -> UniProt mapped, coordinate-verified in registered proteome v2
AT2G29200	arabidopsis	868	s-nitrosylation	Q9ZW07	C	verified	PMC12454217 MOESM2 (S-nitrosylation column)	Novel proteomics workflow paper; TAIR locus -> UniProt mapped, coordinate-verified in registered proteome v2
AT2G29290	arabidopsis	65	s-nitrosylation	Q9ZW13	C	verified	PMC12454217 MOESM2 (S-nitrosylation column)	Novel proteomics workflow paper; TAIR locus -> UniProt mapped, coordinate-verified in registered proteome v2
AT2G29320	arabidopsis	45	s-nitrosylation	A0A1P8AYI3	C	verified	PMC12454217 MOESM2 (S-nitrosylation column)	Novel proteomics workflow paper; TAIR locus -> UniProt mapped, coordinate-verified in registered proteome v2
AT2G29340	arabidopsis	39	s-nitrosylation	F4IKM1	C	verified	PMC12454217 MOESM2 (S-nitrosylation column)	Novel proteomics workflow paper; TAIR locus -> UniProt mapped, coordinate-verified in registered proteome v2
AT2G29350	arabidopsis	73	s-nitrosylation	Q9ZW18	C	verified	PMC12454217 MOESM2 (S-nitrosylation column)	Novel proteomics workflow paper; TAIR locus -> UniProt mapped, coordinate-verified in registered proteome v2
AT2G29360	arabidopsis	74	s-nitrosylation	Q9ZW19	C	verified	PMC12454217 MOESM2 (S-nitrosylation column)	Novel proteomics workflow paper; TAIR locus -> UniProt mapped, coordinate-verified in registered proteome v2
AT2G29400	arabidopsis	75	s-nitrosylation	P30366	C	verified	PMC12454217 MOESM2 (S-nitrosylation column)	Novel proteomics workflow paper; TAIR locus -> UniProt mapped, coordinate-verified in registered proteome v2
AT2G29550	arabidopsis	12	s-nitrosylation	P29515	C	verified	PMC12454217 MOESM2 (S-nitrosylation column)	Novel proteomics workflow paper; TAIR locus -> UniProt mapped, coordinate-verified in registered proteome v2
AT2G29560	arabidopsis	173	s-nitrosylation	Q9ZW34	C	verified	PMC12454217 MOESM2 (S-nitrosylation column)	Novel proteomics workflow paper; TAIR locus -> UniProt mapped, coordinate-verified in registered proteome v2
AT2G29570	arabidopsis	81	s-nitrosylation	Q9ZW35	C	verified	PMC12454217 MOESM2 (S-nitrosylation column)	Novel proteomics workflow paper; TAIR locus -> UniProt mapped, coordinate-verified in registered proteome v2
AT2G29630	arabidopsis	91	s-nitrosylation	O82392	C	verified	PMC12454217 MOESM2 (S-nitrosylation column)	Novel proteomics workflow paper; TAIR locus -> UniProt mapped, coordinate-verified in registered proteome v2
AT2G29650	arabidopsis	303	s-nitrosylation	A0A1P8B2Z7	C	verified	PMC12454217 MOESM2 (S-nitrosylation column)	Novel proteomics workflow paper; TAIR locus -> UniProt mapped, coordinate-verified in registered proteome v2
AT2G29700	arabidopsis	80	s-nitrosylation	Q9ST43	C	verified	PMC12454217 MOESM2 (S-nitrosylation column)	Novel proteomics workflow paper; TAIR locus -> UniProt mapped, coordinate-verified in registered proteome v2
AT2G29960	arabidopsis	68	s-nitrosylation	Q8LDP4	C	verified	PMC12454217 MOESM2 (S-nitrosylation column)	Novel proteomics workflow paper; TAIR locus -> UniProt mapped, coordinate-verified in registered proteome v2
AT2G29990	arabidopsis	161	s-nitrosylation	O80874	C	verified	PMC12454217 MOESM2 (S-nitrosylation column)	Novel proteomics workflow paper; TAIR locus -> UniProt mapped, coordinate-verified in registered proteome v2
AT2G30050	arabidopsis	33	s-nitrosylation	O64740	C	verified	PMC12454217 MOESM2 (S-nitrosylation column)	Novel proteomics workflow paper; TAIR locus -> UniProt mapped, coordinate-verified in registered proteome v2
AT2G30060	arabidopsis	100	s-nitrosylation	Q8RWG8	C	verified	PMC12454217 MOESM2 (S-nitrosylation column)	Novel proteomics workflow paper; TAIR locus -> UniProt mapped, coordinate-verified in registered proteome v2
AT2G30110	arabidopsis	202	s-nitrosylation	P93028	C	verified	PMC12454217 MOESM2 (S-nitrosylation column)	Novel proteomics workflow paper; TAIR locus -> UniProt mapped, coordinate-verified in registered proteome v2
AT2G30140	arabidopsis	202	s-nitrosylation	O64733	C	verified	PMC12454217 MOESM2 (S-nitrosylation column)	Novel proteomics workflow paper; TAIR locus -> UniProt mapped, coordinate-verified in registered proteome v2
AT2G30170	arabidopsis	156	s-nitrosylation	A0A1P8AY09	C	verified	PMC12454217 MOESM2 (S-nitrosylation column)	Novel proteomics workflow paper; TAIR locus -> UniProt mapped, coordinate-verified in registered proteome v2
AT2G30200	arabidopsis	133	s-nitrosylation	F4IMQ9	C	verified	PMC12454217 MOESM2 (S-nitrosylation column)	Novel proteomics workflow paper; TAIR locus -> UniProt mapped, coordinate-verified in registered proteome v2
AT2G30490	arabidopsis	277	s-nitrosylation	P92994	C	verified	PMC12454217 MOESM2 (S-nitrosylation column)	Novel proteomics workflow paper; TAIR locus -> UniProt mapped, coordinate-verified in registered proteome v2
AT2G30710	arabidopsis	208	s-nitrosylation	O49336	C	verified	PMC12454217 MOESM2 (S-nitrosylation column)	Novel proteomics workflow paper; TAIR locus -> UniProt mapped, coordinate-verified in registered proteome v2
AT2G30720	arabidopsis	314	s-nitrosylation	F4INX4	C	verified	PMC12454217 MOESM2 (S-nitrosylation column)	Novel proteomics workflow paper; TAIR locus -> UniProt mapped, coordinate-verified in registered proteome v2
AT2G30880	arabidopsis	263	s-nitrosylation	F4IPT1	C	verified	PMC12454217 MOESM2 (S-nitrosylation column)	Novel proteomics workflow paper; TAIR locus -> UniProt mapped, coordinate-verified in registered proteome v2
AT2G30950	arabidopsis	325	s-nitrosylation	A0A1P8AXC1	C	verified	PMC12454217 MOESM2 (S-nitrosylation column)	Novel proteomics workflow paper; TAIR locus -> UniProt mapped, coordinate-verified in registered proteome v2
AT2G30970	arabidopsis	79	s-nitrosylation	P46643	C	verified	PMC12454217 MOESM2 (S-nitrosylation column)	Novel proteomics workflow paper; TAIR locus -> UniProt mapped, coordinate-verified in registered proteome v2
AT2G31060	arabidopsis	509	s-nitrosylation	F4IPW5	C	verified	PMC12454217 MOESM2 (S-nitrosylation column)	Novel proteomics workflow paper; TAIR locus -> UniProt mapped, coordinate-verified in registered proteome v2
AT2G31140	arabidopsis	41	s-nitrosylation	Q84VZ6	C	verified	PMC12454217 MOESM2 (S-nitrosylation column)	Novel proteomics workflow paper; TAIR locus -> UniProt mapped, coordinate-verified in registered proteome v2
AT2G31170	arabidopsis	156	s-nitrosylation	F4IPY2	C	verified	PMC12454217 MOESM2 (S-nitrosylation column)	Novel proteomics workflow paper; TAIR locus -> UniProt mapped, coordinate-verified in registered proteome v2
AT2G31350	arabidopsis	237	s-nitrosylation	A0A1P8AZ54	C	verified	PMC12454217 MOESM2 (S-nitrosylation column)	Novel proteomics workflow paper; TAIR locus -> UniProt mapped, coordinate-verified in registered proteome v2
AT2G31370	arabidopsis	23	s-nitrosylation	B9DGB1	C	verified	PMC12454217 MOESM2 (S-nitrosylation column)	Novel proteomics workflow paper; TAIR locus -> UniProt mapped, coordinate-verified in registered proteome v2
AT2G31390	arabidopsis	149	s-nitrosylation	Q9SID0	C	verified	PMC12454217 MOESM2 (S-nitrosylation column)	Novel proteomics workflow paper; TAIR locus -> UniProt mapped, coordinate-verified in registered proteome v2
AT2G31570	arabidopsis	41	s-nitrosylation	O04922	C	verified	PMC12454217 MOESM2 (S-nitrosylation column)	Novel proteomics workflow paper; TAIR locus -> UniProt mapped, coordinate-verified in registered proteome v2
AT2G31610	arabidopsis	97	s-nitrosylation	Q9SIP7	C	verified	PMC12454217 MOESM2 (S-nitrosylation column)	Novel proteomics workflow paper; TAIR locus -> UniProt mapped, coordinate-verified in registered proteome v2
AT2G31660	arabidopsis	535	s-nitrosylation	F4IRR2	C	verified	PMC12454217 MOESM2 (S-nitrosylation column)	Novel proteomics workflow paper; TAIR locus -> UniProt mapped, coordinate-verified in registered proteome v2
AT2G31670	arabidopsis	134	s-nitrosylation	Q9SIP1	C	verified	PMC12454217 MOESM2 (S-nitrosylation column)	Novel proteomics workflow paper; TAIR locus -> UniProt mapped, coordinate-verified in registered proteome v2
AT2G31750	arabidopsis	323	s-nitrosylation	A0A1P8B2S3	C	verified	PMC12454217 MOESM2 (S-nitrosylation column)	Novel proteomics workflow paper; TAIR locus -> UniProt mapped, coordinate-verified in registered proteome v2
AT2G31790	arabidopsis	204	s-nitrosylation	Q9SKC1	C	verified	PMC12454217 MOESM2 (S-nitrosylation column)	Novel proteomics workflow paper; TAIR locus -> UniProt mapped, coordinate-verified in registered proteome v2
AT2G31810	arabidopsis	461	s-nitrosylation	Q93YZ7	C	verified	PMC12454217 MOESM2 (S-nitrosylation column)	Novel proteomics workflow paper; TAIR locus -> UniProt mapped, coordinate-verified in registered proteome v2
AT2G31880	arabidopsis	358	s-nitrosylation	Q9SKB2	C	verified	PMC12454217 MOESM2 (S-nitrosylation column)	Novel proteomics workflow paper; TAIR locus -> UniProt mapped, coordinate-verified in registered proteome v2
AT2G32060	arabidopsis	63	s-nitrosylation	Q9SKZ3	C	verified	PMC12454217 MOESM2 (S-nitrosylation column)	Novel proteomics workflow paper; TAIR locus -> UniProt mapped, coordinate-verified in registered proteome v2
AT2G32090	arabidopsis	86	s-nitrosylation	Q7ET23	C	verified	PMC12454217 MOESM2 (S-nitrosylation column)	Novel proteomics workflow paper; TAIR locus -> UniProt mapped, coordinate-verified in registered proteome v2
AT2G32240	arabidopsis	419	s-nitrosylation	F4ISU2	C	verified	PMC12454217 MOESM2 (S-nitrosylation column)	Novel proteomics workflow paper; TAIR locus -> UniProt mapped, coordinate-verified in registered proteome v2
AT2G32450	arabidopsis	272	s-nitrosylation	Q8S8L9	C	verified	PMC12454217 MOESM2 (S-nitrosylation column)	Novel proteomics workflow paper; TAIR locus -> UniProt mapped, coordinate-verified in registered proteome v2
AT2G32540	arabidopsis	12	s-nitrosylation	O80891	C	verified	PMC12454217 MOESM2 (S-nitrosylation column)	Novel proteomics workflow paper; TAIR locus -> UniProt mapped, coordinate-verified in registered proteome v2
AT2G32730	arabidopsis	161	s-nitrosylation	O48844	C	verified	PMC12454217 MOESM2 (S-nitrosylation column)	Novel proteomics workflow paper; TAIR locus -> UniProt mapped, coordinate-verified in registered proteome v2
AT2G32810	arabidopsis	353	s-nitrosylation	F4IUQ7	C	verified	PMC12454217 MOESM2 (S-nitrosylation column)	Novel proteomics workflow paper; TAIR locus -> UniProt mapped, coordinate-verified in registered proteome v2
AT2G32920	arabidopsis	220	s-nitrosylation	O48773	C	verified	PMC12454217 MOESM2 (S-nitrosylation column)	Novel proteomics workflow paper; TAIR locus -> UniProt mapped, coordinate-verified in registered proteome v2
AT2G33040	arabidopsis	117	s-nitrosylation	Q0WWB3	C	verified	PMC12454217 MOESM2 (S-nitrosylation column)	Novel proteomics workflow paper; TAIR locus -> UniProt mapped, coordinate-verified in registered proteome v2
AT2G33120	arabidopsis	35	s-nitrosylation	B9DH97	C	verified	PMC12454217 MOESM2 (S-nitrosylation column)	Novel proteomics workflow paper; TAIR locus -> UniProt mapped, coordinate-verified in registered proteome v2
AT2G33150	arabidopsis	138	s-nitrosylation	Q56WD9	C	verified	PMC12454217 MOESM2 (S-nitrosylation column)	Novel proteomics workflow paper; TAIR locus -> UniProt mapped, coordinate-verified in registered proteome v2
AT2G33210	arabidopsis	122	s-nitrosylation	F4IVR2	C	verified	PMC12454217 MOESM2 (S-nitrosylation column)	Novel proteomics workflow paper; TAIR locus -> UniProt mapped, coordinate-verified in registered proteome v2
AT2G33255	arabidopsis	117	s-nitrosylation	Q8RYE9	C	verified	PMC12454217 MOESM2 (S-nitrosylation column)	Novel proteomics workflow paper; TAIR locus -> UniProt mapped, coordinate-verified in registered proteome v2
AT2G33340	arabidopsis	3	s-nitrosylation	F4IVT2	C	verified	PMC12454217 MOESM2 (S-nitrosylation column)	Novel proteomics workflow paper; TAIR locus -> UniProt mapped, coordinate-verified in registered proteome v2
AT2G33380	arabidopsis	216	s-nitrosylation	O22788	C	verified	PMC12454217 MOESM2 (S-nitrosylation column)	Novel proteomics workflow paper; TAIR locus -> UniProt mapped, coordinate-verified in registered proteome v2
AT2G33450	arabidopsis	70	s-nitrosylation	O22795	C	verified	PMC12454217 MOESM2 (S-nitrosylation column)	Novel proteomics workflow paper; TAIR locus -> UniProt mapped, coordinate-verified in registered proteome v2
AT2G33470	arabidopsis	32	s-nitrosylation	O22797	C	verified	PMC12454217 MOESM2 (S-nitrosylation column)	Novel proteomics workflow paper; TAIR locus -> UniProt mapped, coordinate-verified in registered proteome v2
AT2G33540	arabidopsis	1154	s-nitrosylation	Q8LL04	C	verified	PMC12454217 MOESM2 (S-nitrosylation column)	Novel proteomics workflow paper; TAIR locus -> UniProt mapped, coordinate-verified in registered proteome v2
AT2G33800	arabidopsis	186	s-nitrosylation	C0Z229	C	verified	PMC12454217 MOESM2 (S-nitrosylation column)	Novel proteomics workflow paper; TAIR locus -> UniProt mapped, coordinate-verified in registered proteome v2
AT2G33840	arabidopsis	71	s-nitrosylation	Q8S9J2	C	verified	PMC12454217 MOESM2 (S-nitrosylation column)	Novel proteomics workflow paper; TAIR locus -> UniProt mapped, coordinate-verified in registered proteome v2
AT2G34040	arabidopsis	77	s-nitrosylation	F4IGU7	C	verified	PMC12454217 MOESM2 (S-nitrosylation column)	Novel proteomics workflow paper; TAIR locus -> UniProt mapped, coordinate-verified in registered proteome v2
AT2G34310	arabidopsis	121	s-nitrosylation	O80780	C	verified	PMC12454217 MOESM2 (S-nitrosylation column)	Novel proteomics workflow paper; TAIR locus -> UniProt mapped, coordinate-verified in registered proteome v2
AT2G34420	arabidopsis	111	s-nitrosylation	Q0WN28	C	verified	PMC12454217 MOESM2 (S-nitrosylation column)	Novel proteomics workflow paper; TAIR locus -> UniProt mapped, coordinate-verified in registered proteome v2
AT2G34430	arabidopsis	112	s-nitrosylation	F4IHV8	C	verified	PMC12454217 MOESM2 (S-nitrosylation column)	Novel proteomics workflow paper; TAIR locus -> UniProt mapped, coordinate-verified in registered proteome v2
AT2G34460	arabidopsis	120	s-nitrosylation	Q8H124	C	verified	PMC12454217 MOESM2 (S-nitrosylation column)	Novel proteomics workflow paper; TAIR locus -> UniProt mapped, coordinate-verified in registered proteome v2
AT2G34470	arabidopsis	139	s-nitrosylation	F4IHW4	C	verified	PMC12454217 MOESM2 (S-nitrosylation column)	Novel proteomics workflow paper; TAIR locus -> UniProt mapped, coordinate-verified in registered proteome v2
AT2G34480	arabidopsis	161	s-nitrosylation	A0A1P8AY36	C	verified	PMC12454217 MOESM2 (S-nitrosylation column)	Novel proteomics workflow paper; TAIR locus -> UniProt mapped, coordinate-verified in registered proteome v2
AT2G34510	arabidopsis	369	s-nitrosylation	O64696	C	verified	PMC12454217 MOESM2 (S-nitrosylation column)	Novel proteomics workflow paper; TAIR locus -> UniProt mapped, coordinate-verified in registered proteome v2
AT2G34590	arabidopsis	230	s-nitrosylation	O64688	C	verified	PMC12454217 MOESM2 (S-nitrosylation column)	Novel proteomics workflow paper; TAIR locus -> UniProt mapped, coordinate-verified in registered proteome v2
AT2G34660	arabidopsis	1305	s-nitrosylation	Q42093	C	verified	PMC12454217 MOESM2 (S-nitrosylation column)	Novel proteomics workflow paper; TAIR locus -> UniProt mapped, coordinate-verified in registered proteome v2
AT2G35020	arabidopsis	167	s-nitrosylation	O64765	C	verified	PMC12454217 MOESM2 (S-nitrosylation column)	Novel proteomics workflow paper; TAIR locus -> UniProt mapped, coordinate-verified in registered proteome v2
AT2G35040	arabidopsis	491	s-nitrosylation	F4IIY9	C	verified	PMC12454217 MOESM2 (S-nitrosylation column)	Novel proteomics workflow paper; TAIR locus -> UniProt mapped, coordinate-verified in registered proteome v2
AT2G35240	arabidopsis	143	s-nitrosylation	O82169	C	verified	PMC12454217 MOESM2 (S-nitrosylation column)	Novel proteomics workflow paper; TAIR locus -> UniProt mapped, coordinate-verified in registered proteome v2
AT2G35370	arabidopsis	158	s-nitrosylation	P25855	C	verified	PMC12454217 MOESM2 (S-nitrosylation column)	Novel proteomics workflow paper; TAIR locus -> UniProt mapped, coordinate-verified in registered proteome v2
AT2G35450	arabidopsis	137	s-nitrosylation	Q682E0	C	verified	PMC12454217 MOESM2 (S-nitrosylation column)	Novel proteomics workflow paper; TAIR locus -> UniProt mapped, coordinate-verified in registered proteome v2
AT2G35490	arabidopsis	156	s-nitrosylation	O82291	C	verified	PMC12454217 MOESM2 (S-nitrosylation column)	Novel proteomics workflow paper; TAIR locus -> UniProt mapped, coordinate-verified in registered proteome v2
AT2G35630	arabidopsis	96	s-nitrosylation	Q94FN2	C	verified	PMC12454217 MOESM2 (S-nitrosylation column)	Novel proteomics workflow paper; TAIR locus -> UniProt mapped, coordinate-verified in registered proteome v2
AT2G35690	arabidopsis	301	s-nitrosylation	Q9ZQP2	C	verified	PMC12454217 MOESM2 (S-nitrosylation column)	Novel proteomics workflow paper; TAIR locus -> UniProt mapped, coordinate-verified in registered proteome v2
AT2G35720	arabidopsis	64	s-nitrosylation	Q39079	C	verified	PMC12454217 MOESM2 (S-nitrosylation column)	Novel proteomics workflow paper; TAIR locus -> UniProt mapped, coordinate-verified in registered proteome v2
AT2G35790	arabidopsis	215	s-nitrosylation	Q7EWE8	C	verified	PMC12454217 MOESM2 (S-nitrosylation column)	Novel proteomics workflow paper; TAIR locus -> UniProt mapped, coordinate-verified in registered proteome v2
AT2G35800	arabidopsis	651	s-nitrosylation	F4IKV9	C	verified	PMC12454217 MOESM2 (S-nitrosylation column)	Novel proteomics workflow paper; TAIR locus -> UniProt mapped, coordinate-verified in registered proteome v2
AT2G35840	arabidopsis	248	s-nitrosylation	Q9SJ66	C	verified	PMC12454217 MOESM2 (S-nitrosylation column)	Novel proteomics workflow paper; TAIR locus -> UniProt mapped, coordinate-verified in registered proteome v2
AT2G35900	arabidopsis	33	s-nitrosylation	Q9SJ60	C	verified	PMC12454217 MOESM2 (S-nitrosylation column)	Novel proteomics workflow paper; TAIR locus -> UniProt mapped, coordinate-verified in registered proteome v2
AT2G35940	arabidopsis	130	s-nitrosylation	Q9SJ56	C	verified	PMC12454217 MOESM2 (S-nitrosylation column)	Novel proteomics workflow paper; TAIR locus -> UniProt mapped, coordinate-verified in registered proteome v2
AT2G36160	arabidopsis	84	s-nitrosylation	Q9SIH0	C	verified	PMC12454217 MOESM2 (S-nitrosylation column)	Novel proteomics workflow paper; TAIR locus -> UniProt mapped, coordinate-verified in registered proteome v2
AT2G36230	arabidopsis	183	s-nitrosylation	C0Z2T9	C	verified	PMC12454217 MOESM2 (S-nitrosylation column)	Novel proteomics workflow paper; TAIR locus -> UniProt mapped, coordinate-verified in registered proteome v2
AT2G36310	arabidopsis	72	s-nitrosylation	Q9SJM7	C	verified	PMC12454217 MOESM2 (S-nitrosylation column)	Novel proteomics workflow paper; TAIR locus -> UniProt mapped, coordinate-verified in registered proteome v2
AT2G36390	arabidopsis	779	s-nitrosylation	O23647	C	verified	PMC12454217 MOESM2 (S-nitrosylation column)	Novel proteomics workflow paper; TAIR locus -> UniProt mapped, coordinate-verified in registered proteome v2
AT2G36460	arabidopsis	68	s-nitrosylation	Q9SJQ9	C	verified	PMC12454217 MOESM2 (S-nitrosylation column)	Novel proteomics workflow paper; TAIR locus -> UniProt mapped, coordinate-verified in registered proteome v2
AT2G36480	arabidopsis	130	s-nitrosylation	F4IMY0	C	verified	PMC12454217 MOESM2 (S-nitrosylation column)	Novel proteomics workflow paper; TAIR locus -> UniProt mapped, coordinate-verified in registered proteome v2
AT2G36530	arabidopsis	107	s-nitrosylation	P25696	C	verified	PMC12454217 MOESM2 (S-nitrosylation column)	Novel proteomics workflow paper; TAIR locus -> UniProt mapped, coordinate-verified in registered proteome v2
AT2G36580	arabidopsis	49	s-nitrosylation	Q7EQ58	C	verified	PMC12454217 MOESM2 (S-nitrosylation column)	Novel proteomics workflow paper; TAIR locus -> UniProt mapped, coordinate-verified in registered proteome v2
AT2G36620	arabidopsis	52	s-nitrosylation	C0Z2G1	C	verified	PMC12454217 MOESM2 (S-nitrosylation column)	Novel proteomics workflow paper; TAIR locus -> UniProt mapped, coordinate-verified in registered proteome v2
AT2G36790	arabidopsis	256	s-nitrosylation	Q9ZQ95	C	verified	PMC12454217 MOESM2 (S-nitrosylation column)	Novel proteomics workflow paper; TAIR locus -> UniProt mapped, coordinate-verified in registered proteome v2
AT2G36800	arabidopsis	256	s-nitrosylation	Q9ZQ94	C	verified	PMC12454217 MOESM2 (S-nitrosylation column)	Novel proteomics workflow paper; TAIR locus -> UniProt mapped, coordinate-verified in registered proteome v2
AT2G36810	arabidopsis	672	s-nitrosylation	F4IP13	C	verified	PMC12454217 MOESM2 (S-nitrosylation column)	Novel proteomics workflow paper; TAIR locus -> UniProt mapped, coordinate-verified in registered proteome v2
AT2G36850	arabidopsis	396	s-nitrosylation	Q9SJM0	C	verified	PMC12454217 MOESM2 (S-nitrosylation column)	Novel proteomics workflow paper; TAIR locus -> UniProt mapped, coordinate-verified in registered proteome v2
AT2G36880	arabidopsis	20	s-nitrosylation	Q9SJL8	C	verified	PMC12454217 MOESM2 (S-nitrosylation column)	Novel proteomics workflow paper; TAIR locus -> UniProt mapped, coordinate-verified in registered proteome v2
AT2G37020	arabidopsis	159	s-nitrosylation	A0A178W0K0	C	verified	PMC12454217 MOESM2 (S-nitrosylation column)	Novel proteomics workflow paper; TAIR locus -> UniProt mapped, coordinate-verified in registered proteome v2
AT2G37190	arabidopsis	137	s-nitrosylation	P50883	C	verified	PMC12454217 MOESM2 (S-nitrosylation column)	Novel proteomics workflow paper; TAIR locus -> UniProt mapped, coordinate-verified in registered proteome v2
AT2G37230	arabidopsis	171	s-nitrosylation	Q9ZUU3	C	verified	PMC12454217 MOESM2 (S-nitrosylation column)	Novel proteomics workflow paper; TAIR locus -> UniProt mapped, coordinate-verified in registered proteome v2
AT2G37270	arabidopsis	69	s-nitrosylation	Q9ZUT9	C	verified	PMC12454217 MOESM2 (S-nitrosylation column)	Novel proteomics workflow paper; TAIR locus -> UniProt mapped, coordinate-verified in registered proteome v2
AT2G37500	arabidopsis	153	s-nitrosylation	Q9ZUR7	C	verified	PMC12454217 MOESM2 (S-nitrosylation column)	Novel proteomics workflow paper; TAIR locus -> UniProt mapped, coordinate-verified in registered proteome v2
AT2G37540	arabidopsis	290	s-nitrosylation	O80924	C	verified	PMC12454217 MOESM2 (S-nitrosylation column)	Novel proteomics workflow paper; TAIR locus -> UniProt mapped, coordinate-verified in registered proteome v2
AT2G37620	arabidopsis	12	s-nitrosylation	P0CJ46	C	verified	PMC12454217 MOESM2 (S-nitrosylation column)	Novel proteomics workflow paper; TAIR locus -> UniProt mapped, coordinate-verified in registered proteome v2
AT2G37660	arabidopsis	284	s-nitrosylation	O80934	C	verified	PMC12454217 MOESM2 (S-nitrosylation column)	Novel proteomics workflow paper; TAIR locus -> UniProt mapped, coordinate-verified in registered proteome v2
AT2G37690	arabidopsis	68	s-nitrosylation	F4IR04	C	verified	PMC12454217 MOESM2 (S-nitrosylation column)	Novel proteomics workflow paper; TAIR locus -> UniProt mapped, coordinate-verified in registered proteome v2
AT2G37760	arabidopsis	44	s-nitrosylation	O80944	C	verified	PMC12454217 MOESM2 (S-nitrosylation column)	Novel proteomics workflow paper; TAIR locus -> UniProt mapped, coordinate-verified in registered proteome v2
AT2G37770	arabidopsis	48	s-nitrosylation	Q0PGJ6	C	verified	PMC12454217 MOESM2 (S-nitrosylation column)	Novel proteomics workflow paper; TAIR locus -> UniProt mapped, coordinate-verified in registered proteome v2
AT2G37790	arabidopsis	48	s-nitrosylation	Q84TF0	C	verified	PMC12454217 MOESM2 (S-nitrosylation column)	Novel proteomics workflow paper; TAIR locus -> UniProt mapped, coordinate-verified in registered proteome v2
AT2G38020	arabidopsis	184	s-nitrosylation	Q93VQ0	C	verified	PMC12454217 MOESM2 (S-nitrosylation column)	Novel proteomics workflow paper; TAIR locus -> UniProt mapped, coordinate-verified in registered proteome v2
AT2G38040	arabidopsis	302	s-nitrosylation	Q9LD43	C	verified	PMC12454217 MOESM2 (S-nitrosylation column)	Novel proteomics workflow paper; TAIR locus -> UniProt mapped, coordinate-verified in registered proteome v2
AT2G38230	arabidopsis	57	s-nitrosylation	O80448	C	verified	PMC12454217 MOESM2 (S-nitrosylation column)	Novel proteomics workflow paper; TAIR locus -> UniProt mapped, coordinate-verified in registered proteome v2
AT2G38270	arabidopsis	123	s-nitrosylation	Q8H7F6	C	verified	PMC12454217 MOESM2 (S-nitrosylation column)	Novel proteomics workflow paper; TAIR locus -> UniProt mapped, coordinate-verified in registered proteome v2
AT2G38380	arabidopsis	206	s-nitrosylation	P24102	C	verified	PMC12454217 MOESM2 (S-nitrosylation column)	Novel proteomics workflow paper; TAIR locus -> UniProt mapped, coordinate-verified in registered proteome v2
AT2G38390	arabidopsis	40	s-nitrosylation	O80912	C	verified	PMC12454217 MOESM2 (S-nitrosylation column)	Novel proteomics workflow paper; TAIR locus -> UniProt mapped, coordinate-verified in registered proteome v2
AT2G38410	arabidopsis	75	s-nitrosylation	O80910	C	verified	PMC12454217 MOESM2 (S-nitrosylation column)	Novel proteomics workflow paper; TAIR locus -> UniProt mapped, coordinate-verified in registered proteome v2
AT2G38540	arabidopsis	100	s-nitrosylation	Q42589	C	verified	PMC12454217 MOESM2 (S-nitrosylation column)	Novel proteomics workflow paper; TAIR locus -> UniProt mapped, coordinate-verified in registered proteome v2
AT2G38670	arabidopsis	153	s-nitrosylation	Q9ZVI9	C	verified	PMC12454217 MOESM2 (S-nitrosylation column)	Novel proteomics workflow paper; TAIR locus -> UniProt mapped, coordinate-verified in registered proteome v2
AT2G38710	arabidopsis	55	s-nitrosylation	B9DGY7	C	verified	PMC12454217 MOESM2 (S-nitrosylation column)	Novel proteomics workflow paper; TAIR locus -> UniProt mapped, coordinate-verified in registered proteome v2
AT2G38750	arabidopsis	114	s-nitrosylation	C0Z2T1	C	verified	PMC12454217 MOESM2 (S-nitrosylation column)	Novel proteomics workflow paper; TAIR locus -> UniProt mapped, coordinate-verified in registered proteome v2
AT2G38770	arabidopsis	908	s-nitrosylation	F4ITX4	C	verified	PMC12454217 MOESM2 (S-nitrosylation column)	Novel proteomics workflow paper; TAIR locus -> UniProt mapped, coordinate-verified in registered proteome v2
AT2G38860	arabidopsis	104	s-nitrosylation	B3H6C6	C	verified	PMC12454217 MOESM2 (S-nitrosylation column)	Novel proteomics workflow paper; TAIR locus -> UniProt mapped, coordinate-verified in registered proteome v2
AT2G38880	arabidopsis	56	s-nitrosylation	B6EUB6	C	verified	PMC12454217 MOESM2 (S-nitrosylation column)	Novel proteomics workflow paper; TAIR locus -> UniProt mapped, coordinate-verified in registered proteome v2
AT2G39050	arabidopsis	220	s-nitrosylation	Q945P1	C	verified	PMC12454217 MOESM2 (S-nitrosylation column)	Novel proteomics workflow paper; TAIR locus -> UniProt mapped, coordinate-verified in registered proteome v2
AT2G39080	arabidopsis	153	s-nitrosylation	F4IUV7	C	verified	PMC12454217 MOESM2 (S-nitrosylation column)	Novel proteomics workflow paper; TAIR locus -> UniProt mapped, coordinate-verified in registered proteome v2
AT2G39420	arabidopsis	103	s-nitrosylation	F4IUZ8	C	verified	PMC12454217 MOESM2 (S-nitrosylation column)	Novel proteomics workflow paper; TAIR locus -> UniProt mapped, coordinate-verified in registered proteome v2
AT2G39480	arabidopsis	760	s-nitrosylation	Q8LPT1	C	verified	PMC12454217 MOESM2 (S-nitrosylation column)	Novel proteomics workflow paper; TAIR locus -> UniProt mapped, coordinate-verified in registered proteome v2
AT2G39630	arabidopsis	57	s-nitrosylation	A0A1P8B2F2	C	verified	PMC12454217 MOESM2 (S-nitrosylation column)	Novel proteomics workflow paper; TAIR locus -> UniProt mapped, coordinate-verified in registered proteome v2
AT2G39730	arabidopsis	175	s-nitrosylation	A0A178VUM0	C	verified	PMC12454217 MOESM2 (S-nitrosylation column)	Novel proteomics workflow paper; TAIR locus -> UniProt mapped, coordinate-verified in registered proteome v2
AT2G39730	arabidopsis	175	s-nitrosylation	A0A178VUM0	C	verified	PMC12454217 MOESM2 (S-nitrosylation column)	Novel proteomics workflow paper; TAIR locus -> UniProt mapped, coordinate-verified in registered proteome v2
AT2G39770	arabidopsis	77	s-nitrosylation	O22287	C	verified	PMC12454217 MOESM2 (S-nitrosylation column)	Novel proteomics workflow paper; TAIR locus -> UniProt mapped, coordinate-verified in registered proteome v2
AT2G39800	arabidopsis	515	s-nitrosylation	P54887	C	verified	PMC12454217 MOESM2 (S-nitrosylation column)	Novel proteomics workflow paper; TAIR locus -> UniProt mapped, coordinate-verified in registered proteome v2
AT2G39930	arabidopsis	394	s-nitrosylation	A0A1P8B0K2	C	verified	PMC12454217 MOESM2 (S-nitrosylation column)	Novel proteomics workflow paper; TAIR locus -> UniProt mapped, coordinate-verified in registered proteome v2
AT2G39940	arabidopsis	13	s-nitrosylation	O04197	C	verified	PMC12454217 MOESM2 (S-nitrosylation column)	Novel proteomics workflow paper; TAIR locus -> UniProt mapped, coordinate-verified in registered proteome v2
AT2G40100	arabidopsis	140	s-nitrosylation	F4IGY6	C	verified	PMC12454217 MOESM2 (S-nitrosylation column)	Novel proteomics workflow paper; TAIR locus -> UniProt mapped, coordinate-verified in registered proteome v2
AT2G40140	arabidopsis	236	s-nitrosylation	Q9XEE6	C	verified	PMC12454217 MOESM2 (S-nitrosylation column)	Novel proteomics workflow paper; TAIR locus -> UniProt mapped, coordinate-verified in registered proteome v2
AT2G40290	arabidopsis	274	s-nitrosylation	Q9SIZ2	C	verified	PMC12454217 MOESM2 (S-nitrosylation column)	Novel proteomics workflow paper; TAIR locus -> UniProt mapped, coordinate-verified in registered proteome v2
AT2G40490	arabidopsis	87	s-nitrosylation	O22886	C	verified	PMC12454217 MOESM2 (S-nitrosylation column)	Novel proteomics workflow paper; TAIR locus -> UniProt mapped, coordinate-verified in registered proteome v2
AT2G40600	arabidopsis	131	s-nitrosylation	F4II13	C	verified	PMC12454217 MOESM2 (S-nitrosylation column)	Novel proteomics workflow paper; TAIR locus -> UniProt mapped, coordinate-verified in registered proteome v2
AT2G40660	arabidopsis	274	s-nitrosylation	F4II21	C	verified	PMC12454217 MOESM2 (S-nitrosylation column)	Novel proteomics workflow paper; TAIR locus -> UniProt mapped, coordinate-verified in registered proteome v2
AT2G40730	arabidopsis	148	s-nitrosylation	F4II29	C	verified	PMC12454217 MOESM2 (S-nitrosylation column)	Novel proteomics workflow paper; TAIR locus -> UniProt mapped, coordinate-verified in registered proteome v2
AT2G40840	arabidopsis	171	s-nitrosylation	Q8RXD9	C	verified	PMC12454217 MOESM2 (S-nitrosylation column)	Novel proteomics workflow paper; TAIR locus -> UniProt mapped, coordinate-verified in registered proteome v2
AT2G41220	arabidopsis	258	s-nitrosylation	Q9T0P4	C	verified	PMC12454217 MOESM2 (S-nitrosylation column)	Novel proteomics workflow paper; TAIR locus -> UniProt mapped, coordinate-verified in registered proteome v2
AT2G41250	arabidopsis	238	s-nitrosylation	Q7EQ19	C	verified	PMC12454217 MOESM2 (S-nitrosylation column)	Novel proteomics workflow paper; TAIR locus -> UniProt mapped, coordinate-verified in registered proteome v2
AT2G41380	arabidopsis	33	s-nitrosylation	Q7DQL9	C	verified	PMC12454217 MOESM2 (S-nitrosylation column)	Novel proteomics workflow paper; TAIR locus -> UniProt mapped, coordinate-verified in registered proteome v2
AT2G41410	arabidopsis	122	s-nitrosylation	P30188	C	verified	PMC12454217 MOESM2 (S-nitrosylation column)	Novel proteomics workflow paper; TAIR locus -> UniProt mapped, coordinate-verified in registered proteome v2
AT2G41475	arabidopsis	112	s-nitrosylation	Q681K2	C	verified	PMC12454217 MOESM2 (S-nitrosylation column)	Novel proteomics workflow paper; TAIR locus -> UniProt mapped, coordinate-verified in registered proteome v2
AT2G41530	arabidopsis	184	s-nitrosylation	Q8LAS8	C	verified	PMC12454217 MOESM2 (S-nitrosylation column)	Novel proteomics workflow paper; TAIR locus -> UniProt mapped, coordinate-verified in registered proteome v2
AT2G41560	arabidopsis	469	s-nitrosylation	O22218	C	verified	PMC12454217 MOESM2 (S-nitrosylation column)	Novel proteomics workflow paper; TAIR locus -> UniProt mapped, coordinate-verified in registered proteome v2
AT2G41680	arabidopsis	187	s-nitrosylation	O22229	C	verified	PMC12454217 MOESM2 (S-nitrosylation column)	Novel proteomics workflow paper; TAIR locus -> UniProt mapped, coordinate-verified in registered proteome v2
AT2G41740	arabidopsis	256	s-nitrosylation	O81644	C	verified	PMC12454217 MOESM2 (S-nitrosylation column)	Novel proteomics workflow paper; TAIR locus -> UniProt mapped, coordinate-verified in registered proteome v2
AT2G41790	arabidopsis	254	s-nitrosylation	O22941	C	verified	PMC12454217 MOESM2 (S-nitrosylation column)	Novel proteomics workflow paper; TAIR locus -> UniProt mapped, coordinate-verified in registered proteome v2
AT2G41840	arabidopsis	176	s-nitrosylation	P49688	C	verified	PMC12454217 MOESM2 (S-nitrosylation column)	Novel proteomics workflow paper; TAIR locus -> UniProt mapped, coordinate-verified in registered proteome v2
AT2G41900	arabidopsis	283	s-nitrosylation	P93755	C	verified	PMC12454217 MOESM2 (S-nitrosylation column)	Novel proteomics workflow paper; TAIR locus -> UniProt mapped, coordinate-verified in registered proteome v2
AT2G42010	arabidopsis	627	s-nitrosylation	A0A1P8B0W4	C	verified	PMC12454217 MOESM2 (S-nitrosylation column)	Novel proteomics workflow paper; TAIR locus -> UniProt mapped, coordinate-verified in registered proteome v2
AT2G42070	arabidopsis	217	s-nitrosylation	A0A1P8AZL7	C	verified	PMC12454217 MOESM2 (S-nitrosylation column)	Novel proteomics workflow paper; TAIR locus -> UniProt mapped, coordinate-verified in registered proteome v2
AT2G42120	arabidopsis	310	s-nitrosylation	F4IM00	C	verified	PMC12454217 MOESM2 (S-nitrosylation column)	Novel proteomics workflow paper; TAIR locus -> UniProt mapped, coordinate-verified in registered proteome v2
AT2G42220	arabidopsis	85	s-nitrosylation	O48529	C	verified	PMC12454217 MOESM2 (S-nitrosylation column)	Novel proteomics workflow paper; TAIR locus -> UniProt mapped, coordinate-verified in registered proteome v2
AT2G42230	arabidopsis	313	s-nitrosylation	F4IN00	C	verified	PMC12454217 MOESM2 (S-nitrosylation column)	Novel proteomics workflow paper; TAIR locus -> UniProt mapped, coordinate-verified in registered proteome v2
AT2G42490	arabidopsis	215	s-nitrosylation	Q8L866	C	verified	PMC12454217 MOESM2 (S-nitrosylation column)	Novel proteomics workflow paper; TAIR locus -> UniProt mapped, coordinate-verified in registered proteome v2
AT2G42500	arabidopsis	137	s-nitrosylation	Q07100	C	verified	PMC12454217 MOESM2 (S-nitrosylation column)	Novel proteomics workflow paper; TAIR locus -> UniProt mapped, coordinate-verified in registered proteome v2
AT2G42520	arabidopsis	202	s-nitrosylation	Q84W89	C	verified	PMC12454217 MOESM2 (S-nitrosylation column)	Novel proteomics workflow paper; TAIR locus -> UniProt mapped, coordinate-verified in registered proteome v2
AT2G42600	arabidopsis	60	s-nitrosylation	Q5GM68	C	verified	PMC12454217 MOESM2 (S-nitrosylation column)	Novel proteomics workflow paper; TAIR locus -> UniProt mapped, coordinate-verified in registered proteome v2
AT2G42690	arabidopsis	35	s-nitrosylation	Q9SJI7	C	verified	PMC12454217 MOESM2 (S-nitrosylation column)	Novel proteomics workflow paper; TAIR locus -> UniProt mapped, coordinate-verified in registered proteome v2
AT2G42700	arabidopsis	10	s-nitrosylation	F4IP68	C	verified	PMC12454217 MOESM2 (S-nitrosylation column)	Novel proteomics workflow paper; TAIR locus -> UniProt mapped, coordinate-verified in registered proteome v2
AT2G42740	arabidopsis	69	s-nitrosylation	P42795	C	verified	PMC12454217 MOESM2 (S-nitrosylation column)	Novel proteomics workflow paper; TAIR locus -> UniProt mapped, coordinate-verified in registered proteome v2
AT2G42880	arabidopsis	168	s-nitrosylation	A0A1P8B0K7	C	verified	PMC12454217 MOESM2 (S-nitrosylation column)	Novel proteomics workflow paper; TAIR locus -> UniProt mapped, coordinate-verified in registered proteome v2
AT2G42910	arabidopsis	15	s-nitrosylation	Q680A5	C	verified	PMC12454217 MOESM2 (S-nitrosylation column)	Novel proteomics workflow paper; TAIR locus -> UniProt mapped, coordinate-verified in registered proteome v2
AT2G43080	arabidopsis	98	s-nitrosylation	A0A1P8AZF5	C	verified	PMC12454217 MOESM2 (S-nitrosylation column)	Novel proteomics workflow paper; TAIR locus -> UniProt mapped, coordinate-verified in registered proteome v2
AT2G43090	arabidopsis	142	s-nitrosylation	Q9ZW85	C	verified	PMC12454217 MOESM2 (S-nitrosylation column)	Novel proteomics workflow paper; TAIR locus -> UniProt mapped, coordinate-verified in registered proteome v2
AT2G43100	arabidopsis	80	s-nitrosylation	Q9ZW84	C	verified	PMC12454217 MOESM2 (S-nitrosylation column)	Novel proteomics workflow paper; TAIR locus -> UniProt mapped, coordinate-verified in registered proteome v2
AT2G43180	arabidopsis	265	s-nitrosylation	F4IQ73	C	verified	PMC12454217 MOESM2 (S-nitrosylation column)	Novel proteomics workflow paper; TAIR locus -> UniProt mapped, coordinate-verified in registered proteome v2
AT2G43350	arabidopsis	149	s-nitrosylation	O22850	C	verified	PMC12454217 MOESM2 (S-nitrosylation column)	Novel proteomics workflow paper; TAIR locus -> UniProt mapped, coordinate-verified in registered proteome v2
AT2G43360	arabidopsis	370	s-nitrosylation	P54967	C	verified	PMC12454217 MOESM2 (S-nitrosylation column)	Novel proteomics workflow paper; TAIR locus -> UniProt mapped, coordinate-verified in registered proteome v2
AT2G43400	arabidopsis	275	s-nitrosylation	A0A1P8B0T2	C	verified	PMC12454217 MOESM2 (S-nitrosylation column)	Novel proteomics workflow paper; TAIR locus -> UniProt mapped, coordinate-verified in registered proteome v2
AT2G43560	arabidopsis	88	s-nitrosylation	O22870	C	verified	PMC12454217 MOESM2 (S-nitrosylation column)	Novel proteomics workflow paper; TAIR locus -> UniProt mapped, coordinate-verified in registered proteome v2
AT2G43570	arabidopsis	264	s-nitrosylation	O24603	C	verified	PMC12454217 MOESM2 (S-nitrosylation column)	Novel proteomics workflow paper; TAIR locus -> UniProt mapped, coordinate-verified in registered proteome v2
AT2G43620	arabidopsis	270	s-nitrosylation	O22841	C	verified	PMC12454217 MOESM2 (S-nitrosylation column)	Novel proteomics workflow paper; TAIR locus -> UniProt mapped, coordinate-verified in registered proteome v2
AT2G43710	arabidopsis	260	s-nitrosylation	F4IS32	C	verified	PMC12454217 MOESM2 (S-nitrosylation column)	Novel proteomics workflow paper; TAIR locus -> UniProt mapped, coordinate-verified in registered proteome v2
AT2G43750	arabidopsis	98	s-nitrosylation	P47999	C	verified	PMC12454217 MOESM2 (S-nitrosylation column)	Novel proteomics workflow paper; TAIR locus -> UniProt mapped, coordinate-verified in registered proteome v2
AT2G43770	arabidopsis	278	s-nitrosylation	O22826	C	verified	PMC12454217 MOESM2 (S-nitrosylation column)	Novel proteomics workflow paper; TAIR locus -> UniProt mapped, coordinate-verified in registered proteome v2
AT2G43790	arabidopsis	201	s-nitrosylation	Q39026	C	verified	PMC12454217 MOESM2 (S-nitrosylation column)	Novel proteomics workflow paper; TAIR locus -> UniProt mapped, coordinate-verified in registered proteome v2
AT2G43820	arabidopsis	217	s-nitrosylation	O22822	C	verified	PMC12454217 MOESM2 (S-nitrosylation column)	Novel proteomics workflow paper; TAIR locus -> UniProt mapped, coordinate-verified in registered proteome v2
AT2G43910	arabidopsis	39	s-nitrosylation	A0A2H1ZE37	C	verified	PMC12454217 MOESM2 (S-nitrosylation column)	Novel proteomics workflow paper; TAIR locus -> UniProt mapped, coordinate-verified in registered proteome v2
AT2G43945	arabidopsis	273	s-nitrosylation	F4IT21	C	verified	PMC12454217 MOESM2 (S-nitrosylation column)	Novel proteomics workflow paper; TAIR locus -> UniProt mapped, coordinate-verified in registered proteome v2
AT2G43970	arabidopsis	297	s-nitrosylation	O80567	C	verified	PMC12454217 MOESM2 (S-nitrosylation column)	Novel proteomics workflow paper; TAIR locus -> UniProt mapped, coordinate-verified in registered proteome v2
AT2G44060	arabidopsis	183	s-nitrosylation	O80576	C	verified	PMC12454217 MOESM2 (S-nitrosylation column)	Novel proteomics workflow paper; TAIR locus -> UniProt mapped, coordinate-verified in registered proteome v2
AT2G44100	arabidopsis	17	s-nitrosylation	Q96254	C	verified	PMC12454217 MOESM2 (S-nitrosylation column)	Novel proteomics workflow paper; TAIR locus -> UniProt mapped, coordinate-verified in registered proteome v2
AT2G44160	arabidopsis	130	s-nitrosylation	O80585	C	verified	PMC12454217 MOESM2 (S-nitrosylation column)	Novel proteomics workflow paper; TAIR locus -> UniProt mapped, coordinate-verified in registered proteome v2
AT2G44180	arabidopsis	379	s-nitrosylation	Q0WRL9	C	verified	PMC12454217 MOESM2 (S-nitrosylation column)	Novel proteomics workflow paper; TAIR locus -> UniProt mapped, coordinate-verified in registered proteome v2
AT2G44210	arabidopsis	418	s-nitrosylation	B9DGK6	C	verified	PMC12454217 MOESM2 (S-nitrosylation column)	Novel proteomics workflow paper; TAIR locus -> UniProt mapped, coordinate-verified in registered proteome v2
AT2G44310	arabidopsis	112	s-nitrosylation	O64866	C	verified	PMC12454217 MOESM2 (S-nitrosylation column)	Novel proteomics workflow paper; TAIR locus -> UniProt mapped, coordinate-verified in registered proteome v2
AT2G44350	arabidopsis	109	s-nitrosylation	P20115	C	verified	PMC12454217 MOESM2 (S-nitrosylation column)	Novel proteomics workflow paper; TAIR locus -> UniProt mapped, coordinate-verified in registered proteome v2
AT2G44490	arabidopsis	167	s-nitrosylation	O64883	C	verified	PMC12454217 MOESM2 (S-nitrosylation column)	Novel proteomics workflow paper; TAIR locus -> UniProt mapped, coordinate-verified in registered proteome v2
AT2G44640	arabidopsis	253	s-nitrosylation	O80503	C	verified	PMC12454217 MOESM2 (S-nitrosylation column)	Novel proteomics workflow paper; TAIR locus -> UniProt mapped, coordinate-verified in registered proteome v2
AT2G44760	arabidopsis	227	s-nitrosylation	F4IV18	C	verified	PMC12454217 MOESM2 (S-nitrosylation column)	Novel proteomics workflow paper; TAIR locus -> UniProt mapped, coordinate-verified in registered proteome v2
AT2G44790	arabidopsis	78	s-nitrosylation	O80517	C	verified	PMC12454217 MOESM2 (S-nitrosylation column)	Novel proteomics workflow paper; TAIR locus -> UniProt mapped, coordinate-verified in registered proteome v2
AT2G45240	arabidopsis	15	s-nitrosylation	A0A1P8B297	C	verified	PMC12454217 MOESM2 (S-nitrosylation column)	Novel proteomics workflow paper; TAIR locus -> UniProt mapped, coordinate-verified in registered proteome v2
AT2G45290	arabidopsis	440	s-nitrosylation	F4IW47	C	verified	PMC12454217 MOESM2 (S-nitrosylation column)	Novel proteomics workflow paper; TAIR locus -> UniProt mapped, coordinate-verified in registered proteome v2
AT2G45300	arabidopsis	155	s-nitrosylation	A0A1P8B1E5	C	verified	PMC12454217 MOESM2 (S-nitrosylation column)	Novel proteomics workflow paper; TAIR locus -> UniProt mapped, coordinate-verified in registered proteome v2
AT2G45330	arabidopsis	190	s-nitrosylation	F4IW51	C	verified	PMC12454217 MOESM2 (S-nitrosylation column)	Novel proteomics workflow paper; TAIR locus -> UniProt mapped, coordinate-verified in registered proteome v2
AT2G45540	arabidopsis	738	s-nitrosylation	F4IG73	C	verified	PMC12454217 MOESM2 (S-nitrosylation column)	Novel proteomics workflow paper; TAIR locus -> UniProt mapped, coordinate-verified in registered proteome v2
AT2G45600	arabidopsis	296	s-nitrosylation	O64640	C	verified	PMC12454217 MOESM2 (S-nitrosylation column)	Novel proteomics workflow paper; TAIR locus -> UniProt mapped, coordinate-verified in registered proteome v2
AT2G45620	arabidopsis	619	s-nitrosylation	O64642	C	verified	PMC12454217 MOESM2 (S-nitrosylation column)	Novel proteomics workflow paper; TAIR locus -> UniProt mapped, coordinate-verified in registered proteome v2
AT2G45640	arabidopsis	39	s-nitrosylation	F4IG85	C	verified	PMC12454217 MOESM2 (S-nitrosylation column)	Novel proteomics workflow paper; TAIR locus -> UniProt mapped, coordinate-verified in registered proteome v2
AT2G45770	arabidopsis	253	s-nitrosylation	O80842	C	verified	PMC12454217 MOESM2 (S-nitrosylation column)	Novel proteomics workflow paper; TAIR locus -> UniProt mapped, coordinate-verified in registered proteome v2
AT2G45790	arabidopsis	68	s-nitrosylation	O80840	C	verified	PMC12454217 MOESM2 (S-nitrosylation column)	Novel proteomics workflow paper; TAIR locus -> UniProt mapped, coordinate-verified in registered proteome v2
AT2G45810	arabidopsis	209	s-nitrosylation	Q94BV4	C	verified	PMC12454217 MOESM2 (S-nitrosylation column)	Novel proteomics workflow paper; TAIR locus -> UniProt mapped, coordinate-verified in registered proteome v2
AT2G45960	arabidopsis	140	s-nitrosylation	A8MRW1	C	verified	PMC12454217 MOESM2 (S-nitrosylation column)	Novel proteomics workflow paper; TAIR locus -> UniProt mapped, coordinate-verified in registered proteome v2
AT2G45980	arabidopsis	163	s-nitrosylation	O82775	C	verified	PMC12454217 MOESM2 (S-nitrosylation column)	Novel proteomics workflow paper; TAIR locus -> UniProt mapped, coordinate-verified in registered proteome v2
AT2G46090	arabidopsis	86	s-nitrosylation	O82359	C	verified	PMC12454217 MOESM2 (S-nitrosylation column)	Novel proteomics workflow paper; TAIR locus -> UniProt mapped, coordinate-verified in registered proteome v2
AT2G46100	arabidopsis	132	s-nitrosylation	F4IH87	C	verified	PMC12454217 MOESM2 (S-nitrosylation column)	Novel proteomics workflow paper; TAIR locus -> UniProt mapped, coordinate-verified in registered proteome v2
AT2G46280	arabidopsis	28	s-nitrosylation	B9DGS3	C	verified	PMC12454217 MOESM2 (S-nitrosylation column)	Novel proteomics workflow paper; TAIR locus -> UniProt mapped, coordinate-verified in registered proteome v2
AT2G46520	arabidopsis	280	s-nitrosylation	Q9ZPY7	C	verified	PMC12454217 MOESM2 (S-nitrosylation column)	Novel proteomics workflow paper; TAIR locus -> UniProt mapped, coordinate-verified in registered proteome v2
AT2G46560	arabidopsis	2054	s-nitrosylation	F4IJ68	C	verified	PMC12454217 MOESM2 (S-nitrosylation column)	Novel proteomics workflow paper; TAIR locus -> UniProt mapped, coordinate-verified in registered proteome v2
AT2G46580	arabidopsis	157	s-nitrosylation	Q9ZPY1	C	verified	PMC12454217 MOESM2 (S-nitrosylation column)	Novel proteomics workflow paper; TAIR locus -> UniProt mapped, coordinate-verified in registered proteome v2
AT2G46650	arabidopsis	73	s-nitrosylation	Q9ZNV4	C	verified	PMC12454217 MOESM2 (S-nitrosylation column)	Novel proteomics workflow paper; TAIR locus -> UniProt mapped, coordinate-verified in registered proteome v2
AT2G47000	arabidopsis	918	s-nitrosylation	A0A1P8AYF4	C	verified	PMC12454217 MOESM2 (S-nitrosylation column)	Novel proteomics workflow paper; TAIR locus -> UniProt mapped, coordinate-verified in registered proteome v2
AT2G47110	arabidopsis	126	s-nitrosylation	P59232	C	verified	PMC12454217 MOESM2 (S-nitrosylation column)	Novel proteomics workflow paper; TAIR locus -> UniProt mapped, coordinate-verified in registered proteome v2
AT2G47240	arabidopsis	167	s-nitrosylation	O22898	C	verified	PMC12454217 MOESM2 (S-nitrosylation column)	Novel proteomics workflow paper; TAIR locus -> UniProt mapped, coordinate-verified in registered proteome v2
AT2G47250	arabidopsis	607	s-nitrosylation	O22899	C	verified	PMC12454217 MOESM2 (S-nitrosylation column)	Novel proteomics workflow paper; TAIR locus -> UniProt mapped, coordinate-verified in registered proteome v2
AT2G47390	arabidopsis	396	s-nitrosylation	Q8VZF3	C	verified	PMC12454217 MOESM2 (S-nitrosylation column)	Novel proteomics workflow paper; TAIR locus -> UniProt mapped, coordinate-verified in registered proteome v2
AT2G47400	arabidopsis	68	s-nitrosylation	O22914	C	verified	PMC12454217 MOESM2 (S-nitrosylation column)	Novel proteomics workflow paper; TAIR locus -> UniProt mapped, coordinate-verified in registered proteome v2
AT2G47470	arabidopsis	52	s-nitrosylation	A8MSC5	C	verified	PMC12454217 MOESM2 (S-nitrosylation column)	Novel proteomics workflow paper; TAIR locus -> UniProt mapped, coordinate-verified in registered proteome v2
AT2G47510	arabidopsis	155	s-nitrosylation	B9DFH4	C	verified	PMC12454217 MOESM2 (S-nitrosylation column)	Novel proteomics workflow paper; TAIR locus -> UniProt mapped, coordinate-verified in registered proteome v2
AT2G47610	arabidopsis	173	s-nitrosylation	P49692	C	verified	PMC12454217 MOESM2 (S-nitrosylation column)	Novel proteomics workflow paper; TAIR locus -> UniProt mapped, coordinate-verified in registered proteome v2
AT2G47640	arabidopsis	41	s-nitrosylation	Q8RUH0	C	verified	PMC12454217 MOESM2 (S-nitrosylation column)	Novel proteomics workflow paper; TAIR locus -> UniProt mapped, coordinate-verified in registered proteome v2
AT2G47650	arabidopsis	193	s-nitrosylation	C0Z2I3	C	verified	PMC12454217 MOESM2 (S-nitrosylation column)	Novel proteomics workflow paper; TAIR locus -> UniProt mapped, coordinate-verified in registered proteome v2
AT2G47710	arabidopsis	111	s-nitrosylation	O82240	C	verified	PMC12454217 MOESM2 (S-nitrosylation column)	Novel proteomics workflow paper; TAIR locus -> UniProt mapped, coordinate-verified in registered proteome v2
AT2G47730	arabidopsis	139	s-nitrosylation	Q96266	C	verified	PMC12454217 MOESM2 (S-nitrosylation column)	Novel proteomics workflow paper; TAIR locus -> UniProt mapped, coordinate-verified in registered proteome v2
AT2G47800	arabidopsis	635	s-nitrosylation	Q7DM58	C	verified	PMC12454217 MOESM2 (S-nitrosylation column)	Novel proteomics workflow paper; TAIR locus -> UniProt mapped, coordinate-verified in registered proteome v2
AT2G47940	arabidopsis	123	s-nitrosylation	O82261	C	verified	PMC12454217 MOESM2 (S-nitrosylation column)	Novel proteomics workflow paper; TAIR locus -> UniProt mapped, coordinate-verified in registered proteome v2
AT2G47960	arabidopsis	216	s-nitrosylation	O82263	C	verified	PMC12454217 MOESM2 (S-nitrosylation column)	Novel proteomics workflow paper; TAIR locus -> UniProt mapped, coordinate-verified in registered proteome v2
AT3G01060	arabidopsis	146	s-nitrosylation	F4IYD5	C	verified	PMC12454217 MOESM2 (S-nitrosylation column)	Novel proteomics workflow paper; TAIR locus -> UniProt mapped, coordinate-verified in registered proteome v2
AT3G01120	arabidopsis	334	s-nitrosylation	P55217	C	verified	PMC12454217 MOESM2 (S-nitrosylation column)	Novel proteomics workflow paper; TAIR locus -> UniProt mapped, coordinate-verified in registered proteome v2
AT3G01280	arabidopsis	72	s-nitrosylation	Q9SRH5	C	verified	PMC12454217 MOESM2 (S-nitrosylation column)	Novel proteomics workflow paper; TAIR locus -> UniProt mapped, coordinate-verified in registered proteome v2
AT3G01290	arabidopsis	58	s-nitrosylation	Q9SRH6	C	verified	PMC12454217 MOESM2 (S-nitrosylation column)	Novel proteomics workflow paper; TAIR locus -> UniProt mapped, coordinate-verified in registered proteome v2
AT3G01310	arabidopsis	129	s-nitrosylation	F4J8C7	C	verified	PMC12454217 MOESM2 (S-nitrosylation column)	Novel proteomics workflow paper; TAIR locus -> UniProt mapped, coordinate-verified in registered proteome v2
AT3G01420	arabidopsis	187	s-nitrosylation	Q9SGH6	C	verified	PMC12454217 MOESM2 (S-nitrosylation column)	Novel proteomics workflow paper; TAIR locus -> UniProt mapped, coordinate-verified in registered proteome v2
AT3G01480	arabidopsis	256	s-nitrosylation	Q9SSA5	C	verified	PMC12454217 MOESM2 (S-nitrosylation column)	Novel proteomics workflow paper; TAIR locus -> UniProt mapped, coordinate-verified in registered proteome v2
AT3G01500	arabidopsis	90	s-nitrosylation	A0A1I9LQB3	C	verified	PMC12454217 MOESM2 (S-nitrosylation column)	Novel proteomics workflow paper; TAIR locus -> UniProt mapped, coordinate-verified in registered proteome v2
AT3G01500	arabidopsis	167	s-nitrosylation	C0Z272	C	verified	PMC12454217 MOESM2 (S-nitrosylation column)	Novel proteomics workflow paper; TAIR locus -> UniProt mapped, coordinate-verified in registered proteome v2
AT3G01500	arabidopsis	167	s-nitrosylation	C0Z272	C	verified	PMC12454217 MOESM2 (S-nitrosylation column)	Novel proteomics workflow paper; TAIR locus -> UniProt mapped, coordinate-verified in registered proteome v2
AT3G01510	arabidopsis	390	s-nitrosylation	F4J117	C	verified	PMC12454217 MOESM2 (S-nitrosylation column)	Novel proteomics workflow paper; TAIR locus -> UniProt mapped, coordinate-verified in registered proteome v2
AT3G01520	arabidopsis	27	s-nitrosylation	Q8LGG8	C	verified	PMC12454217 MOESM2 (S-nitrosylation column)	Novel proteomics workflow paper; TAIR locus -> UniProt mapped, coordinate-verified in registered proteome v2
AT3G01640	arabidopsis	369	s-nitrosylation	A0A1I9LRK4	C	verified	PMC12454217 MOESM2 (S-nitrosylation column)	Novel proteomics workflow paper; TAIR locus -> UniProt mapped, coordinate-verified in registered proteome v2
AT3G01670	arabidopsis	638	s-nitrosylation	A0A1I9LMF2	C	verified	PMC12454217 MOESM2 (S-nitrosylation column)	Novel proteomics workflow paper; TAIR locus -> UniProt mapped, coordinate-verified in registered proteome v2
AT3G01680	arabidopsis	691	s-nitrosylation	Q9SS87	C	verified	PMC12454217 MOESM2 (S-nitrosylation column)	Novel proteomics workflow paper; TAIR locus -> UniProt mapped, coordinate-verified in registered proteome v2
AT3G01780	arabidopsis	537	s-nitrosylation	A0A1I9LST8	C	verified	PMC12454217 MOESM2 (S-nitrosylation column)	Novel proteomics workflow paper; TAIR locus -> UniProt mapped, coordinate-verified in registered proteome v2
AT3G01910	arabidopsis	98	s-nitrosylation	Q0WWA1	C	verified	PMC12454217 MOESM2 (S-nitrosylation column)	Novel proteomics workflow paper; TAIR locus -> UniProt mapped, coordinate-verified in registered proteome v2
AT3G02080	arabidopsis	94	s-nitrosylation	Q9SGA6	C	verified	PMC12454217 MOESM2 (S-nitrosylation column)	Novel proteomics workflow paper; TAIR locus -> UniProt mapped, coordinate-verified in registered proteome v2
AT3G02090	arabidopsis	415	s-nitrosylation	Q42290	C	verified	PMC12454217 MOESM2 (S-nitrosylation column)	Novel proteomics workflow paper; TAIR locus -> UniProt mapped, coordinate-verified in registered proteome v2
AT3G02110	arabidopsis	358	s-nitrosylation	Q8L9Y0	C	verified	PMC12454217 MOESM2 (S-nitrosylation column)	Novel proteomics workflow paper; TAIR locus -> UniProt mapped, coordinate-verified in registered proteome v2
AT3G02180	arabidopsis	85	s-nitrosylation	B3H6W7	C	verified	PMC12454217 MOESM2 (S-nitrosylation column)	Novel proteomics workflow paper; TAIR locus -> UniProt mapped, coordinate-verified in registered proteome v2
AT3G02200	arabidopsis	239	s-nitrosylation	F4J2B3	C	verified	PMC12454217 MOESM2 (S-nitrosylation column)	Novel proteomics workflow paper; TAIR locus -> UniProt mapped, coordinate-verified in registered proteome v2
AT3G02230	arabidopsis	85	s-nitrosylation	Q9SRT9	C	verified	PMC12454217 MOESM2 (S-nitrosylation column)	Novel proteomics workflow paper; TAIR locus -> UniProt mapped, coordinate-verified in registered proteome v2
AT3G02260	arabidopsis	290	s-nitrosylation	A0A1I9LSK3	C	verified	PMC12454217 MOESM2 (S-nitrosylation column)	Novel proteomics workflow paper; TAIR locus -> UniProt mapped, coordinate-verified in registered proteome v2
AT3G02350	arabidopsis	414	s-nitrosylation	Q9FWA4	C	verified	PMC12454217 MOESM2 (S-nitrosylation column)	Novel proteomics workflow paper; TAIR locus -> UniProt mapped, coordinate-verified in registered proteome v2
AT3G02360	arabidopsis	101	s-nitrosylation	Q9FWA3	C	verified	PMC12454217 MOESM2 (S-nitrosylation column)	Novel proteomics workflow paper; TAIR locus -> UniProt mapped, coordinate-verified in registered proteome v2
AT3G02520	arabidopsis	100	s-nitrosylation	Q96300	C	verified	PMC12454217 MOESM2 (S-nitrosylation column)	Novel proteomics workflow paper; TAIR locus -> UniProt mapped, coordinate-verified in registered proteome v2
AT3G02530	arabidopsis	108	s-nitrosylation	Q9M888	C	verified	PMC12454217 MOESM2 (S-nitrosylation column)	Novel proteomics workflow paper; TAIR locus -> UniProt mapped, coordinate-verified in registered proteome v2
AT3G02630	arabidopsis	254	s-nitrosylation	Q9M879	C	verified	PMC12454217 MOESM2 (S-nitrosylation column)	Novel proteomics workflow paper; TAIR locus -> UniProt mapped, coordinate-verified in registered proteome v2
AT3G02660	arabidopsis	145	s-nitrosylation	Q9M876	C	verified	PMC12454217 MOESM2 (S-nitrosylation column)	Novel proteomics workflow paper; TAIR locus -> UniProt mapped, coordinate-verified in registered proteome v2
AT3G02720	arabidopsis	225	s-nitrosylation	Q9M8R4	C	verified	PMC12454217 MOESM2 (S-nitrosylation column)	Novel proteomics workflow paper; TAIR locus -> UniProt mapped, coordinate-verified in registered proteome v2
AT3G02730	arabidopsis	126	s-nitrosylation	Q9XFH8	C	verified	PMC12454217 MOESM2 (S-nitrosylation column)	Novel proteomics workflow paper; TAIR locus -> UniProt mapped, coordinate-verified in registered proteome v2
AT3G02760	arabidopsis	294	s-nitrosylation	F4IYF8	C	verified	PMC12454217 MOESM2 (S-nitrosylation column)	Novel proteomics workflow paper; TAIR locus -> UniProt mapped, coordinate-verified in registered proteome v2
AT3G02780	arabidopsis	73	s-nitrosylation	Q42553	C	verified	PMC12454217 MOESM2 (S-nitrosylation column)	Novel proteomics workflow paper; TAIR locus -> UniProt mapped, coordinate-verified in registered proteome v2
AT3G02830	arabidopsis	91	s-nitrosylation	Q8GXX7	C	verified	PMC12454217 MOESM2 (S-nitrosylation column)	Novel proteomics workflow paper; TAIR locus -> UniProt mapped, coordinate-verified in registered proteome v2
AT3G02870	arabidopsis	51	s-nitrosylation	F4IYH1	C	verified	PMC12454217 MOESM2 (S-nitrosylation column)	Novel proteomics workflow paper; TAIR locus -> UniProt mapped, coordinate-verified in registered proteome v2
AT3G03060	arabidopsis	459	s-nitrosylation	F4IZQ9	C	verified	PMC12454217 MOESM2 (S-nitrosylation column)	Novel proteomics workflow paper; TAIR locus -> UniProt mapped, coordinate-verified in registered proteome v2
AT3G03080	arabidopsis	56	s-nitrosylation	Q9M9M7	C	verified	PMC12454217 MOESM2 (S-nitrosylation column)	Novel proteomics workflow paper; TAIR locus -> UniProt mapped, coordinate-verified in registered proteome v2
AT3G03100	arabidopsis	33	s-nitrosylation	F4IZR4	C	verified	PMC12454217 MOESM2 (S-nitrosylation column)	Novel proteomics workflow paper; TAIR locus -> UniProt mapped, coordinate-verified in registered proteome v2
AT3G03110	arabidopsis	158	s-nitrosylation	F4IZR5	C	verified	PMC12454217 MOESM2 (S-nitrosylation column)	Novel proteomics workflow paper; TAIR locus -> UniProt mapped, coordinate-verified in registered proteome v2
AT3G03190	arabidopsis	20	s-nitrosylation	Q96324	C	verified	PMC12454217 MOESM2 (S-nitrosylation column)	Novel proteomics workflow paper; TAIR locus -> UniProt mapped, coordinate-verified in registered proteome v2
AT3G03250	arabidopsis	95	s-nitrosylation	A0A1I9LT02	C	verified	PMC12454217 MOESM2 (S-nitrosylation column)	Novel proteomics workflow paper; TAIR locus -> UniProt mapped, coordinate-verified in registered proteome v2
AT3G03320	arabidopsis	73	s-nitrosylation	Q7E810	C	verified	PMC12454217 MOESM2 (S-nitrosylation column)	Novel proteomics workflow paper; TAIR locus -> UniProt mapped, coordinate-verified in registered proteome v2
AT3G03470	arabidopsis	368	s-nitrosylation	Q9SRQ1	C	verified	PMC12454217 MOESM2 (S-nitrosylation column)	Novel proteomics workflow paper; TAIR locus -> UniProt mapped, coordinate-verified in registered proteome v2
AT3G03520	arabidopsis	147	s-nitrosylation	A0A1I9LPZ5	C	verified	PMC12454217 MOESM2 (S-nitrosylation column)	Novel proteomics workflow paper; TAIR locus -> UniProt mapped, coordinate-verified in registered proteome v2
AT3G03630	arabidopsis	122	s-nitrosylation	O22682	C	verified	PMC12454217 MOESM2 (S-nitrosylation column)	Novel proteomics workflow paper; TAIR locus -> UniProt mapped, coordinate-verified in registered proteome v2
AT3G03710	arabidopsis	175	s-nitrosylation	Q8GZQ3	C	verified	PMC12454217 MOESM2 (S-nitrosylation column)	Novel proteomics workflow paper; TAIR locus -> UniProt mapped, coordinate-verified in registered proteome v2
AT3G03780	arabidopsis	328	s-nitrosylation	Q9SRV5	C	verified	PMC12454217 MOESM2 (S-nitrosylation column)	Novel proteomics workflow paper; TAIR locus -> UniProt mapped, coordinate-verified in registered proteome v2
AT3G03890	arabidopsis	119	s-nitrosylation	Q8LDU1	C	verified	PMC12454217 MOESM2 (S-nitrosylation column)	Novel proteomics workflow paper; TAIR locus -> UniProt mapped, coordinate-verified in registered proteome v2
AT3G03920	arabidopsis	68	s-nitrosylation	Q8VZT0	C	verified	PMC12454217 MOESM2 (S-nitrosylation column)	Novel proteomics workflow paper; TAIR locus -> UniProt mapped, coordinate-verified in registered proteome v2
AT3G03950	arabidopsis	390	s-nitrosylation	Q3MK94	C	verified	PMC12454217 MOESM2 (S-nitrosylation column)	Novel proteomics workflow paper; TAIR locus -> UniProt mapped, coordinate-verified in registered proteome v2
AT3G03960	arabidopsis	219	s-nitrosylation	Q94K05	C	verified	PMC12454217 MOESM2 (S-nitrosylation column)	Novel proteomics workflow paper; TAIR locus -> UniProt mapped, coordinate-verified in registered proteome v2
AT3G03980	arabidopsis	144	s-nitrosylation	Q9SQR4	C	verified	PMC12454217 MOESM2 (S-nitrosylation column)	Novel proteomics workflow paper; TAIR locus -> UniProt mapped, coordinate-verified in registered proteome v2
AT3G03990	arabidopsis	211	s-nitrosylation	Q9SQR3	C	verified	PMC12454217 MOESM2 (S-nitrosylation column)	Novel proteomics workflow paper; TAIR locus -> UniProt mapped, coordinate-verified in registered proteome v2
AT3G04000	arabidopsis	65	s-nitrosylation	Q9SQR2	C	verified	PMC12454217 MOESM2 (S-nitrosylation column)	Novel proteomics workflow paper; TAIR locus -> UniProt mapped, coordinate-verified in registered proteome v2
AT3G04120	arabidopsis	156	s-nitrosylation	P25858	C	verified	PMC12454217 MOESM2 (S-nitrosylation column)	Novel proteomics workflow paper; TAIR locus -> UniProt mapped, coordinate-verified in registered proteome v2
AT3G04340	arabidopsis	314	s-nitrosylation	F4J3N2	C	verified	PMC12454217 MOESM2 (S-nitrosylation column)	Novel proteomics workflow paper; TAIR locus -> UniProt mapped, coordinate-verified in registered proteome v2
AT3G04480	arabidopsis	378	s-nitrosylation	F4J3Q1	C	verified	PMC12454217 MOESM2 (S-nitrosylation column)	Novel proteomics workflow paper; TAIR locus -> UniProt mapped, coordinate-verified in registered proteome v2
AT3G04490	arabidopsis	412	s-nitrosylation	A0A1I9LPW2	C	verified	PMC12454217 MOESM2 (S-nitrosylation column)	Novel proteomics workflow paper; TAIR locus -> UniProt mapped, coordinate-verified in registered proteome v2
AT3G04520	arabidopsis	78	s-nitrosylation	F4J4S1	C	verified	PMC12454217 MOESM2 (S-nitrosylation column)	Novel proteomics workflow paper; TAIR locus -> UniProt mapped, coordinate-verified in registered proteome v2
AT3G04550	arabidopsis	310	s-nitrosylation	Q9SR19	C	verified	PMC12454217 MOESM2 (S-nitrosylation column)	Novel proteomics workflow paper; TAIR locus -> UniProt mapped, coordinate-verified in registered proteome v2
AT3G04600	arabidopsis	158	s-nitrosylation	F4J4T3	C	verified	PMC12454217 MOESM2 (S-nitrosylation column)	Novel proteomics workflow paper; TAIR locus -> UniProt mapped, coordinate-verified in registered proteome v2
AT3G04650	arabidopsis	401	s-nitrosylation	Q7DUH9	C	verified	PMC12454217 MOESM2 (S-nitrosylation column)	Novel proteomics workflow paper; TAIR locus -> UniProt mapped, coordinate-verified in registered proteome v2
AT3G04720	arabidopsis	100	s-nitrosylation	P43082	C	verified	PMC12454217 MOESM2 (S-nitrosylation column)	Novel proteomics workflow paper; TAIR locus -> UniProt mapped, coordinate-verified in registered proteome v2
AT3G04780	arabidopsis	27	s-nitrosylation	Q9SQZ9	C	verified	PMC12454217 MOESM2 (S-nitrosylation column)	Novel proteomics workflow paper; TAIR locus -> UniProt mapped, coordinate-verified in registered proteome v2
AT3G04790	arabidopsis	204	s-nitrosylation	Q9S726	C	verified	PMC12454217 MOESM2 (S-nitrosylation column)	Novel proteomics workflow paper; TAIR locus -> UniProt mapped, coordinate-verified in registered proteome v2
AT3G04840	arabidopsis	98	s-nitrosylation	Q9CAV0	C	verified	PMC12454217 MOESM2 (S-nitrosylation column)	Novel proteomics workflow paper; TAIR locus -> UniProt mapped, coordinate-verified in registered proteome v2
AT3G04870	arabidopsis	337	s-nitrosylation	Q38893	C	verified	PMC12454217 MOESM2 (S-nitrosylation column)	Novel proteomics workflow paper; TAIR locus -> UniProt mapped, coordinate-verified in registered proteome v2
AT3G04940	arabidopsis	45	s-nitrosylation	Q9S6Z7	C	verified	PMC12454217 MOESM2 (S-nitrosylation column)	Novel proteomics workflow paper; TAIR locus -> UniProt mapped, coordinate-verified in registered proteome v2
AT3G05060	arabidopsis	30	s-nitrosylation	Q9MAB3	C	verified	PMC12454217 MOESM2 (S-nitrosylation column)	Novel proteomics workflow paper; TAIR locus -> UniProt mapped, coordinate-verified in registered proteome v2
AT3G05090	arabidopsis	320	s-nitrosylation	F4J650	C	verified	PMC12454217 MOESM2 (S-nitrosylation column)	Novel proteomics workflow paper; TAIR locus -> UniProt mapped, coordinate-verified in registered proteome v2
AT3G05420	arabidopsis	244	s-nitrosylation	Q9MA55	C	verified	PMC12454217 MOESM2 (S-nitrosylation column)	Novel proteomics workflow paper; TAIR locus -> UniProt mapped, coordinate-verified in registered proteome v2
AT3G05500	arabidopsis	168	s-nitrosylation	Q9MA63	C	verified	PMC12454217 MOESM2 (S-nitrosylation column)	Novel proteomics workflow paper; TAIR locus -> UniProt mapped, coordinate-verified in registered proteome v2
AT3G05530	arabidopsis	225	s-nitrosylation	Q9SEI2	C	verified	PMC12454217 MOESM2 (S-nitrosylation column)	Novel proteomics workflow paper; TAIR locus -> UniProt mapped, coordinate-verified in registered proteome v2
AT3G05560	arabidopsis	22	s-nitrosylation	Q9M9W1	C	verified	PMC12454217 MOESM2 (S-nitrosylation column)	Novel proteomics workflow paper; TAIR locus -> UniProt mapped, coordinate-verified in registered proteome v2
AT3G05580	arabidopsis	64	s-nitrosylation	A0A1I9LPD2	C	verified	PMC12454217 MOESM2 (S-nitrosylation column)	Novel proteomics workflow paper; TAIR locus -> UniProt mapped, coordinate-verified in registered proteome v2
AT3G05590	arabidopsis	119	s-nitrosylation	P42791	C	verified	PMC12454217 MOESM2 (S-nitrosylation column)	Novel proteomics workflow paper; TAIR locus -> UniProt mapped, coordinate-verified in registered proteome v2
AT3G05625	arabidopsis	227	s-nitrosylation	F4J8F7	C	verified	PMC12454217 MOESM2 (S-nitrosylation column)	Novel proteomics workflow paper; TAIR locus -> UniProt mapped, coordinate-verified in registered proteome v2
AT3G05900	arabidopsis	315	s-nitrosylation	F4J9K9	C	verified	PMC12454217 MOESM2 (S-nitrosylation column)	Novel proteomics workflow paper; TAIR locus -> UniProt mapped, coordinate-verified in registered proteome v2
AT3G05970	arabidopsis	267	s-nitrosylation	Q8LPS1	C	verified	PMC12454217 MOESM2 (S-nitrosylation column)	Novel proteomics workflow paper; TAIR locus -> UniProt mapped, coordinate-verified in registered proteome v2
AT3G06035	arabidopsis	112	s-nitrosylation	Q0WSE0	C	verified	PMC12454217 MOESM2 (S-nitrosylation column)	Novel proteomics workflow paper; TAIR locus -> UniProt mapped, coordinate-verified in registered proteome v2
AT3G06050	arabidopsis	89	s-nitrosylation	A0A1I9LRF4	C	verified	PMC12454217 MOESM2 (S-nitrosylation column)	Novel proteomics workflow paper; TAIR locus -> UniProt mapped, coordinate-verified in registered proteome v2
AT3G06300	arabidopsis	59	s-nitrosylation	F4JAU3	C	verified	PMC12454217 MOESM2 (S-nitrosylation column)	Novel proteomics workflow paper; TAIR locus -> UniProt mapped, coordinate-verified in registered proteome v2
AT3G06350	arabidopsis	424	s-nitrosylation	Q9SQT8	C	verified	PMC12454217 MOESM2 (S-nitrosylation column)	Novel proteomics workflow paper; TAIR locus -> UniProt mapped, coordinate-verified in registered proteome v2
AT3G06510	arabidopsis	89	s-nitrosylation	Q93Y07	C	verified	PMC12454217 MOESM2 (S-nitrosylation column)	Novel proteomics workflow paper; TAIR locus -> UniProt mapped, coordinate-verified in registered proteome v2
AT3G06530	arabidopsis	889	s-nitrosylation	A0A1I9LP28	C	verified	PMC12454217 MOESM2 (S-nitrosylation column)	Novel proteomics workflow paper; TAIR locus -> UniProt mapped, coordinate-verified in registered proteome v2
AT3G06580	arabidopsis	105	s-nitrosylation	Q9SEE5	C	verified	PMC12454217 MOESM2 (S-nitrosylation column)	Novel proteomics workflow paper; TAIR locus -> UniProt mapped, coordinate-verified in registered proteome v2
AT3G06650	arabidopsis	33	s-nitrosylation	Q9C522	C	verified	PMC12454217 MOESM2 (S-nitrosylation column)	Novel proteomics workflow paper; TAIR locus -> UniProt mapped, coordinate-verified in registered proteome v2
AT3G06720	arabidopsis	199	s-nitrosylation	Q96321	C	verified	PMC12454217 MOESM2 (S-nitrosylation column)	Novel proteomics workflow paper; TAIR locus -> UniProt mapped, coordinate-verified in registered proteome v2
AT3G06820	arabidopsis	347	s-nitrosylation	F4JC55	C	verified	PMC12454217 MOESM2 (S-nitrosylation column)	Novel proteomics workflow paper; TAIR locus -> UniProt mapped, coordinate-verified in registered proteome v2
AT3G06860	arabidopsis	539	s-nitrosylation	Q9ZPI5	C	verified	PMC12454217 MOESM2 (S-nitrosylation column)	Novel proteomics workflow paper; TAIR locus -> UniProt mapped, coordinate-verified in registered proteome v2
AT3G06930	arabidopsis	76	s-nitrosylation	Q84W92	C	verified	PMC12454217 MOESM2 (S-nitrosylation column)	Novel proteomics workflow paper; TAIR locus -> UniProt mapped, coordinate-verified in registered proteome v2
AT3G06980	arabidopsis	414	s-nitrosylation	Q8GUG7	C	verified	PMC12454217 MOESM2 (S-nitrosylation column)	Novel proteomics workflow paper; TAIR locus -> UniProt mapped, coordinate-verified in registered proteome v2
AT3G07020	arabidopsis	288	s-nitrosylation	C0Z2R7	C	verified	PMC12454217 MOESM2 (S-nitrosylation column)	Novel proteomics workflow paper; TAIR locus -> UniProt mapped, coordinate-verified in registered proteome v2
AT3G07090	arabidopsis	105	s-nitrosylation	Q7E751	C	verified	PMC12454217 MOESM2 (S-nitrosylation column)	Novel proteomics workflow paper; TAIR locus -> UniProt mapped, coordinate-verified in registered proteome v2
AT3G07100	arabidopsis	347	s-nitrosylation	Q9SFU0	C	verified	PMC12454217 MOESM2 (S-nitrosylation column)	Novel proteomics workflow paper; TAIR locus -> UniProt mapped, coordinate-verified in registered proteome v2
AT3G07110	arabidopsis	8	s-nitrosylation	F4JD96	C	verified	PMC12454217 MOESM2 (S-nitrosylation column)	Novel proteomics workflow paper; TAIR locus -> UniProt mapped, coordinate-verified in registered proteome v2
AT3G07140	arabidopsis	356	s-nitrosylation	F4JDA0	C	verified	PMC12454217 MOESM2 (S-nitrosylation column)	Novel proteomics workflow paper; TAIR locus -> UniProt mapped, coordinate-verified in registered proteome v2
AT3G07160	arabidopsis	68	s-nitrosylation	A0A178V7F9	C	verified	PMC12454217 MOESM2 (S-nitrosylation column)	Novel proteomics workflow paper; TAIR locus -> UniProt mapped, coordinate-verified in registered proteome v2
AT3G07300	arabidopsis	323	s-nitrosylation	Q501B1	C	verified	PMC12454217 MOESM2 (S-nitrosylation column)	Novel proteomics workflow paper; TAIR locus -> UniProt mapped, coordinate-verified in registered proteome v2
AT3G07470	arabidopsis	69	s-nitrosylation	A0A1I9LNZ1	C	verified	PMC12454217 MOESM2 (S-nitrosylation column)	Novel proteomics workflow paper; TAIR locus -> UniProt mapped, coordinate-verified in registered proteome v2
AT3G07630	arabidopsis	207	s-nitrosylation	Q9SSE7	C	verified	PMC12454217 MOESM2 (S-nitrosylation column)	Novel proteomics workflow paper; TAIR locus -> UniProt mapped, coordinate-verified in registered proteome v2
AT3G07640	arabidopsis	85	s-nitrosylation	F4JFL0	C	verified	PMC12454217 MOESM2 (S-nitrosylation column)	Novel proteomics workflow paper; TAIR locus -> UniProt mapped, coordinate-verified in registered proteome v2
AT3G07670	arabidopsis	271	s-nitrosylation	Q9S7D2	C	verified	PMC12454217 MOESM2 (S-nitrosylation column)	Novel proteomics workflow paper; TAIR locus -> UniProt mapped, coordinate-verified in registered proteome v2
AT3G07720	arabidopsis	105	s-nitrosylation	Q7ECK4	C	verified	PMC12454217 MOESM2 (S-nitrosylation column)	Novel proteomics workflow paper; TAIR locus -> UniProt mapped, coordinate-verified in registered proteome v2
AT3G07770	arabidopsis	183	s-nitrosylation	F4JFN3	C	verified	PMC12454217 MOESM2 (S-nitrosylation column)	Novel proteomics workflow paper; TAIR locus -> UniProt mapped, coordinate-verified in registered proteome v2
AT3G07940	arabidopsis	380	s-nitrosylation	Q8L7A4	C	verified	PMC12454217 MOESM2 (S-nitrosylation column)	Novel proteomics workflow paper; TAIR locus -> UniProt mapped, coordinate-verified in registered proteome v2
AT3G08010	arabidopsis	297	s-nitrosylation	Q9SFB3	C	verified	PMC12454217 MOESM2 (S-nitrosylation column)	Novel proteomics workflow paper; TAIR locus -> UniProt mapped, coordinate-verified in registered proteome v2
AT3G08030	arabidopsis	173	s-nitrosylation	Q7EJU5	C	verified	PMC12454217 MOESM2 (S-nitrosylation column)	Novel proteomics workflow paper; TAIR locus -> UniProt mapped, coordinate-verified in registered proteome v2
AT3G08510	arabidopsis	334	s-nitrosylation	C0Z2P3	C	verified	PMC12454217 MOESM2 (S-nitrosylation column)	Novel proteomics workflow paper; TAIR locus -> UniProt mapped, coordinate-verified in registered proteome v2
AT3G08530	arabidopsis	472	s-nitrosylation	Q0WLB5	C	verified	PMC12454217 MOESM2 (S-nitrosylation column)	Novel proteomics workflow paper; TAIR locus -> UniProt mapped, coordinate-verified in registered proteome v2
AT3G08580	arabidopsis	130	s-nitrosylation	C0Z2I5	C	verified	PMC12454217 MOESM2 (S-nitrosylation column)	Novel proteomics workflow paper; TAIR locus -> UniProt mapped, coordinate-verified in registered proteome v2
AT3G08590	arabidopsis	41	s-nitrosylation	Q9M9K1	C	verified	PMC12454217 MOESM2 (S-nitrosylation column)	Novel proteomics workflow paper; TAIR locus -> UniProt mapped, coordinate-verified in registered proteome v2
AT3G08640	arabidopsis	190	s-nitrosylation	Q9C9Z2	C	verified	PMC12454217 MOESM2 (S-nitrosylation column)	Novel proteomics workflow paper; TAIR locus -> UniProt mapped, coordinate-verified in registered proteome v2
AT3G08680	arabidopsis	446	s-nitrosylation	C0LGM8	C	verified	PMC12454217 MOESM2 (S-nitrosylation column)	Novel proteomics workflow paper; TAIR locus -> UniProt mapped, coordinate-verified in registered proteome v2
AT3G08690	arabidopsis	85	s-nitrosylation	P35134	C	verified	PMC12454217 MOESM2 (S-nitrosylation column)	Novel proteomics workflow paper; TAIR locus -> UniProt mapped, coordinate-verified in registered proteome v2
AT3G08700	arabidopsis	86	s-nitrosylation	Q9C9Y7	C	verified	PMC12454217 MOESM2 (S-nitrosylation column)	Novel proteomics workflow paper; TAIR locus -> UniProt mapped, coordinate-verified in registered proteome v2
AT3G08740	arabidopsis	162	s-nitrosylation	F4IXC2	C	verified	PMC12454217 MOESM2 (S-nitrosylation column)	Novel proteomics workflow paper; TAIR locus -> UniProt mapped, coordinate-verified in registered proteome v2
AT3G08840	arabidopsis	523	s-nitrosylation	A0A1I9LPE0	C	verified	PMC12454217 MOESM2 (S-nitrosylation column)	Novel proteomics workflow paper; TAIR locus -> UniProt mapped, coordinate-verified in registered proteome v2
AT3G08920	arabidopsis	142	s-nitrosylation	Q9SR92	C	verified	PMC12454217 MOESM2 (S-nitrosylation column)	Novel proteomics workflow paper; TAIR locus -> UniProt mapped, coordinate-verified in registered proteome v2
AT3G08940	arabidopsis	136	s-nitrosylation	Q9XF88	C	verified	PMC12454217 MOESM2 (S-nitrosylation column)	Novel proteomics workflow paper; TAIR locus -> UniProt mapped, coordinate-verified in registered proteome v2
AT3G08960	arabidopsis	811	s-nitrosylation	F4IYK6	C	verified	PMC12454217 MOESM2 (S-nitrosylation column)	Novel proteomics workflow paper; TAIR locus -> UniProt mapped, coordinate-verified in registered proteome v2
AT3G09200	arabidopsis	18	s-nitrosylation	A8MQR4	C	verified	PMC12454217 MOESM2 (S-nitrosylation column)	Novel proteomics workflow paper; TAIR locus -> UniProt mapped, coordinate-verified in registered proteome v2
AT3G09260	arabidopsis	73	s-nitrosylation	Q9SR37	C	verified	PMC12454217 MOESM2 (S-nitrosylation column)	Novel proteomics workflow paper; TAIR locus -> UniProt mapped, coordinate-verified in registered proteome v2
AT3G09300	arabidopsis	268	s-nitrosylation	Q9SR33	C	verified	PMC12454217 MOESM2 (S-nitrosylation column)	Novel proteomics workflow paper; TAIR locus -> UniProt mapped, coordinate-verified in registered proteome v2
AT3G09440	arabidopsis	20	s-nitrosylation	O65719	C	verified	PMC12454217 MOESM2 (S-nitrosylation column)	Novel proteomics workflow paper; TAIR locus -> UniProt mapped, coordinate-verified in registered proteome v2
AT3G09580	arabidopsis	233	s-nitrosylation	Q9SF45	C	verified	PMC12454217 MOESM2 (S-nitrosylation column)	Novel proteomics workflow paper; TAIR locus -> UniProt mapped, coordinate-verified in registered proteome v2
AT3G09630	arabidopsis	101	s-nitrosylation	Q2V3X4	C	verified	PMC12454217 MOESM2 (S-nitrosylation column)	Novel proteomics workflow paper; TAIR locus -> UniProt mapped, coordinate-verified in registered proteome v2
AT3G09670	arabidopsis	125	s-nitrosylation	Q9SF36	C	verified	PMC12454217 MOESM2 (S-nitrosylation column)	Novel proteomics workflow paper; TAIR locus -> UniProt mapped, coordinate-verified in registered proteome v2
AT3G09680	arabidopsis	89	s-nitrosylation	Q9SF35	C	verified	PMC12454217 MOESM2 (S-nitrosylation column)	Novel proteomics workflow paper; TAIR locus -> UniProt mapped, coordinate-verified in registered proteome v2
AT3G09770	arabidopsis	334	s-nitrosylation	F4J1B3	C	verified	PMC12454217 MOESM2 (S-nitrosylation column)	Novel proteomics workflow paper; TAIR locus -> UniProt mapped, coordinate-verified in registered proteome v2
AT3G09810	arabidopsis	139	s-nitrosylation	Q8LG77	C	verified	PMC12454217 MOESM2 (S-nitrosylation column)	Novel proteomics workflow paper; TAIR locus -> UniProt mapped, coordinate-verified in registered proteome v2
AT3G09820	arabidopsis	123	s-nitrosylation	Q9SF85	C	verified	PMC12454217 MOESM2 (S-nitrosylation column)	Novel proteomics workflow paper; TAIR locus -> UniProt mapped, coordinate-verified in registered proteome v2
AT3G09840	arabidopsis	81	s-nitrosylation	B9DI55	C	verified	PMC12454217 MOESM2 (S-nitrosylation column)	Novel proteomics workflow paper; TAIR locus -> UniProt mapped, coordinate-verified in registered proteome v2
AT3G09900	arabidopsis	30	s-nitrosylation	Q9SF91	C	verified	PMC12454217 MOESM2 (S-nitrosylation column)	Novel proteomics workflow paper; TAIR locus -> UniProt mapped, coordinate-verified in registered proteome v2
AT3G10050	arabidopsis	514	s-nitrosylation	Q8GUG5	C	verified	PMC12454217 MOESM2 (S-nitrosylation column)	Novel proteomics workflow paper; TAIR locus -> UniProt mapped, coordinate-verified in registered proteome v2
AT3G10160	arabidopsis	146	s-nitrosylation	F4J2K2	C	verified	PMC12454217 MOESM2 (S-nitrosylation column)	Novel proteomics workflow paper; TAIR locus -> UniProt mapped, coordinate-verified in registered proteome v2
AT3G10220	arabidopsis	214	s-nitrosylation	Q67Z52	C	verified	PMC12454217 MOESM2 (S-nitrosylation column)	Novel proteomics workflow paper; TAIR locus -> UniProt mapped, coordinate-verified in registered proteome v2
AT3G10230	arabidopsis	204	s-nitrosylation	Q38933	C	verified	PMC12454217 MOESM2 (S-nitrosylation column)	Novel proteomics workflow paper; TAIR locus -> UniProt mapped, coordinate-verified in registered proteome v2
AT3G10250	arabidopsis	24	s-nitrosylation	A0A1I9LTH1	C	verified	PMC12454217 MOESM2 (S-nitrosylation column)	Novel proteomics workflow paper; TAIR locus -> UniProt mapped, coordinate-verified in registered proteome v2
AT3G10260	arabidopsis	159	s-nitrosylation	Q9SS37	C	verified	PMC12454217 MOESM2 (S-nitrosylation column)	Novel proteomics workflow paper; TAIR locus -> UniProt mapped, coordinate-verified in registered proteome v2
AT3G10350	arabidopsis	134	s-nitrosylation	F4J3Q8	C	verified	PMC12454217 MOESM2 (S-nitrosylation column)	Novel proteomics workflow paper; TAIR locus -> UniProt mapped, coordinate-verified in registered proteome v2
AT3G10360	arabidopsis	902	s-nitrosylation	Q9SS47	C	verified	PMC12454217 MOESM2 (S-nitrosylation column)	Novel proteomics workflow paper; TAIR locus -> UniProt mapped, coordinate-verified in registered proteome v2
AT3G10370	arabidopsis	298	s-nitrosylation	Q9SS48	C	verified	PMC12454217 MOESM2 (S-nitrosylation column)	Novel proteomics workflow paper; TAIR locus -> UniProt mapped, coordinate-verified in registered proteome v2
AT3G10380	arabidopsis	359	s-nitrosylation	A0A1I9LSY6	C	verified	PMC12454217 MOESM2 (S-nitrosylation column)	Novel proteomics workflow paper; TAIR locus -> UniProt mapped, coordinate-verified in registered proteome v2
AT3G10520	arabidopsis	75	s-nitrosylation	O24521	C	verified	PMC12454217 MOESM2 (S-nitrosylation column)	Novel proteomics workflow paper; TAIR locus -> UniProt mapped, coordinate-verified in registered proteome v2
AT3G10650	arabidopsis	566	s-nitrosylation	Q9CAF4	C	verified	PMC12454217 MOESM2 (S-nitrosylation column)	Novel proteomics workflow paper; TAIR locus -> UniProt mapped, coordinate-verified in registered proteome v2
AT3G10690	arabidopsis	193	s-nitrosylation	Q9CAF6	C	verified	PMC12454217 MOESM2 (S-nitrosylation column)	Novel proteomics workflow paper; TAIR locus -> UniProt mapped, coordinate-verified in registered proteome v2
AT3G10700	arabidopsis	278	s-nitrosylation	A0A1I9LP31	C	verified	PMC12454217 MOESM2 (S-nitrosylation column)	Novel proteomics workflow paper; TAIR locus -> UniProt mapped, coordinate-verified in registered proteome v2
AT3G10740	arabidopsis	150	s-nitrosylation	A0A1I9LPN8	C	verified	PMC12454217 MOESM2 (S-nitrosylation column)	Novel proteomics workflow paper; TAIR locus -> UniProt mapped, coordinate-verified in registered proteome v2
AT3G10840	arabidopsis	222	s-nitrosylation	A4IJ41	C	verified	PMC12454217 MOESM2 (S-nitrosylation column)	Novel proteomics workflow paper; TAIR locus -> UniProt mapped, coordinate-verified in registered proteome v2
AT3G10850	arabidopsis	8	s-nitrosylation	O24496	C	verified	PMC12454217 MOESM2 (S-nitrosylation column)	Novel proteomics workflow paper; TAIR locus -> UniProt mapped, coordinate-verified in registered proteome v2
AT3G10940	arabidopsis	193	s-nitrosylation	Q9SRK5	C	verified	PMC12454217 MOESM2 (S-nitrosylation column)	Novel proteomics workflow paper; TAIR locus -> UniProt mapped, coordinate-verified in registered proteome v2
AT3G11130	arabidopsis	472	s-nitrosylation	Q0WNJ6	C	verified	PMC12454217 MOESM2 (S-nitrosylation column)	Novel proteomics workflow paper; TAIR locus -> UniProt mapped, coordinate-verified in registered proteome v2
AT3G11250	arabidopsis	18	s-nitrosylation	P57691	C	verified	PMC12454217 MOESM2 (S-nitrosylation column)	Novel proteomics workflow paper; TAIR locus -> UniProt mapped, coordinate-verified in registered proteome v2
AT3G11330	arabidopsis	137	s-nitrosylation	Q8VYG9	C	verified	PMC12454217 MOESM2 (S-nitrosylation column)	Novel proteomics workflow paper; TAIR locus -> UniProt mapped, coordinate-verified in registered proteome v2
AT3G11400	arabidopsis	166	s-nitrosylation	F4J6A1	C	verified	PMC12454217 MOESM2 (S-nitrosylation column)	Novel proteomics workflow paper; TAIR locus -> UniProt mapped, coordinate-verified in registered proteome v2
AT3G11510	arabidopsis	84	s-nitrosylation	Q9CAX6	C	verified	PMC12454217 MOESM2 (S-nitrosylation column)	Novel proteomics workflow paper; TAIR locus -> UniProt mapped, coordinate-verified in registered proteome v2
AT3G11560	arabidopsis	269	s-nitrosylation	F4J7C9	C	verified	PMC12454217 MOESM2 (S-nitrosylation column)	Novel proteomics workflow paper; TAIR locus -> UniProt mapped, coordinate-verified in registered proteome v2
AT3G11630	arabidopsis	241	s-nitrosylation	Q96291	C	verified	PMC12454217 MOESM2 (S-nitrosylation column)	Novel proteomics workflow paper; TAIR locus -> UniProt mapped, coordinate-verified in registered proteome v2
AT3G11660	arabidopsis	177	s-nitrosylation	Q9SRN0	C	verified	PMC12454217 MOESM2 (S-nitrosylation column)	Novel proteomics workflow paper; TAIR locus -> UniProt mapped, coordinate-verified in registered proteome v2
AT3G11710	arabidopsis	461	s-nitrosylation	Q9ZPI1	C	verified	PMC12454217 MOESM2 (S-nitrosylation column)	Novel proteomics workflow paper; TAIR locus -> UniProt mapped, coordinate-verified in registered proteome v2
AT3G11730	arabidopsis	23	s-nitrosylation	Q9ZRE2	C	verified	PMC12454217 MOESM2 (S-nitrosylation column)	Novel proteomics workflow paper; TAIR locus -> UniProt mapped, coordinate-verified in registered proteome v2
AT3G11820	arabidopsis	71	s-nitrosylation	Q9ZSD4	C	verified	PMC12454217 MOESM2 (S-nitrosylation column)	Novel proteomics workflow paper; TAIR locus -> UniProt mapped, coordinate-verified in registered proteome v2
AT3G11830	arabidopsis	32	s-nitrosylation	Q9SF16	C	verified	PMC12454217 MOESM2 (S-nitrosylation column)	Novel proteomics workflow paper; TAIR locus -> UniProt mapped, coordinate-verified in registered proteome v2
AT3G11910	arabidopsis	530	s-nitrosylation	Q84WU2	C	verified	PMC12454217 MOESM2 (S-nitrosylation column)	Novel proteomics workflow paper; TAIR locus -> UniProt mapped, coordinate-verified in registered proteome v2
AT3G11930	arabidopsis	127	s-nitrosylation	B9DG73	C	verified	PMC12454217 MOESM2 (S-nitrosylation column)	Novel proteomics workflow paper; TAIR locus -> UniProt mapped, coordinate-verified in registered proteome v2
AT3G11940	arabidopsis	69	s-nitrosylation	P51427	C	verified	PMC12454217 MOESM2 (S-nitrosylation column)	Novel proteomics workflow paper; TAIR locus -> UniProt mapped, coordinate-verified in registered proteome v2
AT3G11945	arabidopsis	101	s-nitrosylation	F4J8K0	C	verified	PMC12454217 MOESM2 (S-nitrosylation column)	Novel proteomics workflow paper; TAIR locus -> UniProt mapped, coordinate-verified in registered proteome v2
AT3G12110	arabidopsis	12	s-nitrosylation	P53496	C	verified	PMC12454217 MOESM2 (S-nitrosylation column)	Novel proteomics workflow paper; TAIR locus -> UniProt mapped, coordinate-verified in registered proteome v2
AT3G12270	arabidopsis	556	s-nitrosylation	Q0WVD6	C	verified	PMC12454217 MOESM2 (S-nitrosylation column)	Novel proteomics workflow paper; TAIR locus -> UniProt mapped, coordinate-verified in registered proteome v2
AT3G12290	arabidopsis	64	s-nitrosylation	Q9LHH7	C	verified	PMC12454217 MOESM2 (S-nitrosylation column)	Novel proteomics workflow paper; TAIR locus -> UniProt mapped, coordinate-verified in registered proteome v2
AT3G12490	arabidopsis	105	s-nitrosylation	A0A2H1ZEH9	C	verified	PMC12454217 MOESM2 (S-nitrosylation column)	Novel proteomics workflow paper; TAIR locus -> UniProt mapped, coordinate-verified in registered proteome v2
AT3G12490	arabidopsis	138	s-nitrosylation	Q8H0X6	C	verified	PMC12454217 MOESM2 (S-nitrosylation column)	Novel proteomics workflow paper; TAIR locus -> UniProt mapped, coordinate-verified in registered proteome v2
AT3G12580	arabidopsis	20	s-nitrosylation	Q9LHA8	C	verified	PMC12454217 MOESM2 (S-nitrosylation column)	Novel proteomics workflow paper; TAIR locus -> UniProt mapped, coordinate-verified in registered proteome v2
AT3G12780	arabidopsis	173	s-nitrosylation	Q9LD57	C	verified	PMC12454217 MOESM2 (S-nitrosylation column)	Novel proteomics workflow paper; TAIR locus -> UniProt mapped, coordinate-verified in registered proteome v2
AT3G12800	arabidopsis	128	s-nitrosylation	Q9LTV6	C	verified	PMC12454217 MOESM2 (S-nitrosylation column)	Novel proteomics workflow paper; TAIR locus -> UniProt mapped, coordinate-verified in registered proteome v2
AT3G12915	arabidopsis	136	s-nitrosylation	F4JB06	C	verified	PMC12454217 MOESM2 (S-nitrosylation column)	Novel proteomics workflow paper; TAIR locus -> UniProt mapped, coordinate-verified in registered proteome v2
AT3G13080	arabidopsis	619	s-nitrosylation	A0A1I9LTU2	C	verified	PMC12454217 MOESM2 (S-nitrosylation column)	Novel proteomics workflow paper; TAIR locus -> UniProt mapped, coordinate-verified in registered proteome v2
AT3G13110	arabidopsis	227	s-nitrosylation	Q39218	C	verified	PMC12454217 MOESM2 (S-nitrosylation column)	Novel proteomics workflow paper; TAIR locus -> UniProt mapped, coordinate-verified in registered proteome v2
AT3G13120	arabidopsis	111	s-nitrosylation	Q9LK61	C	verified	PMC12454217 MOESM2 (S-nitrosylation column)	Novel proteomics workflow paper; TAIR locus -> UniProt mapped, coordinate-verified in registered proteome v2
AT3G13160	arabidopsis	340	s-nitrosylation	Q9LK57	C	verified	PMC12454217 MOESM2 (S-nitrosylation column)	Novel proteomics workflow paper; TAIR locus -> UniProt mapped, coordinate-verified in registered proteome v2
AT3G13235	arabidopsis	298	s-nitrosylation	Q1EBV4	C	verified	PMC12454217 MOESM2 (S-nitrosylation column)	Novel proteomics workflow paper; TAIR locus -> UniProt mapped, coordinate-verified in registered proteome v2
AT3G13290	arabidopsis	324	s-nitrosylation	Q9LTT9	C	verified	PMC12454217 MOESM2 (S-nitrosylation column)	Novel proteomics workflow paper; TAIR locus -> UniProt mapped, coordinate-verified in registered proteome v2
AT3G13300	arabidopsis	340	s-nitrosylation	A0A1I9LRS8	C	verified	PMC12454217 MOESM2 (S-nitrosylation column)	Novel proteomics workflow paper; TAIR locus -> UniProt mapped, coordinate-verified in registered proteome v2
AT3G13330	arabidopsis	361	s-nitrosylation	F4JC97	C	verified	PMC12454217 MOESM2 (S-nitrosylation column)	Novel proteomics workflow paper; TAIR locus -> UniProt mapped, coordinate-verified in registered proteome v2
AT3G13360	arabidopsis	380	s-nitrosylation	A0A1I9LSR4	C	verified	PMC12454217 MOESM2 (S-nitrosylation column)	Novel proteomics workflow paper; TAIR locus -> UniProt mapped, coordinate-verified in registered proteome v2
AT3G13460	arabidopsis	587	s-nitrosylation	Q9LJE5	C	verified	PMC12454217 MOESM2 (S-nitrosylation column)	Novel proteomics workflow paper; TAIR locus -> UniProt mapped, coordinate-verified in registered proteome v2
AT3G13470	arabidopsis	467	s-nitrosylation	Q9LJE4	C	verified	PMC12454217 MOESM2 (S-nitrosylation column)	Novel proteomics workflow paper; TAIR locus -> UniProt mapped, coordinate-verified in registered proteome v2
AT3G13490	arabidopsis	496	s-nitrosylation	Q9LJE2	C	verified	PMC12454217 MOESM2 (S-nitrosylation column)	Novel proteomics workflow paper; TAIR locus -> UniProt mapped, coordinate-verified in registered proteome v2
AT3G13530	arabidopsis	596	s-nitrosylation	Q9LJD8	C	verified	PMC12454217 MOESM2 (S-nitrosylation column)	Novel proteomics workflow paper; TAIR locus -> UniProt mapped, coordinate-verified in registered proteome v2
AT3G13560	arabidopsis	426	s-nitrosylation	C0Z3I1	C	verified	PMC12454217 MOESM2 (S-nitrosylation column)	Novel proteomics workflow paper; TAIR locus -> UniProt mapped, coordinate-verified in registered proteome v2
AT3G13750	arabidopsis	349	s-nitrosylation	Q9SCW1	C	verified	PMC12454217 MOESM2 (S-nitrosylation column)	Novel proteomics workflow paper; TAIR locus -> UniProt mapped, coordinate-verified in registered proteome v2
AT3G13772	arabidopsis	104	s-nitrosylation	Q9LIC2	C	verified	PMC12454217 MOESM2 (S-nitrosylation column)	Novel proteomics workflow paper; TAIR locus -> UniProt mapped, coordinate-verified in registered proteome v2
AT3G13790	arabidopsis	247	s-nitrosylation	Q43866	C	verified	PMC12454217 MOESM2 (S-nitrosylation column)	Novel proteomics workflow paper; TAIR locus -> UniProt mapped, coordinate-verified in registered proteome v2
AT3G13800	arabidopsis	141	s-nitrosylation	A0A1I9LM57	C	verified	PMC12454217 MOESM2 (S-nitrosylation column)	Novel proteomics workflow paper; TAIR locus -> UniProt mapped, coordinate-verified in registered proteome v2
AT3G13860	arabidopsis	243	s-nitrosylation	Q93ZM7	C	verified	PMC12454217 MOESM2 (S-nitrosylation column)	Novel proteomics workflow paper; TAIR locus -> UniProt mapped, coordinate-verified in registered proteome v2
AT3G13870	arabidopsis	645	s-nitrosylation	P93042	C	verified	PMC12454217 MOESM2 (S-nitrosylation column)	Novel proteomics workflow paper; TAIR locus -> UniProt mapped, coordinate-verified in registered proteome v2
AT3G13920	arabidopsis	12	s-nitrosylation	A8MRZ7	C	verified	PMC12454217 MOESM2 (S-nitrosylation column)	Novel proteomics workflow paper; TAIR locus -> UniProt mapped, coordinate-verified in registered proteome v2
AT3G13920	arabidopsis	69	s-nitrosylation	F4JEL5	C	verified	PMC12454217 MOESM2 (S-nitrosylation column)	Novel proteomics workflow paper; TAIR locus -> UniProt mapped, coordinate-verified in registered proteome v2
AT3G13930	arabidopsis	342	s-nitrosylation	Q8RWN9	C	verified	PMC12454217 MOESM2 (S-nitrosylation column)	Novel proteomics workflow paper; TAIR locus -> UniProt mapped, coordinate-verified in registered proteome v2
AT3G13990	arabidopsis	470	s-nitrosylation	F4JEM4	C	verified	PMC12454217 MOESM2 (S-nitrosylation column)	Novel proteomics workflow paper; TAIR locus -> UniProt mapped, coordinate-verified in registered proteome v2
AT3G14067	arabidopsis	168	s-nitrosylation	Q9LVJ1	C	verified	PMC12454217 MOESM2 (S-nitrosylation column)	Novel proteomics workflow paper; TAIR locus -> UniProt mapped, coordinate-verified in registered proteome v2
AT3G14080	arabidopsis	52	s-nitrosylation	A0A178VDM0	C	verified	PMC12454217 MOESM2 (S-nitrosylation column)	Novel proteomics workflow paper; TAIR locus -> UniProt mapped, coordinate-verified in registered proteome v2
AT3G14100	arabidopsis	217	s-nitrosylation	Q9LJH8	C	verified	PMC12454217 MOESM2 (S-nitrosylation column)	Novel proteomics workflow paper; TAIR locus -> UniProt mapped, coordinate-verified in registered proteome v2
AT3G14110	arabidopsis	293	s-nitrosylation	F4JFR1	C	verified	PMC12454217 MOESM2 (S-nitrosylation column)	Novel proteomics workflow paper; TAIR locus -> UniProt mapped, coordinate-verified in registered proteome v2
AT3G14210	arabidopsis	215	s-nitrosylation	Q9LJG3	C	verified	PMC12454217 MOESM2 (S-nitrosylation column)	Novel proteomics workflow paper; TAIR locus -> UniProt mapped, coordinate-verified in registered proteome v2
AT3G14240	arabidopsis	404	s-nitrosylation	Q9LUM3	C	verified	PMC12454217 MOESM2 (S-nitrosylation column)	Novel proteomics workflow paper; TAIR locus -> UniProt mapped, coordinate-verified in registered proteome v2
AT3G14310	arabidopsis	178	s-nitrosylation	O49006	C	verified	PMC12454217 MOESM2 (S-nitrosylation column)	Novel proteomics workflow paper; TAIR locus -> UniProt mapped, coordinate-verified in registered proteome v2
AT3G14390	arabidopsis	77	s-nitrosylation	Q949X7	C	verified	PMC12454217 MOESM2 (S-nitrosylation column)	Novel proteomics workflow paper; TAIR locus -> UniProt mapped, coordinate-verified in registered proteome v2
AT3G14415	arabidopsis	343	s-nitrosylation	Q9LRS0	C	verified	PMC12454217 MOESM2 (S-nitrosylation column)	Novel proteomics workflow paper; TAIR locus -> UniProt mapped, coordinate-verified in registered proteome v2
AT3G14420	arabidopsis	343	s-nitrosylation	Q2V3V9	C	verified	PMC12454217 MOESM2 (S-nitrosylation column)	Novel proteomics workflow paper; TAIR locus -> UniProt mapped, coordinate-verified in registered proteome v2
AT3G14600	arabidopsis	122	s-nitrosylation	Q9LUD4	C	verified	PMC12454217 MOESM2 (S-nitrosylation column)	Novel proteomics workflow paper; TAIR locus -> UniProt mapped, coordinate-verified in registered proteome v2
AT3G14650	arabidopsis	218	s-nitrosylation	Q9LUC9	C	verified	PMC12454217 MOESM2 (S-nitrosylation column)	Novel proteomics workflow paper; TAIR locus -> UniProt mapped, coordinate-verified in registered proteome v2
AT3G14660	arabidopsis	460	s-nitrosylation	Q9LUC8	C	verified	PMC12454217 MOESM2 (S-nitrosylation column)	Novel proteomics workflow paper; TAIR locus -> UniProt mapped, coordinate-verified in registered proteome v2
AT3G14690	arabidopsis	495	s-nitrosylation	A0A1I9LLM3	C	verified	PMC12454217 MOESM2 (S-nitrosylation column)	Novel proteomics workflow paper; TAIR locus -> UniProt mapped, coordinate-verified in registered proteome v2
AT3G14790	arabidopsis	47	s-nitrosylation	A0A1I9LN83	C	verified	PMC12454217 MOESM2 (S-nitrosylation column)	Novel proteomics workflow paper; TAIR locus -> UniProt mapped, coordinate-verified in registered proteome v2
AT3G14930	arabidopsis	223	s-nitrosylation	Q93ZB6	C	verified	PMC12454217 MOESM2 (S-nitrosylation column)	Novel proteomics workflow paper; TAIR locus -> UniProt mapped, coordinate-verified in registered proteome v2
AT3G14940	arabidopsis	192	s-nitrosylation	Q84VW9	C	verified	PMC12454217 MOESM2 (S-nitrosylation column)	Novel proteomics workflow paper; TAIR locus -> UniProt mapped, coordinate-verified in registered proteome v2
AT3G14990	arabidopsis	49	s-nitrosylation	Q9FPF0	C	verified	PMC12454217 MOESM2 (S-nitrosylation column)	Novel proteomics workflow paper; TAIR locus -> UniProt mapped, coordinate-verified in registered proteome v2
AT3G15020	arabidopsis	267	s-nitrosylation	A8MQK3	C	verified	PMC12454217 MOESM2 (S-nitrosylation column)	Novel proteomics workflow paper; TAIR locus -> UniProt mapped, coordinate-verified in registered proteome v2
AT3G15090	arabidopsis	76	s-nitrosylation	Q9LK96	C	verified	PMC12454217 MOESM2 (S-nitrosylation column)	Novel proteomics workflow paper; TAIR locus -> UniProt mapped, coordinate-verified in registered proteome v2
AT3G15180	arabidopsis	508	s-nitrosylation	F4IXH9	C	verified	PMC12454217 MOESM2 (S-nitrosylation column)	Novel proteomics workflow paper; TAIR locus -> UniProt mapped, coordinate-verified in registered proteome v2
AT3G15260	arabidopsis	144	s-nitrosylation	Q9LDA7	C	verified	PMC12454217 MOESM2 (S-nitrosylation column)	Novel proteomics workflow paper; TAIR locus -> UniProt mapped, coordinate-verified in registered proteome v2
AT3G15290	arabidopsis	260	s-nitrosylation	Q7DZQ8	C	verified	PMC12454217 MOESM2 (S-nitrosylation column)	Novel proteomics workflow paper; TAIR locus -> UniProt mapped, coordinate-verified in registered proteome v2
AT3G15450	arabidopsis	89	s-nitrosylation	B9DG40	C	verified	PMC12454217 MOESM2 (S-nitrosylation column)	Novel proteomics workflow paper; TAIR locus -> UniProt mapped, coordinate-verified in registered proteome v2
AT3G15460	arabidopsis	59	s-nitrosylation	Q9LE16	C	verified	PMC12454217 MOESM2 (S-nitrosylation column)	Novel proteomics workflow paper; TAIR locus -> UniProt mapped, coordinate-verified in registered proteome v2
AT3G15590	arabidopsis	602	s-nitrosylation	Q9LRP6	C	verified	PMC12454217 MOESM2 (S-nitrosylation column)	Novel proteomics workflow paper; TAIR locus -> UniProt mapped, coordinate-verified in registered proteome v2
AT3G15610	arabidopsis	68	s-nitrosylation	Q7DXW5	C	verified	PMC12454217 MOESM2 (S-nitrosylation column)	Novel proteomics workflow paper; TAIR locus -> UniProt mapped, coordinate-verified in registered proteome v2
AT3G15640	arabidopsis	122	s-nitrosylation	Q9LW15	C	verified	PMC12454217 MOESM2 (S-nitrosylation column)	Novel proteomics workflow paper; TAIR locus -> UniProt mapped, coordinate-verified in registered proteome v2
AT3G15660	arabidopsis	91	s-nitrosylation	Q8LBK6	C	verified	PMC12454217 MOESM2 (S-nitrosylation column)	Novel proteomics workflow paper; TAIR locus -> UniProt mapped, coordinate-verified in registered proteome v2
AT3G15690	arabidopsis	213	s-nitrosylation	F4J016	C	verified	PMC12454217 MOESM2 (S-nitrosylation column)	Novel proteomics workflow paper; TAIR locus -> UniProt mapped, coordinate-verified in registered proteome v2
AT3G15730	arabidopsis	211	s-nitrosylation	Q38882	C	verified	PMC12454217 MOESM2 (S-nitrosylation column)	Novel proteomics workflow paper; TAIR locus -> UniProt mapped, coordinate-verified in registered proteome v2
AT3G15810	arabidopsis	148	s-nitrosylation	Q9LVZ8	C	verified	PMC12454217 MOESM2 (S-nitrosylation column)	Novel proteomics workflow paper; TAIR locus -> UniProt mapped, coordinate-verified in registered proteome v2
AT3G15840	arabidopsis	149	s-nitrosylation	B3H4M0	C	verified	PMC12454217 MOESM2 (S-nitrosylation column)	Novel proteomics workflow paper; TAIR locus -> UniProt mapped, coordinate-verified in registered proteome v2
AT3G15880	arabidopsis	186	s-nitrosylation	F4J043	C	verified	PMC12454217 MOESM2 (S-nitrosylation column)	Novel proteomics workflow paper; TAIR locus -> UniProt mapped, coordinate-verified in registered proteome v2
AT3G15980	arabidopsis	190	s-nitrosylation	A0A1I9LTK3	C	verified	PMC12454217 MOESM2 (S-nitrosylation column)	Novel proteomics workflow paper; TAIR locus -> UniProt mapped, coordinate-verified in registered proteome v2
AT3G16060	arabidopsis	198	s-nitrosylation	Q940Y8	C	verified	PMC12454217 MOESM2 (S-nitrosylation column)	Novel proteomics workflow paper; TAIR locus -> UniProt mapped, coordinate-verified in registered proteome v2
AT3G16170	arabidopsis	218	s-nitrosylation	Q8H151	C	verified	PMC12454217 MOESM2 (S-nitrosylation column)	Novel proteomics workflow paper; TAIR locus -> UniProt mapped, coordinate-verified in registered proteome v2
AT3G16250	arabidopsis	162	s-nitrosylation	Q9LU21	C	verified	PMC12454217 MOESM2 (S-nitrosylation column)	Novel proteomics workflow paper; TAIR locus -> UniProt mapped, coordinate-verified in registered proteome v2
AT3G16270	arabidopsis	37	s-nitrosylation	Q9C5H4	C	verified	PMC12454217 MOESM2 (S-nitrosylation column)	Novel proteomics workflow paper; TAIR locus -> UniProt mapped, coordinate-verified in registered proteome v2
AT3G16290	arabidopsis	799	s-nitrosylation	A8MPR5	C	verified	PMC12454217 MOESM2 (S-nitrosylation column)	Novel proteomics workflow paper; TAIR locus -> UniProt mapped, coordinate-verified in registered proteome v2
AT3G16340	arabidopsis	306	s-nitrosylation	F4J1I6	C	verified	PMC12454217 MOESM2 (S-nitrosylation column)	Novel proteomics workflow paper; TAIR locus -> UniProt mapped, coordinate-verified in registered proteome v2
AT3G16400	arabidopsis	167	s-nitrosylation	Q9SDM9	C	verified	PMC12454217 MOESM2 (S-nitrosylation column)	Novel proteomics workflow paper; TAIR locus -> UniProt mapped, coordinate-verified in registered proteome v2
AT3G16410	arabidopsis	458	s-nitrosylation	O04316	C	verified	PMC12454217 MOESM2 (S-nitrosylation column)	Novel proteomics workflow paper; TAIR locus -> UniProt mapped, coordinate-verified in registered proteome v2
AT3G16470	arabidopsis	339	s-nitrosylation	O04309	C	verified	PMC12454217 MOESM2 (S-nitrosylation column)	Novel proteomics workflow paper; TAIR locus -> UniProt mapped, coordinate-verified in registered proteome v2
AT3G16520	arabidopsis	233	s-nitrosylation	Q9LK73	C	verified	PMC12454217 MOESM2 (S-nitrosylation column)	Novel proteomics workflow paper; TAIR locus -> UniProt mapped, coordinate-verified in registered proteome v2
AT3G16830	arabidopsis	186	s-nitrosylation	Q9LRZ0	C	verified	PMC12454217 MOESM2 (S-nitrosylation column)	Novel proteomics workflow paper; TAIR locus -> UniProt mapped, coordinate-verified in registered proteome v2
AT3G16910	arabidopsis	161	s-nitrosylation	Q8VZF1	C	verified	PMC12454217 MOESM2 (S-nitrosylation column)	Novel proteomics workflow paper; TAIR locus -> UniProt mapped, coordinate-verified in registered proteome v2
AT3G16940	arabidopsis	626	s-nitrosylation	A0A1I9LRY6	C	verified	PMC12454217 MOESM2 (S-nitrosylation column)	Novel proteomics workflow paper; TAIR locus -> UniProt mapped, coordinate-verified in registered proteome v2
AT3G16950	arabidopsis	124	s-nitrosylation	A8MS68	C	verified	PMC12454217 MOESM2 (S-nitrosylation column)	Novel proteomics workflow paper; TAIR locus -> UniProt mapped, coordinate-verified in registered proteome v2
AT3G16990	arabidopsis	165	s-nitrosylation	Q9ASY9	C	verified	PMC12454217 MOESM2 (S-nitrosylation column)	Novel proteomics workflow paper; TAIR locus -> UniProt mapped, coordinate-verified in registered proteome v2
AT3G17020	arabidopsis	18	s-nitrosylation	A0A1I9LPQ2	C	verified	PMC12454217 MOESM2 (S-nitrosylation column)	Novel proteomics workflow paper; TAIR locus -> UniProt mapped, coordinate-verified in registered proteome v2
AT3G17240	arabidopsis	87	s-nitrosylation	Q9M5K2	C	verified	PMC12454217 MOESM2 (S-nitrosylation column)	Novel proteomics workflow paper; TAIR locus -> UniProt mapped, coordinate-verified in registered proteome v2
AT3G17390	arabidopsis	20	s-nitrosylation	Q9LUT2	C	verified	PMC12454217 MOESM2 (S-nitrosylation column)	Novel proteomics workflow paper; TAIR locus -> UniProt mapped, coordinate-verified in registered proteome v2
AT3G17810	arabidopsis	191	s-nitrosylation	Q9LVI9	C	verified	PMC12454217 MOESM2 (S-nitrosylation column)	Novel proteomics workflow paper; TAIR locus -> UniProt mapped, coordinate-verified in registered proteome v2
AT3G17820	arabidopsis	92	s-nitrosylation	Q9LVI8	C	verified	PMC12454217 MOESM2 (S-nitrosylation column)	Novel proteomics workflow paper; TAIR locus -> UniProt mapped, coordinate-verified in registered proteome v2
AT3G17900	arabidopsis	272	s-nitrosylation	A0A1I9LPT5	C	verified	PMC12454217 MOESM2 (S-nitrosylation column)	Novel proteomics workflow paper; TAIR locus -> UniProt mapped, coordinate-verified in registered proteome v2
AT3G17940	arabidopsis	247	s-nitrosylation	Q9LVH6	C	verified	PMC12454217 MOESM2 (S-nitrosylation column)	Novel proteomics workflow paper; TAIR locus -> UniProt mapped, coordinate-verified in registered proteome v2
AT3G17970	arabidopsis	107	s-nitrosylation	Q9LVH5	C	verified	PMC12454217 MOESM2 (S-nitrosylation column)	Novel proteomics workflow paper; TAIR locus -> UniProt mapped, coordinate-verified in registered proteome v2
AT3G18000	arabidopsis	189	s-nitrosylation	Q9FR44	C	verified	PMC12454217 MOESM2 (S-nitrosylation column)	Novel proteomics workflow paper; TAIR locus -> UniProt mapped, coordinate-verified in registered proteome v2
AT3G18040	arabidopsis	275	s-nitrosylation	A0A1I9LRW0	C	verified	PMC12454217 MOESM2 (S-nitrosylation column)	Novel proteomics workflow paper; TAIR locus -> UniProt mapped, coordinate-verified in registered proteome v2
AT3G18060	arabidopsis	163	s-nitrosylation	Q9LV35	C	verified	PMC12454217 MOESM2 (S-nitrosylation column)	Novel proteomics workflow paper; TAIR locus -> UniProt mapped, coordinate-verified in registered proteome v2
AT3G18080	arabidopsis	189	s-nitrosylation	Q9LV33	C	verified	PMC12454217 MOESM2 (S-nitrosylation column)	Novel proteomics workflow paper; TAIR locus -> UniProt mapped, coordinate-verified in registered proteome v2
AT3G18130	arabidopsis	138	s-nitrosylation	Q9LV28	C	verified	PMC12454217 MOESM2 (S-nitrosylation column)	Novel proteomics workflow paper; TAIR locus -> UniProt mapped, coordinate-verified in registered proteome v2
AT3G18190	arabidopsis	116	s-nitrosylation	Q9LV21	C	verified	PMC12454217 MOESM2 (S-nitrosylation column)	Novel proteomics workflow paper; TAIR locus -> UniProt mapped, coordinate-verified in registered proteome v2
AT3G18370	arabidopsis	684	s-nitrosylation	F4J7N5	C	verified	PMC12454217 MOESM2 (S-nitrosylation column)	Novel proteomics workflow paper; TAIR locus -> UniProt mapped, coordinate-verified in registered proteome v2
AT3G18490	arabidopsis	271	s-nitrosylation	Q9LS40	C	verified	PMC12454217 MOESM2 (S-nitrosylation column)	Novel proteomics workflow paper; TAIR locus -> UniProt mapped, coordinate-verified in registered proteome v2
AT3G18680	arabidopsis	156	s-nitrosylation	A0A1I9LRT3	C	verified	PMC12454217 MOESM2 (S-nitrosylation column)	Novel proteomics workflow paper; TAIR locus -> UniProt mapped, coordinate-verified in registered proteome v2
AT3G18740	arabidopsis	52	s-nitrosylation	Q9LSA3	C	verified	PMC12454217 MOESM2 (S-nitrosylation column)	Novel proteomics workflow paper; TAIR locus -> UniProt mapped, coordinate-verified in registered proteome v2
AT3G18780	arabidopsis	12	s-nitrosylation	B9DHA3	C	verified	PMC12454217 MOESM2 (S-nitrosylation column)	Novel proteomics workflow paper; TAIR locus -> UniProt mapped, coordinate-verified in registered proteome v2
AT3G18820	arabidopsis	146	s-nitrosylation	Q9LS94	C	verified	PMC12454217 MOESM2 (S-nitrosylation column)	Novel proteomics workflow paper; TAIR locus -> UniProt mapped, coordinate-verified in registered proteome v2
AT3G18860	arabidopsis	27	s-nitrosylation	F4J9W8	C	verified	PMC12454217 MOESM2 (S-nitrosylation column)	Novel proteomics workflow paper; TAIR locus -> UniProt mapped, coordinate-verified in registered proteome v2
AT3G18890	arabidopsis	148	s-nitrosylation	Q8H0U5	C	verified	PMC12454217 MOESM2 (S-nitrosylation column)	Novel proteomics workflow paper; TAIR locus -> UniProt mapped, coordinate-verified in registered proteome v2
AT3G19000	arabidopsis	210	s-nitrosylation	F4J9Y8	C	verified	PMC12454217 MOESM2 (S-nitrosylation column)	Novel proteomics workflow paper; TAIR locus -> UniProt mapped, coordinate-verified in registered proteome v2
AT3G19010	arabidopsis	53	s-nitrosylation	F4J9Y9	C	verified	PMC12454217 MOESM2 (S-nitrosylation column)	Novel proteomics workflow paper; TAIR locus -> UniProt mapped, coordinate-verified in registered proteome v2
AT3G19130	arabidopsis	358	s-nitrosylation	Q0WW84	C	verified	PMC12454217 MOESM2 (S-nitrosylation column)	Novel proteomics workflow paper; TAIR locus -> UniProt mapped, coordinate-verified in registered proteome v2
AT3G19170	arabidopsis	118	s-nitrosylation	F4JA10	C	verified	PMC12454217 MOESM2 (S-nitrosylation column)	Novel proteomics workflow paper; TAIR locus -> UniProt mapped, coordinate-verified in registered proteome v2
AT3G19340	arabidopsis	387	s-nitrosylation	F4JB62	C	verified	PMC12454217 MOESM2 (S-nitrosylation column)	Novel proteomics workflow paper; TAIR locus -> UniProt mapped, coordinate-verified in registered proteome v2
AT3G19450	arabidopsis	314	s-nitrosylation	P48523	C	verified	PMC12454217 MOESM2 (S-nitrosylation column)	Novel proteomics workflow paper; TAIR locus -> UniProt mapped, coordinate-verified in registered proteome v2
AT3G19480	arabidopsis	87	s-nitrosylation	Q9LT69	C	verified	PMC12454217 MOESM2 (S-nitrosylation column)	Novel proteomics workflow paper; TAIR locus -> UniProt mapped, coordinate-verified in registered proteome v2
AT3G19710	arabidopsis	40	s-nitrosylation	Q9LE06	C	verified	PMC12454217 MOESM2 (S-nitrosylation column)	Novel proteomics workflow paper; TAIR locus -> UniProt mapped, coordinate-verified in registered proteome v2
AT3G19720	arabidopsis	136	s-nitrosylation	F4JCC8	C	verified	PMC12454217 MOESM2 (S-nitrosylation column)	Novel proteomics workflow paper; TAIR locus -> UniProt mapped, coordinate-verified in registered proteome v2
AT3G19760	arabidopsis	165	s-nitrosylation	Q94A52	C	verified	PMC12454217 MOESM2 (S-nitrosylation column)	Novel proteomics workflow paper; TAIR locus -> UniProt mapped, coordinate-verified in registered proteome v2
AT3G19820	arabidopsis	86	s-nitrosylation	Q39085	C	verified	PMC12454217 MOESM2 (S-nitrosylation column)	Novel proteomics workflow paper; TAIR locus -> UniProt mapped, coordinate-verified in registered proteome v2
AT3G19980	arabidopsis	25	s-nitrosylation	Q9LHE7	C	verified	PMC12454217 MOESM2 (S-nitrosylation column)	Novel proteomics workflow paper; TAIR locus -> UniProt mapped, coordinate-verified in registered proteome v2
AT3G19990	arabidopsis	366	s-nitrosylation	Q9LHE6	C	verified	PMC12454217 MOESM2 (S-nitrosylation column)	Novel proteomics workflow paper; TAIR locus -> UniProt mapped, coordinate-verified in registered proteome v2
AT3G20050	arabidopsis	28	s-nitrosylation	P28769	C	verified	PMC12454217 MOESM2 (S-nitrosylation column)	Novel proteomics workflow paper; TAIR locus -> UniProt mapped, coordinate-verified in registered proteome v2
AT3G20320	arabidopsis	142	s-nitrosylation	Q9LTR2	C	verified	PMC12454217 MOESM2 (S-nitrosylation column)	Novel proteomics workflow paper; TAIR locus -> UniProt mapped, coordinate-verified in registered proteome v2
AT3G20330	arabidopsis	303	s-nitrosylation	P49077	C	verified	PMC12454217 MOESM2 (S-nitrosylation column)	Novel proteomics workflow paper; TAIR locus -> UniProt mapped, coordinate-verified in registered proteome v2
AT3G20370	arabidopsis	212	s-nitrosylation	Q9LTQ5	C	verified	PMC12454217 MOESM2 (S-nitrosylation column)	Novel proteomics workflow paper; TAIR locus -> UniProt mapped, coordinate-verified in registered proteome v2
AT3G20390	arabidopsis	251	s-nitrosylation	A0A1I9LS34	C	verified	PMC12454217 MOESM2 (S-nitrosylation column)	Novel proteomics workflow paper; TAIR locus -> UniProt mapped, coordinate-verified in registered proteome v2
AT3G20410	arabidopsis	108	s-nitrosylation	Q38868	C	verified	PMC12454217 MOESM2 (S-nitrosylation column)	Novel proteomics workflow paper; TAIR locus -> UniProt mapped, coordinate-verified in registered proteome v2
AT3G20500	arabidopsis	123	s-nitrosylation	Q9LJU7	C	verified	PMC12454217 MOESM2 (S-nitrosylation column)	Novel proteomics workflow paper; TAIR locus -> UniProt mapped, coordinate-verified in registered proteome v2
AT3G20630	arabidopsis	453	s-nitrosylation	Q8L6Y1	C	verified	PMC12454217 MOESM2 (S-nitrosylation column)	Novel proteomics workflow paper; TAIR locus -> UniProt mapped, coordinate-verified in registered proteome v2
AT3G20790	arabidopsis	133	s-nitrosylation	F4JET4	C	verified	PMC12454217 MOESM2 (S-nitrosylation column)	Novel proteomics workflow paper; TAIR locus -> UniProt mapped, coordinate-verified in registered proteome v2
AT3G20800	arabidopsis	281	s-nitrosylation	F4JET5	C	verified	PMC12454217 MOESM2 (S-nitrosylation column)	Novel proteomics workflow paper; TAIR locus -> UniProt mapped, coordinate-verified in registered proteome v2
AT3G20820	arabidopsis	99	s-nitrosylation	Q7ER50	C	verified	PMC12454217 MOESM2 (S-nitrosylation column)	Novel proteomics workflow paper; TAIR locus -> UniProt mapped, coordinate-verified in registered proteome v2
AT3G20970	arabidopsis	218	s-nitrosylation	F4IWC5	C	verified	PMC12454217 MOESM2 (S-nitrosylation column)	Novel proteomics workflow paper; TAIR locus -> UniProt mapped, coordinate-verified in registered proteome v2
AT3G21090	arabidopsis	280	s-nitrosylation	C0Z2H3	C	verified	PMC12454217 MOESM2 (S-nitrosylation column)	Novel proteomics workflow paper; TAIR locus -> UniProt mapped, coordinate-verified in registered proteome v2
AT3G21110	arabidopsis	93	s-nitrosylation	P38025	C	verified	PMC12454217 MOESM2 (S-nitrosylation column)	Novel proteomics workflow paper; TAIR locus -> UniProt mapped, coordinate-verified in registered proteome v2
AT3G21160	arabidopsis	361	s-nitrosylation	A0A1I9LRE8	C	verified	PMC12454217 MOESM2 (S-nitrosylation column)	Novel proteomics workflow paper; TAIR locus -> UniProt mapped, coordinate-verified in registered proteome v2
AT3G21200	arabidopsis	104	s-nitrosylation	Q9LU39	C	verified	PMC12454217 MOESM2 (S-nitrosylation column)	Novel proteomics workflow paper; TAIR locus -> UniProt mapped, coordinate-verified in registered proteome v2
AT3G21215	arabidopsis	232	s-nitrosylation	A0A1I9LPA1	C	verified	PMC12454217 MOESM2 (S-nitrosylation column)	Novel proteomics workflow paper; TAIR locus -> UniProt mapped, coordinate-verified in registered proteome v2
AT3G21250	arabidopsis	1278	s-nitrosylation	A0A1I9LPV5	C	verified	PMC12454217 MOESM2 (S-nitrosylation column)	Novel proteomics workflow paper; TAIR locus -> UniProt mapped, coordinate-verified in registered proteome v2
AT3G21360	arabidopsis	137	s-nitrosylation	Q9LIG0	C	verified	PMC12454217 MOESM2 (S-nitrosylation column)	Novel proteomics workflow paper; TAIR locus -> UniProt mapped, coordinate-verified in registered proteome v2
AT3G21750	arabidopsis	459	s-nitrosylation	Q9LSY9	C	verified	PMC12454217 MOESM2 (S-nitrosylation column)	Novel proteomics workflow paper; TAIR locus -> UniProt mapped, coordinate-verified in registered proteome v2
AT3G22060	arabidopsis	39	s-nitrosylation	Q9LRJ9	C	verified	PMC12454217 MOESM2 (S-nitrosylation column)	Novel proteomics workflow paper; TAIR locus -> UniProt mapped, coordinate-verified in registered proteome v2
AT3G22110	arabidopsis	74	s-nitrosylation	O81148	C	verified	PMC12454217 MOESM2 (S-nitrosylation column)	Novel proteomics workflow paper; TAIR locus -> UniProt mapped, coordinate-verified in registered proteome v2
AT3G22120	arabidopsis	339	s-nitrosylation	A0A1I9LSA3	C	verified	PMC12454217 MOESM2 (S-nitrosylation column)	Novel proteomics workflow paper; TAIR locus -> UniProt mapped, coordinate-verified in registered proteome v2
AT3G22220	arabidopsis	78	s-nitrosylation	Q9LIE1	C	verified	PMC12454217 MOESM2 (S-nitrosylation column)	Novel proteomics workflow paper; TAIR locus -> UniProt mapped, coordinate-verified in registered proteome v2
AT3G22310	arabidopsis	221	s-nitrosylation	A0A1I9LT07	C	verified	PMC12454217 MOESM2 (S-nitrosylation column)	Novel proteomics workflow paper; TAIR locus -> UniProt mapped, coordinate-verified in registered proteome v2
AT3G22320	arabidopsis	112	s-nitrosylation	O81098	C	verified	PMC12454217 MOESM2 (S-nitrosylation column)	Novel proteomics workflow paper; TAIR locus -> UniProt mapped, coordinate-verified in registered proteome v2
AT3G22330	arabidopsis	209	s-nitrosylation	Q9LUW5	C	verified	PMC12454217 MOESM2 (S-nitrosylation column)	Novel proteomics workflow paper; TAIR locus -> UniProt mapped, coordinate-verified in registered proteome v2
AT3G22590	arabidopsis	36	s-nitrosylation	Q9LJ87	C	verified	PMC12454217 MOESM2 (S-nitrosylation column)	Novel proteomics workflow paper; TAIR locus -> UniProt mapped, coordinate-verified in registered proteome v2
AT3G22850	arabidopsis	25	s-nitrosylation	Q7EPH1	C	verified	PMC12454217 MOESM2 (S-nitrosylation column)	Novel proteomics workflow paper; TAIR locus -> UniProt mapped, coordinate-verified in registered proteome v2
AT3G22880	arabidopsis	81	s-nitrosylation	A0A1I9LT97	C	verified	PMC12454217 MOESM2 (S-nitrosylation column)	Novel proteomics workflow paper; TAIR locus -> UniProt mapped, coordinate-verified in registered proteome v2
AT3G22890	arabidopsis	435	s-nitrosylation	Q9LIK9	C	verified	PMC12454217 MOESM2 (S-nitrosylation column)	Novel proteomics workflow paper; TAIR locus -> UniProt mapped, coordinate-verified in registered proteome v2
AT3G22960	arabidopsis	130	s-nitrosylation	Q9LIK0	C	verified	PMC12454217 MOESM2 (S-nitrosylation column)	Novel proteomics workflow paper; TAIR locus -> UniProt mapped, coordinate-verified in registered proteome v2
AT3G22990	arabidopsis	308	s-nitrosylation	Q9LS90	C	verified	PMC12454217 MOESM2 (S-nitrosylation column)	Novel proteomics workflow paper; TAIR locus -> UniProt mapped, coordinate-verified in registered proteome v2
AT3G23300	arabidopsis	82	s-nitrosylation	Q8H118	C	verified	PMC12454217 MOESM2 (S-nitrosylation column)	Novel proteomics workflow paper; TAIR locus -> UniProt mapped, coordinate-verified in registered proteome v2
AT3G23400	arabidopsis	216	s-nitrosylation	Q9LW57	C	verified	PMC12454217 MOESM2 (S-nitrosylation column)	Novel proteomics workflow paper; TAIR locus -> UniProt mapped, coordinate-verified in registered proteome v2
AT3G23490	arabidopsis	123	s-nitrosylation	O22683	C	verified	PMC12454217 MOESM2 (S-nitrosylation column)	Novel proteomics workflow paper; TAIR locus -> UniProt mapped, coordinate-verified in registered proteome v2
AT3G23570	arabidopsis	6	s-nitrosylation	F4J443	C	verified	PMC12454217 MOESM2 (S-nitrosylation column)	Novel proteomics workflow paper; TAIR locus -> UniProt mapped, coordinate-verified in registered proteome v2
AT3G23580	arabidopsis	151	s-nitrosylation	P50651	C	verified	PMC12454217 MOESM2 (S-nitrosylation column)	Novel proteomics workflow paper; TAIR locus -> UniProt mapped, coordinate-verified in registered proteome v2
AT3G23600	arabidopsis	7	s-nitrosylation	F4J447	C	verified	PMC12454217 MOESM2 (S-nitrosylation column)	Novel proteomics workflow paper; TAIR locus -> UniProt mapped, coordinate-verified in registered proteome v2
AT3G23660	arabidopsis	297	s-nitrosylation	F4J462	C	verified	PMC12454217 MOESM2 (S-nitrosylation column)	Novel proteomics workflow paper; TAIR locus -> UniProt mapped, coordinate-verified in registered proteome v2
AT3G23750	arabidopsis	836	s-nitrosylation	Q9LK43	C	verified	PMC12454217 MOESM2 (S-nitrosylation column)	Novel proteomics workflow paper; TAIR locus -> UniProt mapped, coordinate-verified in registered proteome v2
AT3G23790	arabidopsis	146	s-nitrosylation	Q9LK39	C	verified	PMC12454217 MOESM2 (S-nitrosylation column)	Novel proteomics workflow paper; TAIR locus -> UniProt mapped, coordinate-verified in registered proteome v2
AT3G23810	arabidopsis	42	s-nitrosylation	Q9LK36	C	verified	PMC12454217 MOESM2 (S-nitrosylation column)	Novel proteomics workflow paper; TAIR locus -> UniProt mapped, coordinate-verified in registered proteome v2
AT3G23820	arabidopsis	342	s-nitrosylation	Q9LIS3	C	verified	PMC12454217 MOESM2 (S-nitrosylation column)	Novel proteomics workflow paper; TAIR locus -> UniProt mapped, coordinate-verified in registered proteome v2
AT3G23830	arabidopsis	85	s-nitrosylation	Q9LIS2	C	verified	PMC12454217 MOESM2 (S-nitrosylation column)	Novel proteomics workflow paper; TAIR locus -> UniProt mapped, coordinate-verified in registered proteome v2
AT3G23920	arabidopsis	73	s-nitrosylation	Q9LIR6	C	verified	PMC12454217 MOESM2 (S-nitrosylation column)	Novel proteomics workflow paper; TAIR locus -> UniProt mapped, coordinate-verified in registered proteome v2
AT3G23940	arabidopsis	100	s-nitrosylation	Q9LIR4	C	verified	PMC12454217 MOESM2 (S-nitrosylation column)	Novel proteomics workflow paper; TAIR locus -> UniProt mapped, coordinate-verified in registered proteome v2
AT3G23990	arabidopsis	121	s-nitrosylation	P29197	C	verified	PMC12454217 MOESM2 (S-nitrosylation column)	Novel proteomics workflow paper; TAIR locus -> UniProt mapped, coordinate-verified in registered proteome v2
AT3G24170	arabidopsis	73	s-nitrosylation	P48641	C	verified	PMC12454217 MOESM2 (S-nitrosylation column)	Novel proteomics workflow paper; TAIR locus -> UniProt mapped, coordinate-verified in registered proteome v2
AT3G24200	arabidopsis	178	s-nitrosylation	F4J6I6	C	verified	PMC12454217 MOESM2 (S-nitrosylation column)	Novel proteomics workflow paper; TAIR locus -> UniProt mapped, coordinate-verified in registered proteome v2
AT3G24430	arabidopsis	102	s-nitrosylation	Q6STH5	C	verified	PMC12454217 MOESM2 (S-nitrosylation column)	Novel proteomics workflow paper; TAIR locus -> UniProt mapped, coordinate-verified in registered proteome v2
AT3G24503	arabidopsis	294	s-nitrosylation	Q56YU0	C	verified	PMC12454217 MOESM2 (S-nitrosylation column)	Novel proteomics workflow paper; TAIR locus -> UniProt mapped, coordinate-verified in registered proteome v2
AT3G24550	arabidopsis	396	s-nitrosylation	Q9LV48	C	verified	PMC12454217 MOESM2 (S-nitrosylation column)	Novel proteomics workflow paper; TAIR locus -> UniProt mapped, coordinate-verified in registered proteome v2
AT3G24590	arabidopsis	305	s-nitrosylation	A0A1I9LMR3	C	verified	PMC12454217 MOESM2 (S-nitrosylation column)	Novel proteomics workflow paper; TAIR locus -> UniProt mapped, coordinate-verified in registered proteome v2
AT3G24830	arabidopsis	8	s-nitrosylation	Q9LRX8	C	verified	PMC12454217 MOESM2 (S-nitrosylation column)	Novel proteomics workflow paper; TAIR locus -> UniProt mapped, coordinate-verified in registered proteome v2
AT3G24870	arabidopsis	1763	s-nitrosylation	F4J7T2	C	verified	PMC12454217 MOESM2 (S-nitrosylation column)	Novel proteomics workflow paper; TAIR locus -> UniProt mapped, coordinate-verified in registered proteome v2
AT3G25220	arabidopsis	100	s-nitrosylation	Q38935	C	verified	PMC12454217 MOESM2 (S-nitrosylation column)	Novel proteomics workflow paper; TAIR locus -> UniProt mapped, coordinate-verified in registered proteome v2
AT3G25230	arabidopsis	206	s-nitrosylation	B3H746	C	verified	PMC12454217 MOESM2 (S-nitrosylation column)	Novel proteomics workflow paper; TAIR locus -> UniProt mapped, coordinate-verified in registered proteome v2
AT3G25530	arabidopsis	36	s-nitrosylation	A0A1I9LPQ6	C	verified	PMC12454217 MOESM2 (S-nitrosylation column)	Novel proteomics workflow paper; TAIR locus -> UniProt mapped, coordinate-verified in registered proteome v2
AT3G25660	arabidopsis	80	s-nitrosylation	Q9LI77	C	verified	PMC12454217 MOESM2 (S-nitrosylation column)	Novel proteomics workflow paper; TAIR locus -> UniProt mapped, coordinate-verified in registered proteome v2
AT3G25760	arabidopsis	137	s-nitrosylation	Q9LS03	C	verified	PMC12454217 MOESM2 (S-nitrosylation column)	Novel proteomics workflow paper; TAIR locus -> UniProt mapped, coordinate-verified in registered proteome v2
AT3G25770	arabidopsis	136	s-nitrosylation	Q9LS02	C	verified	PMC12454217 MOESM2 (S-nitrosylation column)	Novel proteomics workflow paper; TAIR locus -> UniProt mapped, coordinate-verified in registered proteome v2
AT3G25800	arabidopsis	111	s-nitrosylation	F4JA59	C	verified	PMC12454217 MOESM2 (S-nitrosylation column)	Novel proteomics workflow paper; TAIR locus -> UniProt mapped, coordinate-verified in registered proteome v2
AT3G25860	arabidopsis	331	s-nitrosylation	Q9SQI8	C	verified	PMC12454217 MOESM2 (S-nitrosylation column)	Novel proteomics workflow paper; TAIR locus -> UniProt mapped, coordinate-verified in registered proteome v2
AT3G25920	arabidopsis	111	s-nitrosylation	P25873	C	verified	PMC12454217 MOESM2 (S-nitrosylation column)	Novel proteomics workflow paper; TAIR locus -> UniProt mapped, coordinate-verified in registered proteome v2
AT3G26030	arabidopsis	443	s-nitrosylation	Q9ZQY6	C	verified	PMC12454217 MOESM2 (S-nitrosylation column)	Novel proteomics workflow paper; TAIR locus -> UniProt mapped, coordinate-verified in registered proteome v2
AT3G26060	arabidopsis	112	s-nitrosylation	F4JBC9	C	verified	PMC12454217 MOESM2 (S-nitrosylation column)	Novel proteomics workflow paper; TAIR locus -> UniProt mapped, coordinate-verified in registered proteome v2
AT3G26230	arabidopsis	421	s-nitrosylation	Q9LTL8	C	verified	PMC12454217 MOESM2 (S-nitrosylation column)	Novel proteomics workflow paper; TAIR locus -> UniProt mapped, coordinate-verified in registered proteome v2
AT3G26340	arabidopsis	109	s-nitrosylation	Q9LIP2	C	verified	PMC12454217 MOESM2 (S-nitrosylation column)	Novel proteomics workflow paper; TAIR locus -> UniProt mapped, coordinate-verified in registered proteome v2
AT3G26380	arabidopsis	340	s-nitrosylation	A0A1I9LTP3	C	verified	PMC12454217 MOESM2 (S-nitrosylation column)	Novel proteomics workflow paper; TAIR locus -> UniProt mapped, coordinate-verified in registered proteome v2
AT3G26450	arabidopsis	115	s-nitrosylation	Q7EPF9	C	verified	PMC12454217 MOESM2 (S-nitrosylation column)	Novel proteomics workflow paper; TAIR locus -> UniProt mapped, coordinate-verified in registered proteome v2
AT3G26560	arabidopsis	586	s-nitrosylation	Q38953	C	verified	PMC12454217 MOESM2 (S-nitrosylation column)	Novel proteomics workflow paper; TAIR locus -> UniProt mapped, coordinate-verified in registered proteome v2
AT3G26618	arabidopsis	387	s-nitrosylation	P35614	C	verified	PMC12454217 MOESM2 (S-nitrosylation column)	Novel proteomics workflow paper; TAIR locus -> UniProt mapped, coordinate-verified in registered proteome v2
AT3G26650	arabidopsis	213	s-nitrosylation	P25856	C	verified	PMC12454217 MOESM2 (S-nitrosylation column)	Novel proteomics workflow paper; TAIR locus -> UniProt mapped, coordinate-verified in registered proteome v2
AT3G26830	arabidopsis	229	s-nitrosylation	Q9LW27	C	verified	PMC12454217 MOESM2 (S-nitrosylation column)	Novel proteomics workflow paper; TAIR locus -> UniProt mapped, coordinate-verified in registered proteome v2
AT3G26840	arabidopsis	664	s-nitrosylation	Q9LW26	C	verified	PMC12454217 MOESM2 (S-nitrosylation column)	Novel proteomics workflow paper; TAIR locus -> UniProt mapped, coordinate-verified in registered proteome v2
AT3G26900	arabidopsis	165	s-nitrosylation	Q9LW20	C	verified	PMC12454217 MOESM2 (S-nitrosylation column)	Novel proteomics workflow paper; TAIR locus -> UniProt mapped, coordinate-verified in registered proteome v2
AT3G27110	arabidopsis	268	s-nitrosylation	A0A178VFN4	C	verified	PMC12454217 MOESM2 (S-nitrosylation column)	Novel proteomics workflow paper; TAIR locus -> UniProt mapped, coordinate-verified in registered proteome v2
AT3G27160	arabidopsis	117	s-nitrosylation	A0A1I9LRJ3	C	verified	PMC12454217 MOESM2 (S-nitrosylation column)	Novel proteomics workflow paper; TAIR locus -> UniProt mapped, coordinate-verified in registered proteome v2
AT3G27380	arabidopsis	77	s-nitrosylation	C0Z371	C	verified	PMC12454217 MOESM2 (S-nitrosylation column)	Novel proteomics workflow paper; TAIR locus -> UniProt mapped, coordinate-verified in registered proteome v2
AT3G27570	arabidopsis	86	s-nitrosylation	A0A1I9LRC6	C	verified	PMC12454217 MOESM2 (S-nitrosylation column)	Novel proteomics workflow paper; TAIR locus -> UniProt mapped, coordinate-verified in registered proteome v2
AT3G27690	arabidopsis	145	s-nitrosylation	A0A1I9LMB4	C	verified	PMC12454217 MOESM2 (S-nitrosylation column)	Novel proteomics workflow paper; TAIR locus -> UniProt mapped, coordinate-verified in registered proteome v2
AT3G27740	arabidopsis	216	s-nitrosylation	Q9LVW7	C	verified	PMC12454217 MOESM2 (S-nitrosylation column)	Novel proteomics workflow paper; TAIR locus -> UniProt mapped, coordinate-verified in registered proteome v2
AT3G27820	arabidopsis	34	s-nitrosylation	Q9LK94	C	verified	PMC12454217 MOESM2 (S-nitrosylation column)	Novel proteomics workflow paper; TAIR locus -> UniProt mapped, coordinate-verified in registered proteome v2
AT3G27925	arabidopsis	409	s-nitrosylation	O22609	C	verified	PMC12454217 MOESM2 (S-nitrosylation column)	Novel proteomics workflow paper; TAIR locus -> UniProt mapped, coordinate-verified in registered proteome v2
AT3G27930	arabidopsis	357	s-nitrosylation	F4IXS3	C	verified	PMC12454217 MOESM2 (S-nitrosylation column)	Novel proteomics workflow paper; TAIR locus -> UniProt mapped, coordinate-verified in registered proteome v2
AT3G28300	arabidopsis	22	s-nitrosylation	P0DI79	C	verified	PMC12454217 MOESM2 (S-nitrosylation column)	Novel proteomics workflow paper; TAIR locus -> UniProt mapped, coordinate-verified in registered proteome v2
AT3G28670	arabidopsis	111	s-nitrosylation	A0A1I9LSL4	C	verified	PMC12454217 MOESM2 (S-nitrosylation column)	Novel proteomics workflow paper; TAIR locus -> UniProt mapped, coordinate-verified in registered proteome v2
AT3G28710	arabidopsis	37	s-nitrosylation	Q9FE04	C	verified	PMC12454217 MOESM2 (S-nitrosylation column)	Novel proteomics workflow paper; TAIR locus -> UniProt mapped, coordinate-verified in registered proteome v2
AT3G28715	arabidopsis	37	s-nitrosylation	F4J0D8	C	verified	PMC12454217 MOESM2 (S-nitrosylation column)	Novel proteomics workflow paper; TAIR locus -> UniProt mapped, coordinate-verified in registered proteome v2
AT3G28860	arabidopsis	1185	s-nitrosylation	Q9LJX0	C	verified	PMC12454217 MOESM2 (S-nitrosylation column)	Novel proteomics workflow paper; TAIR locus -> UniProt mapped, coordinate-verified in registered proteome v2
AT3G28930	arabidopsis	54	s-nitrosylation	A0A1I9LNH9	C	verified	PMC12454217 MOESM2 (S-nitrosylation column)	Novel proteomics workflow paper; TAIR locus -> UniProt mapped, coordinate-verified in registered proteome v2
AT3G28940	arabidopsis	54	s-nitrosylation	Q9MBH2	C	verified	PMC12454217 MOESM2 (S-nitrosylation column)	Novel proteomics workflow paper; TAIR locus -> UniProt mapped, coordinate-verified in registered proteome v2
AT3G28950	arabidopsis	53	s-nitrosylation	Q9MBH1	C	verified	PMC12454217 MOESM2 (S-nitrosylation column)	Novel proteomics workflow paper; TAIR locus -> UniProt mapped, coordinate-verified in registered proteome v2
AT3G29160	arabidopsis	134	s-nitrosylation	B9DGQ3	C	verified	PMC12454217 MOESM2 (S-nitrosylation column)	Novel proteomics workflow paper; TAIR locus -> UniProt mapped, coordinate-verified in registered proteome v2
AT3G29320	arabidopsis	347	s-nitrosylation	Q9LIB2	C	verified	PMC12454217 MOESM2 (S-nitrosylation column)	Novel proteomics workflow paper; TAIR locus -> UniProt mapped, coordinate-verified in registered proteome v2
AT3G29350	arabidopsis	55	s-nitrosylation	Q9ZNV8	C	verified	PMC12454217 MOESM2 (S-nitrosylation column)	Novel proteomics workflow paper; TAIR locus -> UniProt mapped, coordinate-verified in registered proteome v2
AT3G29360	arabidopsis	24	s-nitrosylation	Q9LIA8	C	verified	PMC12454217 MOESM2 (S-nitrosylation column)	Novel proteomics workflow paper; TAIR locus -> UniProt mapped, coordinate-verified in registered proteome v2
AT3G32980	arabidopsis	206	s-nitrosylation	B9DHE0	C	verified	PMC12454217 MOESM2 (S-nitrosylation column)	Novel proteomics workflow paper; TAIR locus -> UniProt mapped, coordinate-verified in registered proteome v2
AT3G42050	arabidopsis	159	s-nitrosylation	Q9LX65	C	verified	PMC12454217 MOESM2 (S-nitrosylation column)	Novel proteomics workflow paper; TAIR locus -> UniProt mapped, coordinate-verified in registered proteome v2
AT3G42170	arabidopsis	118	s-nitrosylation	Q9M2N5	C	verified	PMC12454217 MOESM2 (S-nitrosylation column)	Novel proteomics workflow paper; TAIR locus -> UniProt mapped, coordinate-verified in registered proteome v2
AT3G43300	arabidopsis	129	s-nitrosylation	F4IXW2	C	verified	PMC12454217 MOESM2 (S-nitrosylation column)	Novel proteomics workflow paper; TAIR locus -> UniProt mapped, coordinate-verified in registered proteome v2
AT3G43540	arabidopsis	50	s-nitrosylation	Q7EN37	C	verified	PMC12454217 MOESM2 (S-nitrosylation column)	Novel proteomics workflow paper; TAIR locus -> UniProt mapped, coordinate-verified in registered proteome v2
AT3G43600	arabidopsis	152	s-nitrosylation	Q7G192	C	verified	PMC12454217 MOESM2 (S-nitrosylation column)	Novel proteomics workflow paper; TAIR locus -> UniProt mapped, coordinate-verified in registered proteome v2
AT3G43800	arabidopsis	67	s-nitrosylation	Q9LZG7	C	verified	PMC12454217 MOESM2 (S-nitrosylation column)	Novel proteomics workflow paper; TAIR locus -> UniProt mapped, coordinate-verified in registered proteome v2
AT3G44010	arabidopsis	24	s-nitrosylation	Q680P8	C	verified	PMC12454217 MOESM2 (S-nitrosylation column)	Novel proteomics workflow paper; TAIR locus -> UniProt mapped, coordinate-verified in registered proteome v2
AT3G44100	arabidopsis	136	s-nitrosylation	Q0WTG3	C	verified	PMC12454217 MOESM2 (S-nitrosylation column)	Novel proteomics workflow paper; TAIR locus -> UniProt mapped, coordinate-verified in registered proteome v2
AT3G44300	arabidopsis	154	s-nitrosylation	P32962	C	verified	PMC12454217 MOESM2 (S-nitrosylation column)	Novel proteomics workflow paper; TAIR locus -> UniProt mapped, coordinate-verified in registered proteome v2
AT3G44310	arabidopsis	135	s-nitrosylation	C0SVD5	C	verified	PMC12454217 MOESM2 (S-nitrosylation column)	Novel proteomics workflow paper; TAIR locus -> UniProt mapped, coordinate-verified in registered proteome v2
AT3G44320	arabidopsis	161	s-nitrosylation	P46010	C	verified	PMC12454217 MOESM2 (S-nitrosylation column)	Novel proteomics workflow paper; TAIR locus -> UniProt mapped, coordinate-verified in registered proteome v2
AT3G44340	arabidopsis	787	s-nitrosylation	F4J1Y2	C	verified	PMC12454217 MOESM2 (S-nitrosylation column)	Novel proteomics workflow paper; TAIR locus -> UniProt mapped, coordinate-verified in registered proteome v2
AT3G44380	arabidopsis	104	s-nitrosylation	Q9M287	C	verified	PMC12454217 MOESM2 (S-nitrosylation column)	Novel proteomics workflow paper; TAIR locus -> UniProt mapped, coordinate-verified in registered proteome v2
AT3G44620	arabidopsis	251	s-nitrosylation	F4J355	C	verified	PMC12454217 MOESM2 (S-nitrosylation column)	Novel proteomics workflow paper; TAIR locus -> UniProt mapped, coordinate-verified in registered proteome v2
AT3G44860	arabidopsis	270	s-nitrosylation	Q9FYC4	C	verified	PMC12454217 MOESM2 (S-nitrosylation column)	Novel proteomics workflow paper; TAIR locus -> UniProt mapped, coordinate-verified in registered proteome v2
AT3G44880	arabidopsis	130	s-nitrosylation	Q9FYC2	C	verified	PMC12454217 MOESM2 (S-nitrosylation column)	Novel proteomics workflow paper; TAIR locus -> UniProt mapped, coordinate-verified in registered proteome v2
AT3G45140	arabidopsis	139	s-nitrosylation	A0A1I9LPH1	C	verified	PMC12454217 MOESM2 (S-nitrosylation column)	Novel proteomics workflow paper; TAIR locus -> UniProt mapped, coordinate-verified in registered proteome v2
AT3G45260	arabidopsis	73	s-nitrosylation	Q944L3	C	verified	PMC12454217 MOESM2 (S-nitrosylation column)	Novel proteomics workflow paper; TAIR locus -> UniProt mapped, coordinate-verified in registered proteome v2
AT3G45300	arabidopsis	245	s-nitrosylation	B9DG07	C	verified	PMC12454217 MOESM2 (S-nitrosylation column)	Novel proteomics workflow paper; TAIR locus -> UniProt mapped, coordinate-verified in registered proteome v2
AT3G45640	arabidopsis	53	s-nitrosylation	Q0WVS7	C	verified	PMC12454217 MOESM2 (S-nitrosylation column)	Novel proteomics workflow paper; TAIR locus -> UniProt mapped, coordinate-verified in registered proteome v2
AT3G45770	arabidopsis	158	s-nitrosylation	Q8LCU7	C	verified	PMC12454217 MOESM2 (S-nitrosylation column)	Novel proteomics workflow paper; TAIR locus -> UniProt mapped, coordinate-verified in registered proteome v2
AT3G45780	arabidopsis	939	s-nitrosylation	O48963	C	verified	PMC12454217 MOESM2 (S-nitrosylation column)	Novel proteomics workflow paper; TAIR locus -> UniProt mapped, coordinate-verified in registered proteome v2
AT3G46000	arabidopsis	14	s-nitrosylation	Q39251	C	verified	PMC12454217 MOESM2 (S-nitrosylation column)	Novel proteomics workflow paper; TAIR locus -> UniProt mapped, coordinate-verified in registered proteome v2
AT3G46010	arabidopsis	14	s-nitrosylation	Q39250	C	verified	PMC12454217 MOESM2 (S-nitrosylation column)	Novel proteomics workflow paper; TAIR locus -> UniProt mapped, coordinate-verified in registered proteome v2
AT3G46040	arabidopsis	72	s-nitrosylation	Q9LX88	C	verified	PMC12454217 MOESM2 (S-nitrosylation column)	Novel proteomics workflow paper; TAIR locus -> UniProt mapped, coordinate-verified in registered proteome v2
AT3G46060	arabidopsis	30	s-nitrosylation	P28186	C	verified	PMC12454217 MOESM2 (S-nitrosylation column)	Novel proteomics workflow paper; TAIR locus -> UniProt mapped, coordinate-verified in registered proteome v2
AT3G46290	arabidopsis	587	s-nitrosylation	Q9LX66	C	verified	PMC12454217 MOESM2 (S-nitrosylation column)	Novel proteomics workflow paper; TAIR locus -> UniProt mapped, coordinate-verified in registered proteome v2
AT3G46440	arabidopsis	241	s-nitrosylation	Q9SN95	C	verified	PMC12454217 MOESM2 (S-nitrosylation column)	Novel proteomics workflow paper; TAIR locus -> UniProt mapped, coordinate-verified in registered proteome v2
AT3G46460	arabidopsis	89	s-nitrosylation	Q42541	C	verified	PMC12454217 MOESM2 (S-nitrosylation column)	Novel proteomics workflow paper; TAIR locus -> UniProt mapped, coordinate-verified in registered proteome v2
AT3G46740	arabidopsis	219	s-nitrosylation	Q9STE8	C	verified	PMC12454217 MOESM2 (S-nitrosylation column)	Novel proteomics workflow paper; TAIR locus -> UniProt mapped, coordinate-verified in registered proteome v2
AT3G46830	arabidopsis	38	s-nitrosylation	Q96283	C	verified	PMC12454217 MOESM2 (S-nitrosylation column)	Novel proteomics workflow paper; TAIR locus -> UniProt mapped, coordinate-verified in registered proteome v2
AT3G46970	arabidopsis	145	s-nitrosylation	Q9SD76	C	verified	PMC12454217 MOESM2 (S-nitrosylation column)	Novel proteomics workflow paper; TAIR locus -> UniProt mapped, coordinate-verified in registered proteome v2
AT3G47000	arabidopsis	209	s-nitrosylation	A0A1I9LR68	C	verified	PMC12454217 MOESM2 (S-nitrosylation column)	Novel proteomics workflow paper; TAIR locus -> UniProt mapped, coordinate-verified in registered proteome v2
AT3G47340	arabidopsis	168	s-nitrosylation	F4JBH5	C	verified	PMC12454217 MOESM2 (S-nitrosylation column)	Novel proteomics workflow paper; TAIR locus -> UniProt mapped, coordinate-verified in registered proteome v2
AT3G47370	arabidopsis	39	s-nitrosylation	Q9STY6	C	verified	PMC12454217 MOESM2 (S-nitrosylation column)	Novel proteomics workflow paper; TAIR locus -> UniProt mapped, coordinate-verified in registered proteome v2
AT3G47520	arabidopsis	129	s-nitrosylation	Q9SN86	C	verified	PMC12454217 MOESM2 (S-nitrosylation column)	Novel proteomics workflow paper; TAIR locus -> UniProt mapped, coordinate-verified in registered proteome v2
AT3G47560	arabidopsis	243	s-nitrosylation	F4JBL2	C	verified	PMC12454217 MOESM2 (S-nitrosylation column)	Novel proteomics workflow paper; TAIR locus -> UniProt mapped, coordinate-verified in registered proteome v2
AT3G47590	arabidopsis	239	s-nitrosylation	Q9SN79	C	verified	PMC12454217 MOESM2 (S-nitrosylation column)	Novel proteomics workflow paper; TAIR locus -> UniProt mapped, coordinate-verified in registered proteome v2
AT3G47650	arabidopsis	107	s-nitrosylation	Q9SN73	C	verified	PMC12454217 MOESM2 (S-nitrosylation column)	Novel proteomics workflow paper; TAIR locus -> UniProt mapped, coordinate-verified in registered proteome v2
AT3G47800	arabidopsis	321	s-nitrosylation	Q7EQZ6	C	verified	PMC12454217 MOESM2 (S-nitrosylation column)	Novel proteomics workflow paper; TAIR locus -> UniProt mapped, coordinate-verified in registered proteome v2
AT3G47810	arabidopsis	42	s-nitrosylation	Q9STT2	C	verified	PMC12454217 MOESM2 (S-nitrosylation column)	Novel proteomics workflow paper; TAIR locus -> UniProt mapped, coordinate-verified in registered proteome v2
AT3G47860	arabidopsis	183	s-nitrosylation	Q9STS7	C	verified	PMC12454217 MOESM2 (S-nitrosylation column)	Novel proteomics workflow paper; TAIR locus -> UniProt mapped, coordinate-verified in registered proteome v2
AT3G47960	arabidopsis	357	s-nitrosylation	Q944G5	C	verified	PMC12454217 MOESM2 (S-nitrosylation column)	Novel proteomics workflow paper; TAIR locus -> UniProt mapped, coordinate-verified in registered proteome v2
AT3G48000	arabidopsis	222	s-nitrosylation	Q9SU63	C	verified	PMC12454217 MOESM2 (S-nitrosylation column)	Novel proteomics workflow paper; TAIR locus -> UniProt mapped, coordinate-verified in registered proteome v2
AT3G48090	arabidopsis	73	s-nitrosylation	Q9SU72	C	verified	PMC12454217 MOESM2 (S-nitrosylation column)	Novel proteomics workflow paper; TAIR locus -> UniProt mapped, coordinate-verified in registered proteome v2
AT3G48110	arabidopsis	341	s-nitrosylation	Q8L785	C	verified	PMC12454217 MOESM2 (S-nitrosylation column)	Novel proteomics workflow paper; TAIR locus -> UniProt mapped, coordinate-verified in registered proteome v2
AT3G48170	arabidopsis	331	s-nitrosylation	Q9STS1	C	verified	PMC12454217 MOESM2 (S-nitrosylation column)	Novel proteomics workflow paper; TAIR locus -> UniProt mapped, coordinate-verified in registered proteome v2
AT3G48310	arabidopsis	57	s-nitrosylation	Q9STL1	C	verified	PMC12454217 MOESM2 (S-nitrosylation column)	Novel proteomics workflow paper; TAIR locus -> UniProt mapped, coordinate-verified in registered proteome v2
AT3G48340	arabidopsis	333	s-nitrosylation	Q9STL4	C	verified	PMC12454217 MOESM2 (S-nitrosylation column)	Novel proteomics workflow paper; TAIR locus -> UniProt mapped, coordinate-verified in registered proteome v2
AT3G48380	arabidopsis	538	s-nitrosylation	F4JDY2	C	verified	PMC12454217 MOESM2 (S-nitrosylation column)	Novel proteomics workflow paper; TAIR locus -> UniProt mapped, coordinate-verified in registered proteome v2
AT3G48420	arabidopsis	211	s-nitrosylation	Q94K71	C	verified	PMC12454217 MOESM2 (S-nitrosylation column)	Novel proteomics workflow paper; TAIR locus -> UniProt mapped, coordinate-verified in registered proteome v2
AT3G48530	arabidopsis	52	s-nitrosylation	Q8LBB2	C	verified	PMC12454217 MOESM2 (S-nitrosylation column)	Novel proteomics workflow paper; TAIR locus -> UniProt mapped, coordinate-verified in registered proteome v2
AT3G48560	arabidopsis	310	s-nitrosylation	P17597	C	verified	PMC12454217 MOESM2 (S-nitrosylation column)	Novel proteomics workflow paper; TAIR locus -> UniProt mapped, coordinate-verified in registered proteome v2
AT3G48680	arabidopsis	114	s-nitrosylation	Q9SMN1	C	verified	PMC12454217 MOESM2 (S-nitrosylation column)	Novel proteomics workflow paper; TAIR locus -> UniProt mapped, coordinate-verified in registered proteome v2
AT3G48690	arabidopsis	9	s-nitrosylation	Q9SMN0	C	verified	PMC12454217 MOESM2 (S-nitrosylation column)	Novel proteomics workflow paper; TAIR locus -> UniProt mapped, coordinate-verified in registered proteome v2
AT3G48730	arabidopsis	136	s-nitrosylation	Q42522	C	verified	PMC12454217 MOESM2 (S-nitrosylation column)	Novel proteomics workflow paper; TAIR locus -> UniProt mapped, coordinate-verified in registered proteome v2
AT3G48870	arabidopsis	320	s-nitrosylation	Q9SXJ7	C	verified	PMC12454217 MOESM2 (S-nitrosylation column)	Novel proteomics workflow paper; TAIR locus -> UniProt mapped, coordinate-verified in registered proteome v2
AT3G48930	arabidopsis	59	s-nitrosylation	P16181	C	verified	PMC12454217 MOESM2 (S-nitrosylation column)	Novel proteomics workflow paper; TAIR locus -> UniProt mapped, coordinate-verified in registered proteome v2
AT3G48990	arabidopsis	288	s-nitrosylation	Q9SMT7	C	verified	PMC12454217 MOESM2 (S-nitrosylation column)	Novel proteomics workflow paper; TAIR locus -> UniProt mapped, coordinate-verified in registered proteome v2
AT3G49120	arabidopsis	207	s-nitrosylation	Q9SMU8	C	verified	PMC12454217 MOESM2 (S-nitrosylation column)	Novel proteomics workflow paper; TAIR locus -> UniProt mapped, coordinate-verified in registered proteome v2
AT3G49360	arabidopsis	77	s-nitrosylation	Q8LG70	C	verified	PMC12454217 MOESM2 (S-nitrosylation column)	Novel proteomics workflow paper; TAIR locus -> UniProt mapped, coordinate-verified in registered proteome v2
AT3G49660	arabidopsis	179	s-nitrosylation	Q9M2Z2	C	verified	PMC12454217 MOESM2 (S-nitrosylation column)	Novel proteomics workflow paper; TAIR locus -> UniProt mapped, coordinate-verified in registered proteome v2
AT3G49680	arabidopsis	166	s-nitrosylation	Q9M401	C	verified	PMC12454217 MOESM2 (S-nitrosylation column)	Novel proteomics workflow paper; TAIR locus -> UniProt mapped, coordinate-verified in registered proteome v2
AT3G49720	arabidopsis	72	s-nitrosylation	Q9M2Y6	C	verified	PMC12454217 MOESM2 (S-nitrosylation column)	Novel proteomics workflow paper; TAIR locus -> UniProt mapped, coordinate-verified in registered proteome v2
AT3G50000	arabidopsis	154	s-nitrosylation	Q08466	C	verified	PMC12454217 MOESM2 (S-nitrosylation column)	Novel proteomics workflow paper; TAIR locus -> UniProt mapped, coordinate-verified in registered proteome v2
AT3G50270	arabidopsis	310	s-nitrosylation	Q9SNE0	C	verified	PMC12454217 MOESM2 (S-nitrosylation column)	Novel proteomics workflow paper; TAIR locus -> UniProt mapped, coordinate-verified in registered proteome v2
AT3G50440	arabidopsis	222	s-nitrosylation	Q8S9K8	C	verified	PMC12454217 MOESM2 (S-nitrosylation column)	Novel proteomics workflow paper; TAIR locus -> UniProt mapped, coordinate-verified in registered proteome v2
AT3G50500	arabidopsis	161	s-nitrosylation	F4J0N1	C	verified	PMC12454217 MOESM2 (S-nitrosylation column)	Novel proteomics workflow paper; TAIR locus -> UniProt mapped, coordinate-verified in registered proteome v2
AT3G50520	arabidopsis	144	s-nitrosylation	Q9SCS3	C	verified	PMC12454217 MOESM2 (S-nitrosylation column)	Novel proteomics workflow paper; TAIR locus -> UniProt mapped, coordinate-verified in registered proteome v2
AT3G50560	arabidopsis	180	s-nitrosylation	F4J0N9	C	verified	PMC12454217 MOESM2 (S-nitrosylation column)	Novel proteomics workflow paper; TAIR locus -> UniProt mapped, coordinate-verified in registered proteome v2
AT3G50590	arabidopsis	1401	s-nitrosylation	F4J0P2	C	verified	PMC12454217 MOESM2 (S-nitrosylation column)	Novel proteomics workflow paper; TAIR locus -> UniProt mapped, coordinate-verified in registered proteome v2
AT3G50820	arabidopsis	113	s-nitrosylation	Q9S841	C	verified	PMC12454217 MOESM2 (S-nitrosylation column)	Novel proteomics workflow paper; TAIR locus -> UniProt mapped, coordinate-verified in registered proteome v2
AT3G50950	arabidopsis	512	s-nitrosylation	Q38834	C	verified	PMC12454217 MOESM2 (S-nitrosylation column)	Novel proteomics workflow paper; TAIR locus -> UniProt mapped, coordinate-verified in registered proteome v2
AT3G51160	arabidopsis	208	s-nitrosylation	P93031	C	verified	PMC12454217 MOESM2 (S-nitrosylation column)	Novel proteomics workflow paper; TAIR locus -> UniProt mapped, coordinate-verified in registered proteome v2
AT3G51240	arabidopsis	205	s-nitrosylation	Q9S818	C	verified	PMC12454217 MOESM2 (S-nitrosylation column)	Novel proteomics workflow paper; TAIR locus -> UniProt mapped, coordinate-verified in registered proteome v2
AT3G51260	arabidopsis	74	s-nitrosylation	P30186	C	verified	PMC12454217 MOESM2 (S-nitrosylation column)	Novel proteomics workflow paper; TAIR locus -> UniProt mapped, coordinate-verified in registered proteome v2
AT3G51310	arabidopsis	131	s-nitrosylation	A8R7K9	C	verified	PMC12454217 MOESM2 (S-nitrosylation column)	Novel proteomics workflow paper; TAIR locus -> UniProt mapped, coordinate-verified in registered proteome v2
AT3G51460	arabidopsis	35	s-nitrosylation	Q9C5G5	C	verified	PMC12454217 MOESM2 (S-nitrosylation column)	Novel proteomics workflow paper; TAIR locus -> UniProt mapped, coordinate-verified in registered proteome v2
AT3G51550	arabidopsis	639	s-nitrosylation	Q9SCZ4	C	verified	PMC12454217 MOESM2 (S-nitrosylation column)	Novel proteomics workflow paper; TAIR locus -> UniProt mapped, coordinate-verified in registered proteome v2
AT3G51600	arabidopsis	76	s-nitrosylation	Q9XFS7	C	verified	PMC12454217 MOESM2 (S-nitrosylation column)	Novel proteomics workflow paper; TAIR locus -> UniProt mapped, coordinate-verified in registered proteome v2
AT3G51670	arabidopsis	370	s-nitrosylation	Q9SCU1	C	verified	PMC12454217 MOESM2 (S-nitrosylation column)	Novel proteomics workflow paper; TAIR locus -> UniProt mapped, coordinate-verified in registered proteome v2
AT3G51780	arabidopsis	222	s-nitrosylation	Q8RX71	C	verified	PMC12454217 MOESM2 (S-nitrosylation column)	Novel proteomics workflow paper; TAIR locus -> UniProt mapped, coordinate-verified in registered proteome v2
AT3G51800	arabidopsis	41	s-nitrosylation	Q96327	C	verified	PMC12454217 MOESM2 (S-nitrosylation column)	Novel proteomics workflow paper; TAIR locus -> UniProt mapped, coordinate-verified in registered proteome v2
AT3G51830	arabidopsis	107	s-nitrosylation	C0Z2G5	C	verified	PMC12454217 MOESM2 (S-nitrosylation column)	Novel proteomics workflow paper; TAIR locus -> UniProt mapped, coordinate-verified in registered proteome v2
AT3G51840	arabidopsis	171	s-nitrosylation	Q96329	C	verified	PMC12454217 MOESM2 (S-nitrosylation column)	Novel proteomics workflow paper; TAIR locus -> UniProt mapped, coordinate-verified in registered proteome v2
AT3G51850	arabidopsis	169	s-nitrosylation	A0A1I9LP01	C	verified	PMC12454217 MOESM2 (S-nitrosylation column)	Novel proteomics workflow paper; TAIR locus -> UniProt mapped, coordinate-verified in registered proteome v2
AT3G52140	arabidopsis	245	s-nitrosylation	F4J5R9	C	verified	PMC12454217 MOESM2 (S-nitrosylation column)	Novel proteomics workflow paper; TAIR locus -> UniProt mapped, coordinate-verified in registered proteome v2
AT3G52180	arabidopsis	374	s-nitrosylation	Q9FEB5	C	verified	PMC12454217 MOESM2 (S-nitrosylation column)	Novel proteomics workflow paper; TAIR locus -> UniProt mapped, coordinate-verified in registered proteome v2
AT3G52390	arabidopsis	129	s-nitrosylation	F4J6X3	C	verified	PMC12454217 MOESM2 (S-nitrosylation column)	Novel proteomics workflow paper; TAIR locus -> UniProt mapped, coordinate-verified in registered proteome v2
AT3G52400	arabidopsis	171	s-nitrosylation	Q9SVC2	C	verified	PMC12454217 MOESM2 (S-nitrosylation column)	Novel proteomics workflow paper; TAIR locus -> UniProt mapped, coordinate-verified in registered proteome v2
AT3G52430	arabidopsis	204	s-nitrosylation	Q9S745	C	verified	PMC12454217 MOESM2 (S-nitrosylation column)	Novel proteomics workflow paper; TAIR locus -> UniProt mapped, coordinate-verified in registered proteome v2
AT3G52470	arabidopsis	176	s-nitrosylation	Q9SVC8	C	verified	PMC12454217 MOESM2 (S-nitrosylation column)	Novel proteomics workflow paper; TAIR locus -> UniProt mapped, coordinate-verified in registered proteome v2
AT3G52500	arabidopsis	153	s-nitrosylation	Q7DQ16	C	verified	PMC12454217 MOESM2 (S-nitrosylation column)	Novel proteomics workflow paper; TAIR locus -> UniProt mapped, coordinate-verified in registered proteome v2
AT3G52580	arabidopsis	84	s-nitrosylation	P42036	C	verified	PMC12454217 MOESM2 (S-nitrosylation column)	Novel proteomics workflow paper; TAIR locus -> UniProt mapped, coordinate-verified in registered proteome v2
AT3G52610	arabidopsis	309	s-nitrosylation	F4J814	C	verified	PMC12454217 MOESM2 (S-nitrosylation column)	Novel proteomics workflow paper; TAIR locus -> UniProt mapped, coordinate-verified in registered proteome v2
AT3G52840	arabidopsis	397	s-nitrosylation	A0A1I9LM56	C	verified	PMC12454217 MOESM2 (S-nitrosylation column)	Novel proteomics workflow paper; TAIR locus -> UniProt mapped, coordinate-verified in registered proteome v2
AT3G52850	arabidopsis	202	s-nitrosylation	P93026	C	verified	PMC12454217 MOESM2 (S-nitrosylation column)	Novel proteomics workflow paper; TAIR locus -> UniProt mapped, coordinate-verified in registered proteome v2
AT3G52880	arabidopsis	100	s-nitrosylation	F4J849	C	verified	PMC12454217 MOESM2 (S-nitrosylation column)	Novel proteomics workflow paper; TAIR locus -> UniProt mapped, coordinate-verified in registered proteome v2
AT3G52930	arabidopsis	68	s-nitrosylation	Q9LF98	C	verified	PMC12454217 MOESM2 (S-nitrosylation column)	Novel proteomics workflow paper; TAIR locus -> UniProt mapped, coordinate-verified in registered proteome v2
AT3G52950	arabidopsis	85	s-nitrosylation	Q9LF97	C	verified	PMC12454217 MOESM2 (S-nitrosylation column)	Novel proteomics workflow paper; TAIR locus -> UniProt mapped, coordinate-verified in registered proteome v2
AT3G52960	arabidopsis	121	s-nitrosylation	Q949U7	C	verified	PMC12454217 MOESM2 (S-nitrosylation column)	Novel proteomics workflow paper; TAIR locus -> UniProt mapped, coordinate-verified in registered proteome v2
AT3G52990	arabidopsis	49	s-nitrosylation	F4J867	C	verified	PMC12454217 MOESM2 (S-nitrosylation column)	Novel proteomics workflow paper; TAIR locus -> UniProt mapped, coordinate-verified in registered proteome v2
AT3G53130	arabidopsis	270	s-nitrosylation	Q6TBX7	C	verified	PMC12454217 MOESM2 (S-nitrosylation column)	Novel proteomics workflow paper; TAIR locus -> UniProt mapped, coordinate-verified in registered proteome v2
AT3G53230	arabidopsis	110	s-nitrosylation	Q9SCN8	C	verified	PMC12454217 MOESM2 (S-nitrosylation column)	Novel proteomics workflow paper; TAIR locus -> UniProt mapped, coordinate-verified in registered proteome v2
AT3G53260	arabidopsis	149	s-nitrosylation	P45724	C	verified	PMC12454217 MOESM2 (S-nitrosylation column)	Novel proteomics workflow paper; TAIR locus -> UniProt mapped, coordinate-verified in registered proteome v2
AT3G53410	arabidopsis	258	s-nitrosylation	Q9LFH6	C	verified	PMC12454217 MOESM2 (S-nitrosylation column)	Novel proteomics workflow paper; TAIR locus -> UniProt mapped, coordinate-verified in registered proteome v2
AT3G53420	arabidopsis	133	s-nitrosylation	P43286	C	verified	PMC12454217 MOESM2 (S-nitrosylation column)	Novel proteomics workflow paper; TAIR locus -> UniProt mapped, coordinate-verified in registered proteome v2
AT3G53430	arabidopsis	137	s-nitrosylation	Q0WW72	C	verified	PMC12454217 MOESM2 (S-nitrosylation column)	Novel proteomics workflow paper; TAIR locus -> UniProt mapped, coordinate-verified in registered proteome v2
AT3G53520	arabidopsis	192	s-nitrosylation	B3H4I6	C	verified	PMC12454217 MOESM2 (S-nitrosylation column)	Novel proteomics workflow paper; TAIR locus -> UniProt mapped, coordinate-verified in registered proteome v2
AT3G53580	arabidopsis	150	s-nitrosylation	Q9LFG2	C	verified	PMC12454217 MOESM2 (S-nitrosylation column)	Novel proteomics workflow paper; TAIR locus -> UniProt mapped, coordinate-verified in registered proteome v2
AT3G53610	arabidopsis	30	s-nitrosylation	O24466	C	verified	PMC12454217 MOESM2 (S-nitrosylation column)	Novel proteomics workflow paper; TAIR locus -> UniProt mapped, coordinate-verified in registered proteome v2
AT3G53620	arabidopsis	55	s-nitrosylation	Q9LFF9	C	verified	PMC12454217 MOESM2 (S-nitrosylation column)	Novel proteomics workflow paper; TAIR locus -> UniProt mapped, coordinate-verified in registered proteome v2
AT3G53870	arabidopsis	97	s-nitrosylation	Q9M339	C	verified	PMC12454217 MOESM2 (S-nitrosylation column)	Novel proteomics workflow paper; TAIR locus -> UniProt mapped, coordinate-verified in registered proteome v2
AT3G53900	arabidopsis	103	s-nitrosylation	Q9M336	C	verified	PMC12454217 MOESM2 (S-nitrosylation column)	Novel proteomics workflow paper; TAIR locus -> UniProt mapped, coordinate-verified in registered proteome v2
AT3G53990	arabidopsis	83	s-nitrosylation	F4JBQ2	C	verified	PMC12454217 MOESM2 (S-nitrosylation column)	Novel proteomics workflow paper; TAIR locus -> UniProt mapped, coordinate-verified in registered proteome v2
AT3G54010	arabidopsis	287	s-nitrosylation	Q7DMA9	C	verified	PMC12454217 MOESM2 (S-nitrosylation column)	Novel proteomics workflow paper; TAIR locus -> UniProt mapped, coordinate-verified in registered proteome v2
AT3G54030	arabidopsis	196	s-nitrosylation	Q9M324	C	verified	PMC12454217 MOESM2 (S-nitrosylation column)	Novel proteomics workflow paper; TAIR locus -> UniProt mapped, coordinate-verified in registered proteome v2
AT3G54050	arabidopsis	111	s-nitrosylation	P25851	C	verified	PMC12454217 MOESM2 (S-nitrosylation column)	Novel proteomics workflow paper; TAIR locus -> UniProt mapped, coordinate-verified in registered proteome v2
AT3G54110	arabidopsis	86	s-nitrosylation	O81845	C	verified	PMC12454217 MOESM2 (S-nitrosylation column)	Novel proteomics workflow paper; TAIR locus -> UniProt mapped, coordinate-verified in registered proteome v2
AT3G54130	arabidopsis	180	s-nitrosylation	Q9M391	C	verified	PMC12454217 MOESM2 (S-nitrosylation column)	Novel proteomics workflow paper; TAIR locus -> UniProt mapped, coordinate-verified in registered proteome v2
AT3G54140	arabidopsis	318	s-nitrosylation	Q9M390	C	verified	PMC12454217 MOESM2 (S-nitrosylation column)	Novel proteomics workflow paper; TAIR locus -> UniProt mapped, coordinate-verified in registered proteome v2
AT3G54300	arabidopsis	35	s-nitrosylation	Q9M376	C	verified	PMC12454217 MOESM2 (S-nitrosylation column)	Novel proteomics workflow paper; TAIR locus -> UniProt mapped, coordinate-verified in registered proteome v2
AT3G54360	arabidopsis	7	s-nitrosylation	Q9M2V1	C	verified	PMC12454217 MOESM2 (S-nitrosylation column)	Novel proteomics workflow paper; TAIR locus -> UniProt mapped, coordinate-verified in registered proteome v2
AT3G54440	arabidopsis	38	s-nitrosylation	F4JCW9	C	verified	PMC12454217 MOESM2 (S-nitrosylation column)	Novel proteomics workflow paper; TAIR locus -> UniProt mapped, coordinate-verified in registered proteome v2
AT3G54470	arabidopsis	114	s-nitrosylation	C0Z2E7	C	verified	PMC12454217 MOESM2 (S-nitrosylation column)	Novel proteomics workflow paper; TAIR locus -> UniProt mapped, coordinate-verified in registered proteome v2
AT3G54600	arabidopsis	104	s-nitrosylation	Q9M1G8	C	verified	PMC12454217 MOESM2 (S-nitrosylation column)	Novel proteomics workflow paper; TAIR locus -> UniProt mapped, coordinate-verified in registered proteome v2
AT3G54640	arabidopsis	90	s-nitrosylation	Q42529	C	verified	PMC12454217 MOESM2 (S-nitrosylation column)	Novel proteomics workflow paper; TAIR locus -> UniProt mapped, coordinate-verified in registered proteome v2
AT3G54660	arabidopsis	433	s-nitrosylation	P42770	C	verified	PMC12454217 MOESM2 (S-nitrosylation column)	Novel proteomics workflow paper; TAIR locus -> UniProt mapped, coordinate-verified in registered proteome v2
AT3G54670	arabidopsis	1204	s-nitrosylation	Q6Q1P4	C	verified	PMC12454217 MOESM2 (S-nitrosylation column)	Novel proteomics workflow paper; TAIR locus -> UniProt mapped, coordinate-verified in registered proteome v2
AT3G54890	arabidopsis	91	s-nitrosylation	A8MS75	C	verified	PMC12454217 MOESM2 (S-nitrosylation column)	Novel proteomics workflow paper; TAIR locus -> UniProt mapped, coordinate-verified in registered proteome v2
AT3G54900	arabidopsis	97	s-nitrosylation	Q84Y95	C	verified	PMC12454217 MOESM2 (S-nitrosylation column)	Novel proteomics workflow paper; TAIR locus -> UniProt mapped, coordinate-verified in registered proteome v2
AT3G55010	arabidopsis	176	s-nitrosylation	Q05728	C	verified	PMC12454217 MOESM2 (S-nitrosylation column)	Novel proteomics workflow paper; TAIR locus -> UniProt mapped, coordinate-verified in registered proteome v2
AT3G55040	arabidopsis	89	s-nitrosylation	Q9M2W2	C	verified	PMC12454217 MOESM2 (S-nitrosylation column)	Novel proteomics workflow paper; TAIR locus -> UniProt mapped, coordinate-verified in registered proteome v2
AT3G55070	arabidopsis	96	s-nitrosylation	A8MQR3	C	verified	PMC12454217 MOESM2 (S-nitrosylation column)	Novel proteomics workflow paper; TAIR locus -> UniProt mapped, coordinate-verified in registered proteome v2
AT3G55120	arabidopsis	7	s-nitrosylation	P41088	C	verified	PMC12454217 MOESM2 (S-nitrosylation column)	Novel proteomics workflow paper; TAIR locus -> UniProt mapped, coordinate-verified in registered proteome v2
AT3G55140	arabidopsis	11	s-nitrosylation	F4JF97	C	verified	PMC12454217 MOESM2 (S-nitrosylation column)	Novel proteomics workflow paper; TAIR locus -> UniProt mapped, coordinate-verified in registered proteome v2
AT3G55200	arabidopsis	134	s-nitrosylation	P0DKL4	C	verified	PMC12454217 MOESM2 (S-nitrosylation column)	Novel proteomics workflow paper; TAIR locus -> UniProt mapped, coordinate-verified in registered proteome v2
AT3G55250	arabidopsis	199	s-nitrosylation	Q9M3C6	C	verified	PMC12454217 MOESM2 (S-nitrosylation column)	Novel proteomics workflow paper; TAIR locus -> UniProt mapped, coordinate-verified in registered proteome v2
AT3G55260	arabidopsis	161	s-nitrosylation	A7WM73	C	verified	PMC12454217 MOESM2 (S-nitrosylation column)	Novel proteomics workflow paper; TAIR locus -> UniProt mapped, coordinate-verified in registered proteome v2
AT3G55360	arabidopsis	72	s-nitrosylation	Q9M2U2	C	verified	PMC12454217 MOESM2 (S-nitrosylation column)	Novel proteomics workflow paper; TAIR locus -> UniProt mapped, coordinate-verified in registered proteome v2
AT3G55380	arabidopsis	90	s-nitrosylation	B9DGG2	C	verified	PMC12454217 MOESM2 (S-nitrosylation column)	Novel proteomics workflow paper; TAIR locus -> UniProt mapped, coordinate-verified in registered proteome v2
AT3G55400	arabidopsis	137	s-nitrosylation	A8MRF2	C	verified	PMC12454217 MOESM2 (S-nitrosylation column)	Novel proteomics workflow paper; TAIR locus -> UniProt mapped, coordinate-verified in registered proteome v2
AT3G55410	arabidopsis	475	s-nitrosylation	F4IWV2	C	verified	PMC12454217 MOESM2 (S-nitrosylation column)	Novel proteomics workflow paper; TAIR locus -> UniProt mapped, coordinate-verified in registered proteome v2
AT3G55440	arabidopsis	67	s-nitrosylation	P48491	C	verified	PMC12454217 MOESM2 (S-nitrosylation column)	Novel proteomics workflow paper; TAIR locus -> UniProt mapped, coordinate-verified in registered proteome v2
AT3G55610	arabidopsis	515	s-nitrosylation	B3H5E3	C	verified	PMC12454217 MOESM2 (S-nitrosylation column)	Novel proteomics workflow paper; TAIR locus -> UniProt mapped, coordinate-verified in registered proteome v2
AT3G55620	arabidopsis	152	s-nitrosylation	Q9M060	C	verified	PMC12454217 MOESM2 (S-nitrosylation column)	Novel proteomics workflow paper; TAIR locus -> UniProt mapped, coordinate-verified in registered proteome v2
AT3G55800	arabidopsis	74	s-nitrosylation	P46283	C	verified	PMC12454217 MOESM2 (S-nitrosylation column)	Novel proteomics workflow paper; TAIR locus -> UniProt mapped, coordinate-verified in registered proteome v2
AT3G56070	arabidopsis	40	s-nitrosylation	Q38867	C	verified	PMC12454217 MOESM2 (S-nitrosylation column)	Novel proteomics workflow paper; TAIR locus -> UniProt mapped, coordinate-verified in registered proteome v2
AT3G56120	arabidopsis	49	s-nitrosylation	Q93YU6	C	verified	PMC12454217 MOESM2 (S-nitrosylation column)	Novel proteomics workflow paper; TAIR locus -> UniProt mapped, coordinate-verified in registered proteome v2
AT3G56130	arabidopsis	100	s-nitrosylation	A0A1I9LT30	C	verified	PMC12454217 MOESM2 (S-nitrosylation column)	Novel proteomics workflow paper; TAIR locus -> UniProt mapped, coordinate-verified in registered proteome v2
AT3G56150	arabidopsis	373	s-nitrosylation	O49160	C	verified	PMC12454217 MOESM2 (S-nitrosylation column)	Novel proteomics workflow paper; TAIR locus -> UniProt mapped, coordinate-verified in registered proteome v2
AT3G56190	arabidopsis	62	s-nitrosylation	Q9SPE6	C	verified	PMC12454217 MOESM2 (S-nitrosylation column)	Novel proteomics workflow paper; TAIR locus -> UniProt mapped, coordinate-verified in registered proteome v2
AT3G56240	arabidopsis	13	s-nitrosylation	O82089	C	verified	PMC12454217 MOESM2 (S-nitrosylation column)	Novel proteomics workflow paper; TAIR locus -> UniProt mapped, coordinate-verified in registered proteome v2
AT3G56310	arabidopsis	195	s-nitrosylation	Q8VXZ7	C	verified	PMC12454217 MOESM2 (S-nitrosylation column)	Novel proteomics workflow paper; TAIR locus -> UniProt mapped, coordinate-verified in registered proteome v2
AT3G56460	arabidopsis	6	s-nitrosylation	Q7DYU2	C	verified	PMC12454217 MOESM2 (S-nitrosylation column)	Novel proteomics workflow paper; TAIR locus -> UniProt mapped, coordinate-verified in registered proteome v2
AT3G56630	arabidopsis	61	s-nitrosylation	Q9LXX7	C	verified	PMC12454217 MOESM2 (S-nitrosylation column)	Novel proteomics workflow paper; TAIR locus -> UniProt mapped, coordinate-verified in registered proteome v2
AT3G56640	arabidopsis	751	s-nitrosylation	Q9LXX6	C	verified	PMC12454217 MOESM2 (S-nitrosylation column)	Novel proteomics workflow paper; TAIR locus -> UniProt mapped, coordinate-verified in registered proteome v2
AT3G56650	arabidopsis	128	s-nitrosylation	B9DH49	C	verified	PMC12454217 MOESM2 (S-nitrosylation column)	Novel proteomics workflow paper; TAIR locus -> UniProt mapped, coordinate-verified in registered proteome v2
AT3G56690	arabidopsis	56	s-nitrosylation	Q9LET7	C	verified	PMC12454217 MOESM2 (S-nitrosylation column)	Novel proteomics workflow paper; TAIR locus -> UniProt mapped, coordinate-verified in registered proteome v2
AT3G56940	arabidopsis	140	s-nitrosylation	Q9M591	C	verified	PMC12454217 MOESM2 (S-nitrosylation column)	Novel proteomics workflow paper; TAIR locus -> UniProt mapped, coordinate-verified in registered proteome v2
AT3G57020	arabidopsis	107	s-nitrosylation	Q9M1J6	C	verified	PMC12454217 MOESM2 (S-nitrosylation column)	Novel proteomics workflow paper; TAIR locus -> UniProt mapped, coordinate-verified in registered proteome v2
AT3G57150	arabidopsis	301	s-nitrosylation	C0SVF3	C	verified	PMC12454217 MOESM2 (S-nitrosylation column)	Novel proteomics workflow paper; TAIR locus -> UniProt mapped, coordinate-verified in registered proteome v2
AT3G57290	arabidopsis	144	s-nitrosylation	Q9C5Z3	C	verified	PMC12454217 MOESM2 (S-nitrosylation column)	Novel proteomics workflow paper; TAIR locus -> UniProt mapped, coordinate-verified in registered proteome v2
AT3G57330	arabidopsis	619	s-nitrosylation	Q9M2L4	C	verified	PMC12454217 MOESM2 (S-nitrosylation column)	Novel proteomics workflow paper; TAIR locus -> UniProt mapped, coordinate-verified in registered proteome v2
AT3G57340	arabidopsis	163	s-nitrosylation	B9DGP5	C	verified	PMC12454217 MOESM2 (S-nitrosylation column)	Novel proteomics workflow paper; TAIR locus -> UniProt mapped, coordinate-verified in registered proteome v2
AT3G57410	arabidopsis	420	s-nitrosylation	A0A1I9LLV6	C	verified	PMC12454217 MOESM2 (S-nitrosylation column)	Novel proteomics workflow paper; TAIR locus -> UniProt mapped, coordinate-verified in registered proteome v2
AT3G57520	arabidopsis	541	s-nitrosylation	F4J3E6	C	verified	PMC12454217 MOESM2 (S-nitrosylation column)	Novel proteomics workflow paper; TAIR locus -> UniProt mapped, coordinate-verified in registered proteome v2
AT3G57610	arabidopsis	74	s-nitrosylation	Q96529	C	verified	PMC12454217 MOESM2 (S-nitrosylation column)	Novel proteomics workflow paper; TAIR locus -> UniProt mapped, coordinate-verified in registered proteome v2
AT3G57650	arabidopsis	89	s-nitrosylation	Q8LG50	C	verified	PMC12454217 MOESM2 (S-nitrosylation column)	Novel proteomics workflow paper; TAIR locus -> UniProt mapped, coordinate-verified in registered proteome v2
AT3G57790	arabidopsis	198	s-nitrosylation	F4J3I0	C	verified	PMC12454217 MOESM2 (S-nitrosylation column)	Novel proteomics workflow paper; TAIR locus -> UniProt mapped, coordinate-verified in registered proteome v2
AT3G57880	arabidopsis	331	s-nitrosylation	Q9M2R0	C	verified	PMC12454217 MOESM2 (S-nitrosylation column)	Novel proteomics workflow paper; TAIR locus -> UniProt mapped, coordinate-verified in registered proteome v2
AT3G57890	arabidopsis	354	s-nitrosylation	F4J4K6	C	verified	PMC12454217 MOESM2 (S-nitrosylation column)	Novel proteomics workflow paper; TAIR locus -> UniProt mapped, coordinate-verified in registered proteome v2
AT3G58140	arabidopsis	160	s-nitrosylation	Q94K73	C	verified	PMC12454217 MOESM2 (S-nitrosylation column)	Novel proteomics workflow paper; TAIR locus -> UniProt mapped, coordinate-verified in registered proteome v2
AT3G58500	arabidopsis	79	s-nitrosylation	P48578	C	verified	PMC12454217 MOESM2 (S-nitrosylation column)	Novel proteomics workflow paper; TAIR locus -> UniProt mapped, coordinate-verified in registered proteome v2
AT3G58510	arabidopsis	194	s-nitrosylation	Q8LA13	C	verified	PMC12454217 MOESM2 (S-nitrosylation column)	Novel proteomics workflow paper; TAIR locus -> UniProt mapped, coordinate-verified in registered proteome v2
AT3G58570	arabidopsis	189	s-nitrosylation	Q9M2F9	C	verified	PMC12454217 MOESM2 (S-nitrosylation column)	Novel proteomics workflow paper; TAIR locus -> UniProt mapped, coordinate-verified in registered proteome v2
AT3G58610	arabidopsis	244	s-nitrosylation	B9DH71	C	verified	PMC12454217 MOESM2 (S-nitrosylation column)	Novel proteomics workflow paper; TAIR locus -> UniProt mapped, coordinate-verified in registered proteome v2
AT3G58660	arabidopsis	95	s-nitrosylation	Q9LXT5	C	verified	PMC12454217 MOESM2 (S-nitrosylation column)	Novel proteomics workflow paper; TAIR locus -> UniProt mapped, coordinate-verified in registered proteome v2
AT3G58990	arabidopsis	77	s-nitrosylation	Q9LYT7	C	verified	PMC12454217 MOESM2 (S-nitrosylation column)	Novel proteomics workflow paper; TAIR locus -> UniProt mapped, coordinate-verified in registered proteome v2
AT3G59010	arabidopsis	348	s-nitrosylation	Q9LYT5	C	verified	PMC12454217 MOESM2 (S-nitrosylation column)	Novel proteomics workflow paper; TAIR locus -> UniProt mapped, coordinate-verified in registered proteome v2
AT3G59020	arabidopsis	444	s-nitrosylation	F4J737	C	verified	PMC12454217 MOESM2 (S-nitrosylation column)	Novel proteomics workflow paper; TAIR locus -> UniProt mapped, coordinate-verified in registered proteome v2
AT3G59400	arabidopsis	218	s-nitrosylation	Q9LX31	C	verified	PMC12454217 MOESM2 (S-nitrosylation column)	Novel proteomics workflow paper; TAIR locus -> UniProt mapped, coordinate-verified in registered proteome v2
AT3G59480	arabidopsis	150	s-nitrosylation	Q9M1B9	C	verified	PMC12454217 MOESM2 (S-nitrosylation column)	Novel proteomics workflow paper; TAIR locus -> UniProt mapped, coordinate-verified in registered proteome v2
AT3G59540	arabidopsis	46	s-nitrosylation	O22860	C	verified	PMC12454217 MOESM2 (S-nitrosylation column)	Novel proteomics workflow paper; TAIR locus -> UniProt mapped, coordinate-verified in registered proteome v2
AT3G59760	arabidopsis	99	s-nitrosylation	B9DFR6	C	verified	PMC12454217 MOESM2 (S-nitrosylation column)	Novel proteomics workflow paper; TAIR locus -> UniProt mapped, coordinate-verified in registered proteome v2
AT3G59770	arabidopsis	459	s-nitrosylation	F4J9G0	C	verified	PMC12454217 MOESM2 (S-nitrosylation column)	Novel proteomics workflow paper; TAIR locus -> UniProt mapped, coordinate-verified in registered proteome v2
AT3G59870	arabidopsis	272	s-nitrosylation	Q9M1Y7	C	verified	PMC12454217 MOESM2 (S-nitrosylation column)	Novel proteomics workflow paper; TAIR locus -> UniProt mapped, coordinate-verified in registered proteome v2
AT3G59890	arabidopsis	308	s-nitrosylation	Q8LB01	C	verified	PMC12454217 MOESM2 (S-nitrosylation column)	Novel proteomics workflow paper; TAIR locus -> UniProt mapped, coordinate-verified in registered proteome v2
AT3G59920	arabidopsis	17	s-nitrosylation	O24653	C	verified	PMC12454217 MOESM2 (S-nitrosylation column)	Novel proteomics workflow paper; TAIR locus -> UniProt mapped, coordinate-verified in registered proteome v2
AT3G59970	arabidopsis	130	s-nitrosylation	F4JAK1	C	verified	PMC12454217 MOESM2 (S-nitrosylation column)	Novel proteomics workflow paper; TAIR locus -> UniProt mapped, coordinate-verified in registered proteome v2
AT3G59980	arabidopsis	144	s-nitrosylation	Q9M1X8	C	verified	PMC12454217 MOESM2 (S-nitrosylation column)	Novel proteomics workflow paper; TAIR locus -> UniProt mapped, coordinate-verified in registered proteome v2
AT3G59990	arabidopsis	158	s-nitrosylation	Q56Y85	C	verified	PMC12454217 MOESM2 (S-nitrosylation column)	Novel proteomics workflow paper; TAIR locus -> UniProt mapped, coordinate-verified in registered proteome v2
AT3G60130	arabidopsis	50	s-nitrosylation	Q9M1D0	C	verified	PMC12454217 MOESM2 (S-nitrosylation column)	Novel proteomics workflow paper; TAIR locus -> UniProt mapped, coordinate-verified in registered proteome v2
AT3G60180	arabidopsis	132	s-nitrosylation	Q8VY84	C	verified	PMC12454217 MOESM2 (S-nitrosylation column)	Novel proteomics workflow paper; TAIR locus -> UniProt mapped, coordinate-verified in registered proteome v2
AT3G60190	arabidopsis	181	s-nitrosylation	Q9FNX5	C	verified	PMC12454217 MOESM2 (S-nitrosylation column)	Novel proteomics workflow paper; TAIR locus -> UniProt mapped, coordinate-verified in registered proteome v2
AT3G60245	arabidopsis	42	s-nitrosylation	Q8RXU5	C	verified	PMC12454217 MOESM2 (S-nitrosylation column)	Novel proteomics workflow paper; TAIR locus -> UniProt mapped, coordinate-verified in registered proteome v2
AT3G60340	arabidopsis	182	s-nitrosylation	Q7E7F5	C	verified	PMC12454217 MOESM2 (S-nitrosylation column)	Novel proteomics workflow paper; TAIR locus -> UniProt mapped, coordinate-verified in registered proteome v2
AT3G60440	arabidopsis	100	s-nitrosylation	A0A1I9LT53	C	verified	PMC12454217 MOESM2 (S-nitrosylation column)	Novel proteomics workflow paper; TAIR locus -> UniProt mapped, coordinate-verified in registered proteome v2
AT3G60600	arabidopsis	81	s-nitrosylation	Q8VZ95	C	verified	PMC12454217 MOESM2 (S-nitrosylation column)	Novel proteomics workflow paper; TAIR locus -> UniProt mapped, coordinate-verified in registered proteome v2
AT3G60750	arabidopsis	110	s-nitrosylation	F4JBY2	C	verified	PMC12454217 MOESM2 (S-nitrosylation column)	Novel proteomics workflow paper; TAIR locus -> UniProt mapped, coordinate-verified in registered proteome v2
AT3G60820	arabidopsis	91	s-nitrosylation	F4JD01	C	verified	PMC12454217 MOESM2 (S-nitrosylation column)	Novel proteomics workflow paper; TAIR locus -> UniProt mapped, coordinate-verified in registered proteome v2
AT3G60860	arabidopsis	183	s-nitrosylation	Q9LZX8	C	verified	PMC12454217 MOESM2 (S-nitrosylation column)	Novel proteomics workflow paper; TAIR locus -> UniProt mapped, coordinate-verified in registered proteome v2
AT3G60880	arabidopsis	248	s-nitrosylation	Q9LZX6	C	verified	PMC12454217 MOESM2 (S-nitrosylation column)	Novel proteomics workflow paper; TAIR locus -> UniProt mapped, coordinate-verified in registered proteome v2
AT3G61050	arabidopsis	188	s-nitrosylation	Q9LEX1	C	verified	PMC12454217 MOESM2 (S-nitrosylation column)	Novel proteomics workflow paper; TAIR locus -> UniProt mapped, coordinate-verified in registered proteome v2
AT3G61110	arabidopsis	79	s-nitrosylation	Q9M2F1	C	verified	PMC12454217 MOESM2 (S-nitrosylation column)	Novel proteomics workflow paper; TAIR locus -> UniProt mapped, coordinate-verified in registered proteome v2
AT3G61140	arabidopsis	310	s-nitrosylation	P45432	C	verified	PMC12454217 MOESM2 (S-nitrosylation column)	Novel proteomics workflow paper; TAIR locus -> UniProt mapped, coordinate-verified in registered proteome v2
AT3G61220	arabidopsis	54	s-nitrosylation	A0A1I9LNT2	C	verified	PMC12454217 MOESM2 (S-nitrosylation column)	Novel proteomics workflow paper; TAIR locus -> UniProt mapped, coordinate-verified in registered proteome v2
AT3G61240	arabidopsis	179	s-nitrosylation	Q9M2E0	C	verified	PMC12454217 MOESM2 (S-nitrosylation column)	Novel proteomics workflow paper; TAIR locus -> UniProt mapped, coordinate-verified in registered proteome v2
AT3G61430	arabidopsis	140	s-nitrosylation	P61837	C	verified	PMC12454217 MOESM2 (S-nitrosylation column)	Novel proteomics workflow paper; TAIR locus -> UniProt mapped, coordinate-verified in registered proteome v2
AT3G61440	arabidopsis	72	s-nitrosylation	A0A1I9LTP2	C	verified	PMC12454217 MOESM2 (S-nitrosylation column)	Novel proteomics workflow paper; TAIR locus -> UniProt mapped, coordinate-verified in registered proteome v2
AT3G61470	arabidopsis	98	s-nitrosylation	Q9SYW8	C	verified	PMC12454217 MOESM2 (S-nitrosylation column)	Novel proteomics workflow paper; TAIR locus -> UniProt mapped, coordinate-verified in registered proteome v2
AT3G61540	arabidopsis	145	s-nitrosylation	F4JFD1	C	verified	PMC12454217 MOESM2 (S-nitrosylation column)	Novel proteomics workflow paper; TAIR locus -> UniProt mapped, coordinate-verified in registered proteome v2
AT3G61600	arabidopsis	331	s-nitrosylation	Q9FPW6	C	verified	PMC12454217 MOESM2 (S-nitrosylation column)	Novel proteomics workflow paper; TAIR locus -> UniProt mapped, coordinate-verified in registered proteome v2
AT3G61620	arabidopsis	217	s-nitrosylation	Q9SP08	C	verified	PMC12454217 MOESM2 (S-nitrosylation column)	Novel proteomics workflow paper; TAIR locus -> UniProt mapped, coordinate-verified in registered proteome v2
AT3G61760	arabidopsis	15	s-nitrosylation	A0A1I9LMW6	C	verified	PMC12454217 MOESM2 (S-nitrosylation column)	Novel proteomics workflow paper; TAIR locus -> UniProt mapped, coordinate-verified in registered proteome v2
AT3G61820	arabidopsis	190	s-nitrosylation	Q9M356	C	verified	PMC12454217 MOESM2 (S-nitrosylation column)	Novel proteomics workflow paper; TAIR locus -> UniProt mapped, coordinate-verified in registered proteome v2
AT3G61990	arabidopsis	161	s-nitrosylation	Q7EG54	C	verified	PMC12454217 MOESM2 (S-nitrosylation column)	Novel proteomics workflow paper; TAIR locus -> UniProt mapped, coordinate-verified in registered proteome v2
AT3G62010	arabidopsis	455	s-nitrosylation	F4IX22	C	verified	PMC12454217 MOESM2 (S-nitrosylation column)	Novel proteomics workflow paper; TAIR locus -> UniProt mapped, coordinate-verified in registered proteome v2
AT3G62030	arabidopsis	184	s-nitrosylation	F4IX26	C	verified	PMC12454217 MOESM2 (S-nitrosylation column)	Novel proteomics workflow paper; TAIR locus -> UniProt mapped, coordinate-verified in registered proteome v2
AT3G62120	arabidopsis	66	s-nitrosylation	A0A1I9LNS4	C	verified	PMC12454217 MOESM2 (S-nitrosylation column)	Novel proteomics workflow paper; TAIR locus -> UniProt mapped, coordinate-verified in registered proteome v2
AT3G62150	arabidopsis	928	s-nitrosylation	Q9M1Q9	C	verified	PMC12454217 MOESM2 (S-nitrosylation column)	Novel proteomics workflow paper; TAIR locus -> UniProt mapped, coordinate-verified in registered proteome v2
AT3G62290	arabidopsis	159	s-nitrosylation	Q7EKZ3	C	verified	PMC12454217 MOESM2 (S-nitrosylation column)	Novel proteomics workflow paper; TAIR locus -> UniProt mapped, coordinate-verified in registered proteome v2
AT3G62310	arabidopsis	603	s-nitrosylation	Q9LZQ9	C	verified	PMC12454217 MOESM2 (S-nitrosylation column)	Novel proteomics workflow paper; TAIR locus -> UniProt mapped, coordinate-verified in registered proteome v2
AT3G62360	arabidopsis	145	s-nitrosylation	A0A1I9LSH2	C	verified	PMC12454217 MOESM2 (S-nitrosylation column)	Novel proteomics workflow paper; TAIR locus -> UniProt mapped, coordinate-verified in registered proteome v2
AT3G62530	arabidopsis	202	s-nitrosylation	F4IYB2	C	verified	PMC12454217 MOESM2 (S-nitrosylation column)	Novel proteomics workflow paper; TAIR locus -> UniProt mapped, coordinate-verified in registered proteome v2
AT3G62700	arabidopsis	41	s-nitrosylation	Q9LZJ5	C	verified	PMC12454217 MOESM2 (S-nitrosylation column)	Novel proteomics workflow paper; TAIR locus -> UniProt mapped, coordinate-verified in registered proteome v2
AT3G62830	arabidopsis	191	s-nitrosylation	Q9LZI2	C	verified	PMC12454217 MOESM2 (S-nitrosylation column)	Novel proteomics workflow paper; TAIR locus -> UniProt mapped, coordinate-verified in registered proteome v2
AT3G62870	arabidopsis	172	s-nitrosylation	Q9LZH9	C	verified	PMC12454217 MOESM2 (S-nitrosylation column)	Novel proteomics workflow paper; TAIR locus -> UniProt mapped, coordinate-verified in registered proteome v2
AT3G62910	arabidopsis	312	s-nitrosylation	Q8RX79	C	verified	PMC12454217 MOESM2 (S-nitrosylation column)	Novel proteomics workflow paper; TAIR locus -> UniProt mapped, coordinate-verified in registered proteome v2
AT3G62940	arabidopsis	192	s-nitrosylation	Q9LYC7	C	verified	PMC12454217 MOESM2 (S-nitrosylation column)	Novel proteomics workflow paper; TAIR locus -> UniProt mapped, coordinate-verified in registered proteome v2
AT3G63140	arabidopsis	247	s-nitrosylation	Q9LYA9	C	verified	PMC12454217 MOESM2 (S-nitrosylation column)	Novel proteomics workflow paper; TAIR locus -> UniProt mapped, coordinate-verified in registered proteome v2
AT3G63150	arabidopsis	538	s-nitrosylation	F4J0W4	C	verified	PMC12454217 MOESM2 (S-nitrosylation column)	Novel proteomics workflow paper; TAIR locus -> UniProt mapped, coordinate-verified in registered proteome v2
AT3G63170	arabidopsis	124	s-nitrosylation	Q9M1X2	C	verified	PMC12454217 MOESM2 (S-nitrosylation column)	Novel proteomics workflow paper; TAIR locus -> UniProt mapped, coordinate-verified in registered proteome v2
AT3G63410	arabidopsis	159	s-nitrosylation	C0Z2G4	C	verified	PMC12454217 MOESM2 (S-nitrosylation column)	Novel proteomics workflow paper; TAIR locus -> UniProt mapped, coordinate-verified in registered proteome v2
AT3G63460	arabidopsis	219	s-nitrosylation	F4J109	C	verified	PMC12454217 MOESM2 (S-nitrosylation column)	Novel proteomics workflow paper; TAIR locus -> UniProt mapped, coordinate-verified in registered proteome v2
AT3G63490	arabidopsis	323	s-nitrosylation	Q9LY66	C	verified	PMC12454217 MOESM2 (S-nitrosylation column)	Novel proteomics workflow paper; TAIR locus -> UniProt mapped, coordinate-verified in registered proteome v2
AT3G63520	arabidopsis	74	s-nitrosylation	O65572	C	verified	PMC12454217 MOESM2 (S-nitrosylation column)	Novel proteomics workflow paper; TAIR locus -> UniProt mapped, coordinate-verified in registered proteome v2
AT3G66654	arabidopsis	112	s-nitrosylation	Q9C835	C	verified	PMC12454217 MOESM2 (S-nitrosylation column)	Novel proteomics workflow paper; TAIR locus -> UniProt mapped, coordinate-verified in registered proteome v2
AT4G00090	arabidopsis	339	s-nitrosylation	F4JH04	C	verified	PMC12454217 MOESM2 (S-nitrosylation column)	Novel proteomics workflow paper; TAIR locus -> UniProt mapped, coordinate-verified in registered proteome v2
AT4G00100	arabidopsis	38	s-nitrosylation	P59224	C	verified	PMC12454217 MOESM2 (S-nitrosylation column)	Novel proteomics workflow paper; TAIR locus -> UniProt mapped, coordinate-verified in registered proteome v2
AT4G00110	arabidopsis	321	s-nitrosylation	O81312	C	verified	PMC12454217 MOESM2 (S-nitrosylation column)	Novel proteomics workflow paper; TAIR locus -> UniProt mapped, coordinate-verified in registered proteome v2
AT4G00170	arabidopsis	84	s-nitrosylation	Q84WW5	C	verified	PMC12454217 MOESM2 (S-nitrosylation column)	Novel proteomics workflow paper; TAIR locus -> UniProt mapped, coordinate-verified in registered proteome v2
AT4G00290	arabidopsis	440	s-nitrosylation	Q8VZL4	C	verified	PMC12454217 MOESM2 (S-nitrosylation column)	Novel proteomics workflow paper; TAIR locus -> UniProt mapped, coordinate-verified in registered proteome v2
AT4G00360	arabidopsis	160	s-nitrosylation	O23066	C	verified	PMC12454217 MOESM2 (S-nitrosylation column)	Novel proteomics workflow paper; TAIR locus -> UniProt mapped, coordinate-verified in registered proteome v2
AT4G00490	arabidopsis	217	s-nitrosylation	O65258	C	verified	PMC12454217 MOESM2 (S-nitrosylation column)	Novel proteomics workflow paper; TAIR locus -> UniProt mapped, coordinate-verified in registered proteome v2
AT4G00570	arabidopsis	75	s-nitrosylation	Q8L7K9	C	verified	PMC12454217 MOESM2 (S-nitrosylation column)	Novel proteomics workflow paper; TAIR locus -> UniProt mapped, coordinate-verified in registered proteome v2
AT4G00620	arabidopsis	209	s-nitrosylation	O65271	C	verified	PMC12454217 MOESM2 (S-nitrosylation column)	Novel proteomics workflow paper; TAIR locus -> UniProt mapped, coordinate-verified in registered proteome v2
AT4G00630	arabidopsis	1067	s-nitrosylation	F4JHE9	C	verified	PMC12454217 MOESM2 (S-nitrosylation column)	Novel proteomics workflow paper; TAIR locus -> UniProt mapped, coordinate-verified in registered proteome v2
AT4G00660	arabidopsis	219	s-nitrosylation	Q8RXK6	C	verified	PMC12454217 MOESM2 (S-nitrosylation column)	Novel proteomics workflow paper; TAIR locus -> UniProt mapped, coordinate-verified in registered proteome v2
AT4G00710	arabidopsis	271	s-nitrosylation	Q8W4L3	C	verified	PMC12454217 MOESM2 (S-nitrosylation column)	Novel proteomics workflow paper; TAIR locus -> UniProt mapped, coordinate-verified in registered proteome v2
AT4G00810	arabidopsis	9	s-nitrosylation	B9DFS7	C	verified	PMC12454217 MOESM2 (S-nitrosylation column)	Novel proteomics workflow paper; TAIR locus -> UniProt mapped, coordinate-verified in registered proteome v2
AT4G01010	arabidopsis	465	s-nitrosylation	Q9LD40	C	verified	PMC12454217 MOESM2 (S-nitrosylation column)	Novel proteomics workflow paper; TAIR locus -> UniProt mapped, coordinate-verified in registered proteome v2
AT4G01070	arabidopsis	174	s-nitrosylation	F4JHS0	C	verified	PMC12454217 MOESM2 (S-nitrosylation column)	Novel proteomics workflow paper; TAIR locus -> UniProt mapped, coordinate-verified in registered proteome v2
AT4G01310	arabidopsis	93	s-nitrosylation	O04603	C	verified	PMC12454217 MOESM2 (S-nitrosylation column)	Novel proteomics workflow paper; TAIR locus -> UniProt mapped, coordinate-verified in registered proteome v2
AT4G01320	arabidopsis	272	s-nitrosylation	Q8RX88	C	verified	PMC12454217 MOESM2 (S-nitrosylation column)	Novel proteomics workflow paper; TAIR locus -> UniProt mapped, coordinate-verified in registered proteome v2
AT4G01370	arabidopsis	181	s-nitrosylation	Q39024	C	verified	PMC12454217 MOESM2 (S-nitrosylation column)	Novel proteomics workflow paper; TAIR locus -> UniProt mapped, coordinate-verified in registered proteome v2
AT4G01395	arabidopsis	46	s-nitrosylation	Q8L838	C	verified	PMC12454217 MOESM2 (S-nitrosylation column)	Novel proteomics workflow paper; TAIR locus -> UniProt mapped, coordinate-verified in registered proteome v2
AT4G01480	arabidopsis	100	s-nitrosylation	O82597	C	verified	PMC12454217 MOESM2 (S-nitrosylation column)	Novel proteomics workflow paper; TAIR locus -> UniProt mapped, coordinate-verified in registered proteome v2
AT4G01610	arabidopsis	328	s-nitrosylation	Q94K85	C	verified	PMC12454217 MOESM2 (S-nitrosylation column)	Novel proteomics workflow paper; TAIR locus -> UniProt mapped, coordinate-verified in registered proteome v2
AT4G01690	arabidopsis	215	s-nitrosylation	P55826	C	verified	PMC12454217 MOESM2 (S-nitrosylation column)	Novel proteomics workflow paper; TAIR locus -> UniProt mapped, coordinate-verified in registered proteome v2
AT4G01700	arabidopsis	273	s-nitrosylation	Q0WTG0	C	verified	PMC12454217 MOESM2 (S-nitrosylation column)	Novel proteomics workflow paper; TAIR locus -> UniProt mapped, coordinate-verified in registered proteome v2
AT4G01800	arabidopsis	215	s-nitrosylation	A0A1P8B485	C	verified	PMC12454217 MOESM2 (S-nitrosylation column)	Novel proteomics workflow paper; TAIR locus -> UniProt mapped, coordinate-verified in registered proteome v2
AT4G01810	arabidopsis	790	s-nitrosylation	Q84WV4	C	verified	PMC12454217 MOESM2 (S-nitrosylation column)	Novel proteomics workflow paper; TAIR locus -> UniProt mapped, coordinate-verified in registered proteome v2
AT4G01850	arabidopsis	31	s-nitrosylation	P17562	C	verified	PMC12454217 MOESM2 (S-nitrosylation column)	Novel proteomics workflow paper; TAIR locus -> UniProt mapped, coordinate-verified in registered proteome v2
AT4G01870	arabidopsis	238	s-nitrosylation	A0A1P8B8B4	C	verified	PMC12454217 MOESM2 (S-nitrosylation column)	Novel proteomics workflow paper; TAIR locus -> UniProt mapped, coordinate-verified in registered proteome v2
AT4G02030	arabidopsis	226	s-nitrosylation	F4JH69	C	verified	PMC12454217 MOESM2 (S-nitrosylation column)	Novel proteomics workflow paper; TAIR locus -> UniProt mapped, coordinate-verified in registered proteome v2
AT4G02150	arabidopsis	232	s-nitrosylation	A0A1P8B3H5	C	verified	PMC12454217 MOESM2 (S-nitrosylation column)	Novel proteomics workflow paper; TAIR locus -> UniProt mapped, coordinate-verified in registered proteome v2
AT4G02340	arabidopsis	152	s-nitrosylation	O81299	C	verified	PMC12454217 MOESM2 (S-nitrosylation column)	Novel proteomics workflow paper; TAIR locus -> UniProt mapped, coordinate-verified in registered proteome v2
AT4G02350	arabidopsis	364	s-nitrosylation	F4JHH5	C	verified	PMC12454217 MOESM2 (S-nitrosylation column)	Novel proteomics workflow paper; TAIR locus -> UniProt mapped, coordinate-verified in registered proteome v2
AT4G02405	arabidopsis	184	s-nitrosylation	B3H6G9	C	verified	PMC12454217 MOESM2 (S-nitrosylation column)	Novel proteomics workflow paper; TAIR locus -> UniProt mapped, coordinate-verified in registered proteome v2
AT4G02450	arabidopsis	77	s-nitrosylation	F4JHJ0	C	verified	PMC12454217 MOESM2 (S-nitrosylation column)	Novel proteomics workflow paper; TAIR locus -> UniProt mapped, coordinate-verified in registered proteome v2
AT4G02480	arabidopsis	654	s-nitrosylation	Q0WUS2	C	verified	PMC12454217 MOESM2 (S-nitrosylation column)	Novel proteomics workflow paper; TAIR locus -> UniProt mapped, coordinate-verified in registered proteome v2
AT4G02570	arabidopsis	135	s-nitrosylation	B9DGE3	C	verified	PMC12454217 MOESM2 (S-nitrosylation column)	Novel proteomics workflow paper; TAIR locus -> UniProt mapped, coordinate-verified in registered proteome v2
AT4G02770	arabidopsis	135	s-nitrosylation	Q9S7H1	C	verified	PMC12454217 MOESM2 (S-nitrosylation column)	Novel proteomics workflow paper; TAIR locus -> UniProt mapped, coordinate-verified in registered proteome v2
AT4G02880	arabidopsis	275	s-nitrosylation	F4JHW4	C	verified	PMC12454217 MOESM2 (S-nitrosylation column)	Novel proteomics workflow paper; TAIR locus -> UniProt mapped, coordinate-verified in registered proteome v2
AT4G02930	arabidopsis	137	s-nitrosylation	Q0WUV8	C	verified	PMC12454217 MOESM2 (S-nitrosylation column)	Novel proteomics workflow paper; TAIR locus -> UniProt mapped, coordinate-verified in registered proteome v2
AT4G02980	arabidopsis	96	s-nitrosylation	P33487	C	verified	PMC12454217 MOESM2 (S-nitrosylation column)	Novel proteomics workflow paper; TAIR locus -> UniProt mapped, coordinate-verified in registered proteome v2
AT4G03080	arabidopsis	31	s-nitrosylation	Q8L7U5	C	verified	PMC12454217 MOESM2 (S-nitrosylation column)	Novel proteomics workflow paper; TAIR locus -> UniProt mapped, coordinate-verified in registered proteome v2
AT4G03190	arabidopsis	333	s-nitrosylation	Q9ZR12	C	verified	PMC12454217 MOESM2 (S-nitrosylation column)	Novel proteomics workflow paper; TAIR locus -> UniProt mapped, coordinate-verified in registered proteome v2
AT4G03200	arabidopsis	347	s-nitrosylation	F4JI63	C	verified	PMC12454217 MOESM2 (S-nitrosylation column)	Novel proteomics workflow paper; TAIR locus -> UniProt mapped, coordinate-verified in registered proteome v2
AT4G03280	arabidopsis	162	s-nitrosylation	E0Y422	C	verified	PMC12454217 MOESM2 (S-nitrosylation column)	Novel proteomics workflow paper; TAIR locus -> UniProt mapped, coordinate-verified in registered proteome v2
AT4G03430	arabidopsis	922	s-nitrosylation	Q9ZT71	C	verified	PMC12454217 MOESM2 (S-nitrosylation column)	Novel proteomics workflow paper; TAIR locus -> UniProt mapped, coordinate-verified in registered proteome v2
AT4G03520	arabidopsis	110	s-nitrosylation	Q9SEU8	C	verified	PMC12454217 MOESM2 (S-nitrosylation column)	Novel proteomics workflow paper; TAIR locus -> UniProt mapped, coordinate-verified in registered proteome v2
AT4G03560	arabidopsis	347	s-nitrosylation	B9DFD5	C	verified	PMC12454217 MOESM2 (S-nitrosylation column)	Novel proteomics workflow paper; TAIR locus -> UniProt mapped, coordinate-verified in registered proteome v2
AT4G04040	arabidopsis	168	s-nitrosylation	F4JGR5	C	verified	PMC12454217 MOESM2 (S-nitrosylation column)	Novel proteomics workflow paper; TAIR locus -> UniProt mapped, coordinate-verified in registered proteome v2
AT4G04320	arabidopsis	416	s-nitrosylation	F4JGB8	C	verified	PMC12454217 MOESM2 (S-nitrosylation column)	Novel proteomics workflow paper; TAIR locus -> UniProt mapped, coordinate-verified in registered proteome v2
AT4G04350	arabidopsis	242	s-nitrosylation	Q9XEA0	C	verified	PMC12454217 MOESM2 (S-nitrosylation column)	Novel proteomics workflow paper; TAIR locus -> UniProt mapped, coordinate-verified in registered proteome v2
AT4G04640	arabidopsis	139	s-nitrosylation	Q01908	C	verified	PMC12454217 MOESM2 (S-nitrosylation column)	Novel proteomics workflow paper; TAIR locus -> UniProt mapped, coordinate-verified in registered proteome v2
AT4G04720	arabidopsis	513	s-nitrosylation	Q9ZSA2	C	verified	PMC12454217 MOESM2 (S-nitrosylation column)	Novel proteomics workflow paper; TAIR locus -> UniProt mapped, coordinate-verified in registered proteome v2
AT4G04770	arabidopsis	467	s-nitrosylation	Q9ZS97	C	verified	PMC12454217 MOESM2 (S-nitrosylation column)	Novel proteomics workflow paper; TAIR locus -> UniProt mapped, coordinate-verified in registered proteome v2
AT4G04910	arabidopsis	331	s-nitrosylation	Q9M0Y8	C	verified	PMC12454217 MOESM2 (S-nitrosylation column)	Novel proteomics workflow paper; TAIR locus -> UniProt mapped, coordinate-verified in registered proteome v2
AT4G05020	arabidopsis	133	s-nitrosylation	F4JGL5	C	verified	PMC12454217 MOESM2 (S-nitrosylation column)	Novel proteomics workflow paper; TAIR locus -> UniProt mapped, coordinate-verified in registered proteome v2
AT4G05090	arabidopsis	164	s-nitrosylation	Q682R6	C	verified	PMC12454217 MOESM2 (S-nitrosylation column)	Novel proteomics workflow paper; TAIR locus -> UniProt mapped, coordinate-verified in registered proteome v2
AT4G05150	arabidopsis	79	s-nitrosylation	F4JGP0	C	verified	PMC12454217 MOESM2 (S-nitrosylation column)	Novel proteomics workflow paper; TAIR locus -> UniProt mapped, coordinate-verified in registered proteome v2
AT4G05390	arabidopsis	174	s-nitrosylation	Q9M0V6	C	verified	PMC12454217 MOESM2 (S-nitrosylation column)	Novel proteomics workflow paper; TAIR locus -> UniProt mapped, coordinate-verified in registered proteome v2
AT4G05420	arabidopsis	88	s-nitrosylation	B3H6I9	C	verified	PMC12454217 MOESM2 (S-nitrosylation column)	Novel proteomics workflow paper; TAIR locus -> UniProt mapped, coordinate-verified in registered proteome v2
AT4G05450	arabidopsis	165	s-nitrosylation	Q9M0V0	C	verified	PMC12454217 MOESM2 (S-nitrosylation column)	Novel proteomics workflow paper; TAIR locus -> UniProt mapped, coordinate-verified in registered proteome v2
AT4G05530	arabidopsis	94	s-nitrosylation	Q9S9W2	C	verified	PMC12454217 MOESM2 (S-nitrosylation column)	Novel proteomics workflow paper; TAIR locus -> UniProt mapped, coordinate-verified in registered proteome v2
AT4G08320	arabidopsis	166	s-nitrosylation	F4JG03	C	verified	PMC12454217 MOESM2 (S-nitrosylation column)	Novel proteomics workflow paper; TAIR locus -> UniProt mapped, coordinate-verified in registered proteome v2
AT4G08390	arabidopsis	123	s-nitrosylation	F4JFY4	C	verified	PMC12454217 MOESM2 (S-nitrosylation column)	Novel proteomics workflow paper; TAIR locus -> UniProt mapped, coordinate-verified in registered proteome v2
AT4G08520	arabidopsis	8	s-nitrosylation	Q8H1F4	C	verified	PMC12454217 MOESM2 (S-nitrosylation column)	Novel proteomics workflow paper; TAIR locus -> UniProt mapped, coordinate-verified in registered proteome v2
AT4G08770	arabidopsis	199	s-nitrosylation	Q9LDN9	C	verified	PMC12454217 MOESM2 (S-nitrosylation column)	Novel proteomics workflow paper; TAIR locus -> UniProt mapped, coordinate-verified in registered proteome v2
AT4G08790	arabidopsis	57	s-nitrosylation	Q94JV5	C	verified	PMC12454217 MOESM2 (S-nitrosylation column)	Novel proteomics workflow paper; TAIR locus -> UniProt mapped, coordinate-verified in registered proteome v2
AT4G08870	arabidopsis	97	s-nitrosylation	B9DFC0	C	verified	PMC12454217 MOESM2 (S-nitrosylation column)	Novel proteomics workflow paper; TAIR locus -> UniProt mapped, coordinate-verified in registered proteome v2
AT4G08900	arabidopsis	128	s-nitrosylation	P46637	C	verified	PMC12454217 MOESM2 (S-nitrosylation column)	Novel proteomics workflow paper; TAIR locus -> UniProt mapped, coordinate-verified in registered proteome v2
AT4G08920	arabidopsis	190	s-nitrosylation	Q43125	C	verified	PMC12454217 MOESM2 (S-nitrosylation column)	Novel proteomics workflow paper; TAIR locus -> UniProt mapped, coordinate-verified in registered proteome v2
AT4G08950	arabidopsis	123	s-nitrosylation	Q9ZPE7	C	verified	PMC12454217 MOESM2 (S-nitrosylation column)	Novel proteomics workflow paper; TAIR locus -> UniProt mapped, coordinate-verified in registered proteome v2
AT4G09000	arabidopsis	105	s-nitrosylation	F4JJ94	C	verified	PMC12454217 MOESM2 (S-nitrosylation column)	Novel proteomics workflow paper; TAIR locus -> UniProt mapped, coordinate-verified in registered proteome v2
AT4G09010	arabidopsis	372	s-nitrosylation	A0A1P8B8Y3	C	verified	PMC12454217 MOESM2 (S-nitrosylation column)	Novel proteomics workflow paper; TAIR locus -> UniProt mapped, coordinate-verified in registered proteome v2
AT4G09020	arabidopsis	152	s-nitrosylation	Q9M0S5	C	verified	PMC12454217 MOESM2 (S-nitrosylation column)	Novel proteomics workflow paper; TAIR locus -> UniProt mapped, coordinate-verified in registered proteome v2
AT4G09320	arabidopsis	23	s-nitrosylation	P39207	C	verified	PMC12454217 MOESM2 (S-nitrosylation column)	Novel proteomics workflow paper; TAIR locus -> UniProt mapped, coordinate-verified in registered proteome v2
AT4G09510	arabidopsis	444	s-nitrosylation	Q67XD9	C	verified	PMC12454217 MOESM2 (S-nitrosylation column)	Novel proteomics workflow paper; TAIR locus -> UniProt mapped, coordinate-verified in registered proteome v2
AT4G09570	arabidopsis	42	s-nitrosylation	Q38869	C	verified	PMC12454217 MOESM2 (S-nitrosylation column)	Novel proteomics workflow paper; TAIR locus -> UniProt mapped, coordinate-verified in registered proteome v2
AT4G09620	arabidopsis	197	s-nitrosylation	F4JK28	C	verified	PMC12454217 MOESM2 (S-nitrosylation column)	Novel proteomics workflow paper; TAIR locus -> UniProt mapped, coordinate-verified in registered proteome v2
AT4G09670	arabidopsis	14	s-nitrosylation	Q9SZ83	C	verified	PMC12454217 MOESM2 (S-nitrosylation column)	Novel proteomics workflow paper; TAIR locus -> UniProt mapped, coordinate-verified in registered proteome v2
AT4G09730	arabidopsis	196	s-nitrosylation	Q56X76	C	verified	PMC12454217 MOESM2 (S-nitrosylation column)	Novel proteomics workflow paper; TAIR locus -> UniProt mapped, coordinate-verified in registered proteome v2
AT4G09750	arabidopsis	101	s-nitrosylation	Q0WTW1	C	verified	PMC12454217 MOESM2 (S-nitrosylation column)	Novel proteomics workflow paper; TAIR locus -> UniProt mapped, coordinate-verified in registered proteome v2
AT4G09800	arabidopsis	45	s-nitrosylation	P34788	C	verified	PMC12454217 MOESM2 (S-nitrosylation column)	Novel proteomics workflow paper; TAIR locus -> UniProt mapped, coordinate-verified in registered proteome v2
AT4G10120	arabidopsis	528	s-nitrosylation	F4JLK2	C	verified	PMC12454217 MOESM2 (S-nitrosylation column)	Novel proteomics workflow paper; TAIR locus -> UniProt mapped, coordinate-verified in registered proteome v2
AT4G10300	arabidopsis	70	s-nitrosylation	Q9SV91	C	verified	PMC12454217 MOESM2 (S-nitrosylation column)	Novel proteomics workflow paper; TAIR locus -> UniProt mapped, coordinate-verified in registered proteome v2
AT4G10320	arabidopsis	186	s-nitrosylation	F4JLM5	C	verified	PMC12454217 MOESM2 (S-nitrosylation column)	Novel proteomics workflow paper; TAIR locus -> UniProt mapped, coordinate-verified in registered proteome v2
AT4G10340	arabidopsis	141	s-nitrosylation	Q9XF89	C	verified	PMC12454217 MOESM2 (S-nitrosylation column)	Novel proteomics workflow paper; TAIR locus -> UniProt mapped, coordinate-verified in registered proteome v2
AT4G10450	arabidopsis	161	s-nitrosylation	A0A1P8B5B3	C	verified	PMC12454217 MOESM2 (S-nitrosylation column)	Novel proteomics workflow paper; TAIR locus -> UniProt mapped, coordinate-verified in registered proteome v2
AT4G10500	arabidopsis	340	s-nitrosylation	Q9ZSA8	C	verified	PMC12454217 MOESM2 (S-nitrosylation column)	Novel proteomics workflow paper; TAIR locus -> UniProt mapped, coordinate-verified in registered proteome v2
AT4G10750	arabidopsis	221	s-nitrosylation	O82487	C	verified	PMC12454217 MOESM2 (S-nitrosylation column)	Novel proteomics workflow paper; TAIR locus -> UniProt mapped, coordinate-verified in registered proteome v2
AT4G10840	arabidopsis	205	s-nitrosylation	O81629	C	verified	PMC12454217 MOESM2 (S-nitrosylation column)	Novel proteomics workflow paper; TAIR locus -> UniProt mapped, coordinate-verified in registered proteome v2
AT4G10960	arabidopsis	142	s-nitrosylation	Q9SN58	C	verified	PMC12454217 MOESM2 (S-nitrosylation column)	Novel proteomics workflow paper; TAIR locus -> UniProt mapped, coordinate-verified in registered proteome v2
AT4G11010	arabidopsis	149	s-nitrosylation	B9DHH1	C	verified	PMC12454217 MOESM2 (S-nitrosylation column)	Novel proteomics workflow paper; TAIR locus -> UniProt mapped, coordinate-verified in registered proteome v2
AT4G11120	arabidopsis	99	s-nitrosylation	Q5XF75	C	verified	PMC12454217 MOESM2 (S-nitrosylation column)	Novel proteomics workflow paper; TAIR locus -> UniProt mapped, coordinate-verified in registered proteome v2
AT4G11150	arabidopsis	121	s-nitrosylation	Q39258	C	verified	PMC12454217 MOESM2 (S-nitrosylation column)	Novel proteomics workflow paper; TAIR locus -> UniProt mapped, coordinate-verified in registered proteome v2
AT4G11175	arabidopsis	103	s-nitrosylation	O82499	C	verified	PMC12454217 MOESM2 (S-nitrosylation column)	Novel proteomics workflow paper; TAIR locus -> UniProt mapped, coordinate-verified in registered proteome v2
AT4G11240	arabidopsis	102	s-nitrosylation	P48486	C	verified	PMC12454217 MOESM2 (S-nitrosylation column)	Novel proteomics workflow paper; TAIR locus -> UniProt mapped, coordinate-verified in registered proteome v2
AT4G11260	arabidopsis	35	s-nitrosylation	Q9SUT5	C	verified	PMC12454217 MOESM2 (S-nitrosylation column)	Novel proteomics workflow paper; TAIR locus -> UniProt mapped, coordinate-verified in registered proteome v2
AT4G11380	arabidopsis	81	s-nitrosylation	F4JNZ8	C	verified	PMC12454217 MOESM2 (S-nitrosylation column)	Novel proteomics workflow paper; TAIR locus -> UniProt mapped, coordinate-verified in registered proteome v2
AT4G11420	arabidopsis	77	s-nitrosylation	Q0WW10	C	verified	PMC12454217 MOESM2 (S-nitrosylation column)	Novel proteomics workflow paper; TAIR locus -> UniProt mapped, coordinate-verified in registered proteome v2
AT4G11600	arabidopsis	105	s-nitrosylation	O48646	C	verified	PMC12454217 MOESM2 (S-nitrosylation column)	Novel proteomics workflow paper; TAIR locus -> UniProt mapped, coordinate-verified in registered proteome v2
AT4G11850	arabidopsis	835	s-nitrosylation	Q9T053	C	verified	PMC12454217 MOESM2 (S-nitrosylation column)	Novel proteomics workflow paper; TAIR locus -> UniProt mapped, coordinate-verified in registered proteome v2
AT4G11860	arabidopsis	82	s-nitrosylation	F4JPT3	C	verified	PMC12454217 MOESM2 (S-nitrosylation column)	Novel proteomics workflow paper; TAIR locus -> UniProt mapped, coordinate-verified in registered proteome v2
AT4G11960	arabidopsis	71	s-nitrosylation	Q8GYC7	C	verified	PMC12454217 MOESM2 (S-nitrosylation column)	Novel proteomics workflow paper; TAIR locus -> UniProt mapped, coordinate-verified in registered proteome v2
AT4G12130	arabidopsis	281	s-nitrosylation	Q8L733	C	verified	PMC12454217 MOESM2 (S-nitrosylation column)	Novel proteomics workflow paper; TAIR locus -> UniProt mapped, coordinate-verified in registered proteome v2
AT4G12250	arabidopsis	326	s-nitrosylation	Q9STI6	C	verified	PMC12454217 MOESM2 (S-nitrosylation column)	Novel proteomics workflow paper; TAIR locus -> UniProt mapped, coordinate-verified in registered proteome v2
AT4G12310	arabidopsis	439	s-nitrosylation	Q6NLP1	C	verified	PMC12454217 MOESM2 (S-nitrosylation column)	Novel proteomics workflow paper; TAIR locus -> UniProt mapped, coordinate-verified in registered proteome v2
AT4G12320	arabidopsis	437	s-nitrosylation	F4JQL4	C	verified	PMC12454217 MOESM2 (S-nitrosylation column)	Novel proteomics workflow paper; TAIR locus -> UniProt mapped, coordinate-verified in registered proteome v2
AT4G12390	arabidopsis	162	s-nitrosylation	Q7EM63	C	verified	PMC12454217 MOESM2 (S-nitrosylation column)	Novel proteomics workflow paper; TAIR locus -> UniProt mapped, coordinate-verified in registered proteome v2
AT4G12420	arabidopsis	547	s-nitrosylation	Q9SU40	C	verified	PMC12454217 MOESM2 (S-nitrosylation column)	Novel proteomics workflow paper; TAIR locus -> UniProt mapped, coordinate-verified in registered proteome v2
AT4G12650	arabidopsis	215	s-nitrosylation	F4JRE0	C	verified	PMC12454217 MOESM2 (S-nitrosylation column)	Novel proteomics workflow paper; TAIR locus -> UniProt mapped, coordinate-verified in registered proteome v2
AT4G12720	arabidopsis	235	s-nitrosylation	Q9SU14	C	verified	PMC12454217 MOESM2 (S-nitrosylation column)	Novel proteomics workflow paper; TAIR locus -> UniProt mapped, coordinate-verified in registered proteome v2
AT4G12730	arabidopsis	228	s-nitrosylation	Q9SU13	C	verified	PMC12454217 MOESM2 (S-nitrosylation column)	Novel proteomics workflow paper; TAIR locus -> UniProt mapped, coordinate-verified in registered proteome v2
AT4G12830	arabidopsis	276	s-nitrosylation	F4JRH0	C	verified	PMC12454217 MOESM2 (S-nitrosylation column)	Novel proteomics workflow paper; TAIR locus -> UniProt mapped, coordinate-verified in registered proteome v2
AT4G12980	arabidopsis	43	s-nitrosylation	Q9SV71	C	verified	PMC12454217 MOESM2 (S-nitrosylation column)	Novel proteomics workflow paper; TAIR locus -> UniProt mapped, coordinate-verified in registered proteome v2
AT4G13010	arabidopsis	37	s-nitrosylation	Q9SV68	C	verified	PMC12454217 MOESM2 (S-nitrosylation column)	Novel proteomics workflow paper; TAIR locus -> UniProt mapped, coordinate-verified in registered proteome v2
AT4G13180	arabidopsis	103	s-nitrosylation	Q9SVQ9	C	verified	PMC12454217 MOESM2 (S-nitrosylation column)	Novel proteomics workflow paper; TAIR locus -> UniProt mapped, coordinate-verified in registered proteome v2
AT4G13360	arabidopsis	96	s-nitrosylation	Q9T0K7	C	verified	PMC12454217 MOESM2 (S-nitrosylation column)	Novel proteomics workflow paper; TAIR locus -> UniProt mapped, coordinate-verified in registered proteome v2
AT4G13430	arabidopsis	102	s-nitrosylation	Q94AR8	C	verified	PMC12454217 MOESM2 (S-nitrosylation column)	Novel proteomics workflow paper; TAIR locus -> UniProt mapped, coordinate-verified in registered proteome v2
AT4G13510	arabidopsis	294	s-nitrosylation	P54144	C	verified	PMC12454217 MOESM2 (S-nitrosylation column)	Novel proteomics workflow paper; TAIR locus -> UniProt mapped, coordinate-verified in registered proteome v2
AT4G13770	arabidopsis	375	s-nitrosylation	P48421	C	verified	PMC12454217 MOESM2 (S-nitrosylation column)	Novel proteomics workflow paper; TAIR locus -> UniProt mapped, coordinate-verified in registered proteome v2
AT4G13780	arabidopsis	119	s-nitrosylation	Q9SVN5	C	verified	PMC12454217 MOESM2 (S-nitrosylation column)	Novel proteomics workflow paper; TAIR locus -> UniProt mapped, coordinate-verified in registered proteome v2
AT4G13930	arabidopsis	82	s-nitrosylation	O23254	C	verified	PMC12454217 MOESM2 (S-nitrosylation column)	Novel proteomics workflow paper; TAIR locus -> UniProt mapped, coordinate-verified in registered proteome v2
AT4G13940	arabidopsis	42	s-nitrosylation	A8MQP1	C	verified	PMC12454217 MOESM2 (S-nitrosylation column)	Novel proteomics workflow paper; TAIR locus -> UniProt mapped, coordinate-verified in registered proteome v2
AT4G14030	arabidopsis	168	s-nitrosylation	O23264	C	verified	PMC12454217 MOESM2 (S-nitrosylation column)	Novel proteomics workflow paper; TAIR locus -> UniProt mapped, coordinate-verified in registered proteome v2
AT4G14040	arabidopsis	155	s-nitrosylation	Q93WN0	C	verified	PMC12454217 MOESM2 (S-nitrosylation column)	Novel proteomics workflow paper; TAIR locus -> UniProt mapped, coordinate-verified in registered proteome v2
AT4G14070	arabidopsis	162	s-nitrosylation	Q8W471	C	verified	PMC12454217 MOESM2 (S-nitrosylation column)	Novel proteomics workflow paper; TAIR locus -> UniProt mapped, coordinate-verified in registered proteome v2
AT4G14160	arabidopsis	143	s-nitrosylation	F4JUM1	C	verified	PMC12454217 MOESM2 (S-nitrosylation column)	Novel proteomics workflow paper; TAIR locus -> UniProt mapped, coordinate-verified in registered proteome v2
AT4G14210	arabidopsis	281	s-nitrosylation	Q07356	C	verified	PMC12454217 MOESM2 (S-nitrosylation column)	Novel proteomics workflow paper; TAIR locus -> UniProt mapped, coordinate-verified in registered proteome v2
AT4G14360	arabidopsis	79	s-nitrosylation	Q93YV7	C	verified	PMC12454217 MOESM2 (S-nitrosylation column)	Novel proteomics workflow paper; TAIR locus -> UniProt mapped, coordinate-verified in registered proteome v2
AT4G14430	arabidopsis	225	s-nitrosylation	O23299	C	verified	PMC12454217 MOESM2 (S-nitrosylation column)	Novel proteomics workflow paper; TAIR locus -> UniProt mapped, coordinate-verified in registered proteome v2
AT4G14540	arabidopsis	56	s-nitrosylation	O23310	C	verified	PMC12454217 MOESM2 (S-nitrosylation column)	Novel proteomics workflow paper; TAIR locus -> UniProt mapped, coordinate-verified in registered proteome v2
AT4G14570	arabidopsis	369	s-nitrosylation	A0A2H1ZEM8	C	verified	PMC12454217 MOESM2 (S-nitrosylation column)	Novel proteomics workflow paper; TAIR locus -> UniProt mapped, coordinate-verified in registered proteome v2
AT4G14710	arabidopsis	81	s-nitrosylation	B3H6E4	C	verified	PMC12454217 MOESM2 (S-nitrosylation column)	Novel proteomics workflow paper; TAIR locus -> UniProt mapped, coordinate-verified in registered proteome v2
AT4G14716	arabidopsis	81	s-nitrosylation	Q0WSS4	C	verified	PMC12454217 MOESM2 (S-nitrosylation column)	Novel proteomics workflow paper; TAIR locus -> UniProt mapped, coordinate-verified in registered proteome v2
AT4G14750	arabidopsis	5	s-nitrosylation	A0A1P8B590	C	verified	PMC12454217 MOESM2 (S-nitrosylation column)	Novel proteomics workflow paper; TAIR locus -> UniProt mapped, coordinate-verified in registered proteome v2
AT4G14800	arabidopsis	178	s-nitrosylation	F4JIF9	C	verified	PMC12454217 MOESM2 (S-nitrosylation column)	Novel proteomics workflow paper; TAIR locus -> UniProt mapped, coordinate-verified in registered proteome v2
AT4G14880	arabidopsis	28	s-nitrosylation	P47998	C	verified	PMC12454217 MOESM2 (S-nitrosylation column)	Novel proteomics workflow paper; TAIR locus -> UniProt mapped, coordinate-verified in registered proteome v2
AT4G14930	arabidopsis	310	s-nitrosylation	F4JII3	C	verified	PMC12454217 MOESM2 (S-nitrosylation column)	Novel proteomics workflow paper; TAIR locus -> UniProt mapped, coordinate-verified in registered proteome v2
AT4G14960	arabidopsis	118	s-nitrosylation	B9DFF8	C	verified	PMC12454217 MOESM2 (S-nitrosylation column)	Novel proteomics workflow paper; TAIR locus -> UniProt mapped, coordinate-verified in registered proteome v2
AT4G15000	arabidopsis	41	s-nitrosylation	A8MS28	C	verified	PMC12454217 MOESM2 (S-nitrosylation column)	Novel proteomics workflow paper; TAIR locus -> UniProt mapped, coordinate-verified in registered proteome v2
AT4G15020	arabidopsis	64	s-nitrosylation	F4JJC1	C	verified	PMC12454217 MOESM2 (S-nitrosylation column)	Novel proteomics workflow paper; TAIR locus -> UniProt mapped, coordinate-verified in registered proteome v2
AT4G15110	arabidopsis	194	s-nitrosylation	O23365	C	verified	PMC12454217 MOESM2 (S-nitrosylation column)	Novel proteomics workflow paper; TAIR locus -> UniProt mapped, coordinate-verified in registered proteome v2
AT4G15390	arabidopsis	104	s-nitrosylation	O23392	C	verified	PMC12454217 MOESM2 (S-nitrosylation column)	Novel proteomics workflow paper; TAIR locus -> UniProt mapped, coordinate-verified in registered proteome v2
AT4G15490	arabidopsis	344	s-nitrosylation	O23401	C	verified	PMC12454217 MOESM2 (S-nitrosylation column)	Novel proteomics workflow paper; TAIR locus -> UniProt mapped, coordinate-verified in registered proteome v2
AT4G15530	arabidopsis	399	s-nitrosylation	O23404	C	verified	PMC12454217 MOESM2 (S-nitrosylation column)	Novel proteomics workflow paper; TAIR locus -> UniProt mapped, coordinate-verified in registered proteome v2
AT4G15550	arabidopsis	300	s-nitrosylation	O23406	C	verified	PMC12454217 MOESM2 (S-nitrosylation column)	Novel proteomics workflow paper; TAIR locus -> UniProt mapped, coordinate-verified in registered proteome v2
AT4G15760	arabidopsis	189	s-nitrosylation	F4JK85	C	verified	PMC12454217 MOESM2 (S-nitrosylation column)	Novel proteomics workflow paper; TAIR locus -> UniProt mapped, coordinate-verified in registered proteome v2
AT4G15900	arabidopsis	192	s-nitrosylation	Q42384	C	verified	PMC12454217 MOESM2 (S-nitrosylation column)	Novel proteomics workflow paper; TAIR locus -> UniProt mapped, coordinate-verified in registered proteome v2
AT4G15940	arabidopsis	18	s-nitrosylation	Q93ZE5	C	verified	PMC12454217 MOESM2 (S-nitrosylation column)	Novel proteomics workflow paper; TAIR locus -> UniProt mapped, coordinate-verified in registered proteome v2
AT4G15955	arabidopsis	164	s-nitrosylation	A8MR06	C	verified	PMC12454217 MOESM2 (S-nitrosylation column)	Novel proteomics workflow paper; TAIR locus -> UniProt mapped, coordinate-verified in registered proteome v2
AT4G16060	arabidopsis	139	s-nitrosylation	F4JKZ9	C	verified	PMC12454217 MOESM2 (S-nitrosylation column)	Novel proteomics workflow paper; TAIR locus -> UniProt mapped, coordinate-verified in registered proteome v2
AT4G16130	arabidopsis	126	s-nitrosylation	O23461	C	verified	PMC12454217 MOESM2 (S-nitrosylation column)	Novel proteomics workflow paper; TAIR locus -> UniProt mapped, coordinate-verified in registered proteome v2
AT4G16143	arabidopsis	234	s-nitrosylation	F4JL11	C	verified	PMC12454217 MOESM2 (S-nitrosylation column)	Novel proteomics workflow paper; TAIR locus -> UniProt mapped, coordinate-verified in registered proteome v2
AT4G16155	arabidopsis	122	s-nitrosylation	F4JLP5	C	verified	PMC12454217 MOESM2 (S-nitrosylation column)	Novel proteomics workflow paper; TAIR locus -> UniProt mapped, coordinate-verified in registered proteome v2
AT4G16180	arabidopsis	118	s-nitrosylation	F4JLQ2	C	verified	PMC12454217 MOESM2 (S-nitrosylation column)	Novel proteomics workflow paper; TAIR locus -> UniProt mapped, coordinate-verified in registered proteome v2
AT4G16370	arabidopsis	21	s-nitrosylation	O23482	C	verified	PMC12454217 MOESM2 (S-nitrosylation column)	Novel proteomics workflow paper; TAIR locus -> UniProt mapped, coordinate-verified in registered proteome v2
AT4G16390	arabidopsis	219	s-nitrosylation	Q8GWE0	C	verified	PMC12454217 MOESM2 (S-nitrosylation column)	Novel proteomics workflow paper; TAIR locus -> UniProt mapped, coordinate-verified in registered proteome v2
AT4G16660	arabidopsis	368	s-nitrosylation	A0A1P8B8R9	C	verified	PMC12454217 MOESM2 (S-nitrosylation column)	Novel proteomics workflow paper; TAIR locus -> UniProt mapped, coordinate-verified in registered proteome v2
AT4G16690	arabidopsis	98	s-nitrosylation	O23512	C	verified	PMC12454217 MOESM2 (S-nitrosylation column)	Novel proteomics workflow paper; TAIR locus -> UniProt mapped, coordinate-verified in registered proteome v2
AT4G16720	arabidopsis	152	s-nitrosylation	O23515	C	verified	PMC12454217 MOESM2 (S-nitrosylation column)	Novel proteomics workflow paper; TAIR locus -> UniProt mapped, coordinate-verified in registered proteome v2
AT4G16760	arabidopsis	301	s-nitrosylation	O65202	C	verified	PMC12454217 MOESM2 (S-nitrosylation column)	Novel proteomics workflow paper; TAIR locus -> UniProt mapped, coordinate-verified in registered proteome v2
AT4G16800	arabidopsis	223	s-nitrosylation	F4JML5	C	verified	PMC12454217 MOESM2 (S-nitrosylation column)	Novel proteomics workflow paper; TAIR locus -> UniProt mapped, coordinate-verified in registered proteome v2
AT4G16950	arabidopsis	584	s-nitrosylation	A0A1P8B3D0	C	verified	PMC12454217 MOESM2 (S-nitrosylation column)	Novel proteomics workflow paper; TAIR locus -> UniProt mapped, coordinate-verified in registered proteome v2
AT4G16990	arabidopsis	586	s-nitrosylation	A0A1P8B919	C	verified	PMC12454217 MOESM2 (S-nitrosylation column)	Novel proteomics workflow paper; TAIR locus -> UniProt mapped, coordinate-verified in registered proteome v2
AT4G17090	arabidopsis	213	s-nitrosylation	O23553	C	verified	PMC12454217 MOESM2 (S-nitrosylation column)	Novel proteomics workflow paper; TAIR locus -> UniProt mapped, coordinate-verified in registered proteome v2
AT4G17100	arabidopsis	51	s-nitrosylation	F4JNE1	C	verified	PMC12454217 MOESM2 (S-nitrosylation column)	Novel proteomics workflow paper; TAIR locus -> UniProt mapped, coordinate-verified in registered proteome v2
AT4G17140	arabidopsis	3203	s-nitrosylation	F4JNE2	C	verified	PMC12454217 MOESM2 (S-nitrosylation column)	Novel proteomics workflow paper; TAIR locus -> UniProt mapped, coordinate-verified in registered proteome v2
AT4G17170	arabidopsis	21	s-nitrosylation	P92963	C	verified	PMC12454217 MOESM2 (S-nitrosylation column)	Novel proteomics workflow paper; TAIR locus -> UniProt mapped, coordinate-verified in registered proteome v2
AT4G17190	arabidopsis	107	s-nitrosylation	F4JNF1	C	verified	PMC12454217 MOESM2 (S-nitrosylation column)	Novel proteomics workflow paper; TAIR locus -> UniProt mapped, coordinate-verified in registered proteome v2
AT4G17300	arabidopsis	215	s-nitrosylation	A0A1P8B3X2	C	verified	PMC12454217 MOESM2 (S-nitrosylation column)	Novel proteomics workflow paper; TAIR locus -> UniProt mapped, coordinate-verified in registered proteome v2
AT4G17530	arabidopsis	23	s-nitrosylation	Q9SEH3	C	verified	PMC12454217 MOESM2 (S-nitrosylation column)	Novel proteomics workflow paper; TAIR locus -> UniProt mapped, coordinate-verified in registered proteome v2
AT4G17830	arabidopsis	134	s-nitrosylation	F4JPZ7	C	verified	PMC12454217 MOESM2 (S-nitrosylation column)	Novel proteomics workflow paper; TAIR locus -> UniProt mapped, coordinate-verified in registered proteome v2
AT4G17870	arabidopsis	30	s-nitrosylation	O49686	C	verified	PMC12454217 MOESM2 (S-nitrosylation column)	Novel proteomics workflow paper; TAIR locus -> UniProt mapped, coordinate-verified in registered proteome v2
AT4G17890	arabidopsis	31	s-nitrosylation	Q8H100	C	verified	PMC12454217 MOESM2 (S-nitrosylation column)	Novel proteomics workflow paper; TAIR locus -> UniProt mapped, coordinate-verified in registered proteome v2
AT4G18030	arabidopsis	56	s-nitrosylation	Q94EJ6	C	verified	PMC12454217 MOESM2 (S-nitrosylation column)	Novel proteomics workflow paper; TAIR locus -> UniProt mapped, coordinate-verified in registered proteome v2
AT4G18040	arabidopsis	133	s-nitrosylation	O23252	C	verified	PMC12454217 MOESM2 (S-nitrosylation column)	Novel proteomics workflow paper; TAIR locus -> UniProt mapped, coordinate-verified in registered proteome v2
AT4G18100	arabidopsis	94	s-nitrosylation	P49211	C	verified	PMC12454217 MOESM2 (S-nitrosylation column)	Novel proteomics workflow paper; TAIR locus -> UniProt mapped, coordinate-verified in registered proteome v2
AT4G18330	arabidopsis	310	s-nitrosylation	F4JQU1	C	verified	PMC12454217 MOESM2 (S-nitrosylation column)	Novel proteomics workflow paper; TAIR locus -> UniProt mapped, coordinate-verified in registered proteome v2
AT4G18480	arabidopsis	102	s-nitrosylation	P16127	C	verified	PMC12454217 MOESM2 (S-nitrosylation column)	Novel proteomics workflow paper; TAIR locus -> UniProt mapped, coordinate-verified in registered proteome v2
AT4G18710	arabidopsis	59	s-nitrosylation	Q39011	C	verified	PMC12454217 MOESM2 (S-nitrosylation column)	Novel proteomics workflow paper; TAIR locus -> UniProt mapped, coordinate-verified in registered proteome v2
AT4G18810	arabidopsis	501	s-nitrosylation	F4JRN8	C	verified	PMC12454217 MOESM2 (S-nitrosylation column)	Novel proteomics workflow paper; TAIR locus -> UniProt mapped, coordinate-verified in registered proteome v2
AT4G18930	arabidopsis	64	s-nitrosylation	O04147	C	verified	PMC12454217 MOESM2 (S-nitrosylation column)	Novel proteomics workflow paper; TAIR locus -> UniProt mapped, coordinate-verified in registered proteome v2
AT4G19120	arabidopsis	201	s-nitrosylation	A0A1P8B8K2	C	verified	PMC12454217 MOESM2 (S-nitrosylation column)	Novel proteomics workflow paper; TAIR locus -> UniProt mapped, coordinate-verified in registered proteome v2
AT4G19210	arabidopsis	65	s-nitrosylation	Q8LPJ4	C	verified	PMC12454217 MOESM2 (S-nitrosylation column)	Novel proteomics workflow paper; TAIR locus -> UniProt mapped, coordinate-verified in registered proteome v2
AT4G19410	arabidopsis	121	s-nitrosylation	F4JT64	C	verified	PMC12454217 MOESM2 (S-nitrosylation column)	Novel proteomics workflow paper; TAIR locus -> UniProt mapped, coordinate-verified in registered proteome v2
AT4G19490	arabidopsis	167	s-nitrosylation	F4JT76	C	verified	PMC12454217 MOESM2 (S-nitrosylation column)	Novel proteomics workflow paper; TAIR locus -> UniProt mapped, coordinate-verified in registered proteome v2
AT4G19710	arabidopsis	98	s-nitrosylation	O81852	C	verified	PMC12454217 MOESM2 (S-nitrosylation column)	Novel proteomics workflow paper; TAIR locus -> UniProt mapped, coordinate-verified in registered proteome v2
AT4G19880	arabidopsis	80	s-nitrosylation	F4JU02	C	verified	PMC12454217 MOESM2 (S-nitrosylation column)	Novel proteomics workflow paper; TAIR locus -> UniProt mapped, coordinate-verified in registered proteome v2
AT4G20360	arabidopsis	149	s-nitrosylation	P17745	C	verified	PMC12454217 MOESM2 (S-nitrosylation column)	Novel proteomics workflow paper; TAIR locus -> UniProt mapped, coordinate-verified in registered proteome v2
AT4G20410	arabidopsis	143	s-nitrosylation	A0A1P8B661	C	verified	PMC12454217 MOESM2 (S-nitrosylation column)	Novel proteomics workflow paper; TAIR locus -> UniProt mapped, coordinate-verified in registered proteome v2
AT4G20850	arabidopsis	84	s-nitrosylation	F4JVN6	C	verified	PMC12454217 MOESM2 (S-nitrosylation column)	Novel proteomics workflow paper; TAIR locus -> UniProt mapped, coordinate-verified in registered proteome v2
AT4G20890	arabidopsis	12	s-nitrosylation	P29517	C	verified	PMC12454217 MOESM2 (S-nitrosylation column)	Novel proteomics workflow paper; TAIR locus -> UniProt mapped, coordinate-verified in registered proteome v2
AT4G20960	arabidopsis	81	s-nitrosylation	Q8GWP5	C	verified	PMC12454217 MOESM2 (S-nitrosylation column)	Novel proteomics workflow paper; TAIR locus -> UniProt mapped, coordinate-verified in registered proteome v2
AT4G20980	arabidopsis	218	s-nitrosylation	P56820	C	verified	PMC12454217 MOESM2 (S-nitrosylation column)	Novel proteomics workflow paper; TAIR locus -> UniProt mapped, coordinate-verified in registered proteome v2
AT4G21150	arabidopsis	302	s-nitrosylation	F4JIM7	C	verified	PMC12454217 MOESM2 (S-nitrosylation column)	Novel proteomics workflow paper; TAIR locus -> UniProt mapped, coordinate-verified in registered proteome v2
AT4G21210	arabidopsis	149	s-nitrosylation	B9DHI2	C	verified	PMC12454217 MOESM2 (S-nitrosylation column)	Novel proteomics workflow paper; TAIR locus -> UniProt mapped, coordinate-verified in registered proteome v2
AT4G21445	arabidopsis	115	s-nitrosylation	F4JJI6	C	verified	PMC12454217 MOESM2 (S-nitrosylation column)	Novel proteomics workflow paper; TAIR locus -> UniProt mapped, coordinate-verified in registered proteome v2
AT4G21470	arabidopsis	72	s-nitrosylation	Q84MD8	C	verified	PMC12454217 MOESM2 (S-nitrosylation column)	Novel proteomics workflow paper; TAIR locus -> UniProt mapped, coordinate-verified in registered proteome v2
AT4G21580	arabidopsis	65	s-nitrosylation	A8MRW5	C	verified	PMC12454217 MOESM2 (S-nitrosylation column)	Novel proteomics workflow paper; TAIR locus -> UniProt mapped, coordinate-verified in registered proteome v2
AT4G21710	arabidopsis	167	s-nitrosylation	P38420	C	verified	PMC12454217 MOESM2 (S-nitrosylation column)	Novel proteomics workflow paper; TAIR locus -> UniProt mapped, coordinate-verified in registered proteome v2
AT4G21790	arabidopsis	233	s-nitrosylation	Q9FEG2	C	verified	PMC12454217 MOESM2 (S-nitrosylation column)	Novel proteomics workflow paper; TAIR locus -> UniProt mapped, coordinate-verified in registered proteome v2
AT4G21860	arabidopsis	115	s-nitrosylation	Q9C5C8	C	verified	PMC12454217 MOESM2 (S-nitrosylation column)	Novel proteomics workflow paper; TAIR locus -> UniProt mapped, coordinate-verified in registered proteome v2
AT4G22010	arabidopsis	530	s-nitrosylation	O65449	C	verified	PMC12454217 MOESM2 (S-nitrosylation column)	Novel proteomics workflow paper; TAIR locus -> UniProt mapped, coordinate-verified in registered proteome v2
AT4G22285	arabidopsis	111	s-nitrosylation	F4JL52	C	verified	PMC12454217 MOESM2 (S-nitrosylation column)	Novel proteomics workflow paper; TAIR locus -> UniProt mapped, coordinate-verified in registered proteome v2
AT4G22350	arabidopsis	109	s-nitrosylation	A0A1P8B4X8	C	verified	PMC12454217 MOESM2 (S-nitrosylation column)	Novel proteomics workflow paper; TAIR locus -> UniProt mapped, coordinate-verified in registered proteome v2
AT4G22350	arabidopsis	80	s-nitrosylation	F4JL63	C	verified	PMC12454217 MOESM2 (S-nitrosylation column)	Novel proteomics workflow paper; TAIR locus -> UniProt mapped, coordinate-verified in registered proteome v2
AT4G22670	arabidopsis	16	s-nitrosylation	Q93YR3	C	verified	PMC12454217 MOESM2 (S-nitrosylation column)	Novel proteomics workflow paper; TAIR locus -> UniProt mapped, coordinate-verified in registered proteome v2
AT4G22690	arabidopsis	494	s-nitrosylation	F4JLY4	C	verified	PMC12454217 MOESM2 (S-nitrosylation column)	Novel proteomics workflow paper; TAIR locus -> UniProt mapped, coordinate-verified in registered proteome v2
AT4G22890	arabidopsis	82	s-nitrosylation	A0A2H1ZEN5	C	verified	PMC12454217 MOESM2 (S-nitrosylation column)	Novel proteomics workflow paper; TAIR locus -> UniProt mapped, coordinate-verified in registered proteome v2
AT4G22930	arabidopsis	151	s-nitrosylation	O04904	C	verified	PMC12454217 MOESM2 (S-nitrosylation column)	Novel proteomics workflow paper; TAIR locus -> UniProt mapped, coordinate-verified in registered proteome v2
AT4G23100	arabidopsis	102	s-nitrosylation	F4JMS5	C	verified	PMC12454217 MOESM2 (S-nitrosylation column)	Novel proteomics workflow paper; TAIR locus -> UniProt mapped, coordinate-verified in registered proteome v2
AT4G23140	arabidopsis	434	s-nitrosylation	Q9C5S9	C	verified	PMC12454217 MOESM2 (S-nitrosylation column)	Novel proteomics workflow paper; TAIR locus -> UniProt mapped, coordinate-verified in registered proteome v2
AT4G23180	arabidopsis	133	s-nitrosylation	A0A1P8B575	C	verified	PMC12454217 MOESM2 (S-nitrosylation column)	Novel proteomics workflow paper; TAIR locus -> UniProt mapped, coordinate-verified in registered proteome v2
AT4G23430	arabidopsis	204	s-nitrosylation	A2RVM0	C	verified	PMC12454217 MOESM2 (S-nitrosylation column)	Novel proteomics workflow paper; TAIR locus -> UniProt mapped, coordinate-verified in registered proteome v2
AT4G23460	arabidopsis	59	s-nitrosylation	O81742	C	verified	PMC12454217 MOESM2 (S-nitrosylation column)	Novel proteomics workflow paper; TAIR locus -> UniProt mapped, coordinate-verified in registered proteome v2
AT4G23570	arabidopsis	35	s-nitrosylation	Q9SUR9	C	verified	PMC12454217 MOESM2 (S-nitrosylation column)	Novel proteomics workflow paper; TAIR locus -> UniProt mapped, coordinate-verified in registered proteome v2
AT4G23600	arabidopsis	6	s-nitrosylation	F4JP99	C	verified	PMC12454217 MOESM2 (S-nitrosylation column)	Novel proteomics workflow paper; TAIR locus -> UniProt mapped, coordinate-verified in registered proteome v2
AT4G23650	arabidopsis	183	s-nitrosylation	Q42479	C	verified	PMC12454217 MOESM2 (S-nitrosylation column)	Novel proteomics workflow paper; TAIR locus -> UniProt mapped, coordinate-verified in registered proteome v2
AT4G23850	arabidopsis	226	s-nitrosylation	Q9T0A0	C	verified	PMC12454217 MOESM2 (S-nitrosylation column)	Novel proteomics workflow paper; TAIR locus -> UniProt mapped, coordinate-verified in registered proteome v2
AT4G23890	arabidopsis	188	s-nitrosylation	Q9T0A4	C	verified	PMC12454217 MOESM2 (S-nitrosylation column)	Novel proteomics workflow paper; TAIR locus -> UniProt mapped, coordinate-verified in registered proteome v2
AT4G23920	arabidopsis	141	s-nitrosylation	Q9T0A7	C	verified	PMC12454217 MOESM2 (S-nitrosylation column)	Novel proteomics workflow paper; TAIR locus -> UniProt mapped, coordinate-verified in registered proteome v2
AT4G23940	arabidopsis	695	s-nitrosylation	O22993	C	verified	PMC12454217 MOESM2 (S-nitrosylation column)	Novel proteomics workflow paper; TAIR locus -> UniProt mapped, coordinate-verified in registered proteome v2
AT4G23990	arabidopsis	240	s-nitrosylation	Q0WVN5	C	verified	PMC12454217 MOESM2 (S-nitrosylation column)	Novel proteomics workflow paper; TAIR locus -> UniProt mapped, coordinate-verified in registered proteome v2
AT4G24190	arabidopsis	671	s-nitrosylation	F4JQ55	C	verified	PMC12454217 MOESM2 (S-nitrosylation column)	Novel proteomics workflow paper; TAIR locus -> UniProt mapped, coordinate-verified in registered proteome v2
AT4G24220	arabidopsis	141	s-nitrosylation	Q9STX2	C	verified	PMC12454217 MOESM2 (S-nitrosylation column)	Novel proteomics workflow paper; TAIR locus -> UniProt mapped, coordinate-verified in registered proteome v2
AT4G24280	arabidopsis	179	s-nitrosylation	Q9STW6	C	verified	PMC12454217 MOESM2 (S-nitrosylation column)	Novel proteomics workflow paper; TAIR locus -> UniProt mapped, coordinate-verified in registered proteome v2
AT4G24380	arabidopsis	86	s-nitrosylation	A0A1P8B8P1	C	verified	PMC12454217 MOESM2 (S-nitrosylation column)	Novel proteomics workflow paper; TAIR locus -> UniProt mapped, coordinate-verified in registered proteome v2
AT4G24490	arabidopsis	604	s-nitrosylation	Q8VYB7	C	verified	PMC12454217 MOESM2 (S-nitrosylation column)	Novel proteomics workflow paper; TAIR locus -> UniProt mapped, coordinate-verified in registered proteome v2
AT4G24510	arabidopsis	287	s-nitrosylation	Q39048	C	verified	PMC12454217 MOESM2 (S-nitrosylation column)	Novel proteomics workflow paper; TAIR locus -> UniProt mapped, coordinate-verified in registered proteome v2
AT4G24520	arabidopsis	144	s-nitrosylation	Q9SB48	C	verified	PMC12454217 MOESM2 (S-nitrosylation column)	Novel proteomics workflow paper; TAIR locus -> UniProt mapped, coordinate-verified in registered proteome v2
AT4G24550	arabidopsis	259	s-nitrosylation	F4JQY9	C	verified	PMC12454217 MOESM2 (S-nitrosylation column)	Novel proteomics workflow paper; TAIR locus -> UniProt mapped, coordinate-verified in registered proteome v2
AT4G24620	arabidopsis	163	s-nitrosylation	Q8H103	C	verified	PMC12454217 MOESM2 (S-nitrosylation column)	Novel proteomics workflow paper; TAIR locus -> UniProt mapped, coordinate-verified in registered proteome v2
AT4G24750	arabidopsis	184	s-nitrosylation	Q0WWT7	C	verified	PMC12454217 MOESM2 (S-nitrosylation column)	Novel proteomics workflow paper; TAIR locus -> UniProt mapped, coordinate-verified in registered proteome v2
AT4G24800	arabidopsis	302	s-nitrosylation	Q8W4Q4	C	verified	PMC12454217 MOESM2 (S-nitrosylation column)	Novel proteomics workflow paper; TAIR locus -> UniProt mapped, coordinate-verified in registered proteome v2
AT4G24820	arabidopsis	186	s-nitrosylation	Q93Y35	C	verified	PMC12454217 MOESM2 (S-nitrosylation column)	Novel proteomics workflow paper; TAIR locus -> UniProt mapped, coordinate-verified in registered proteome v2
AT4G24830	arabidopsis	170	s-nitrosylation	B3H778	C	verified	PMC12454217 MOESM2 (S-nitrosylation column)	Novel proteomics workflow paper; TAIR locus -> UniProt mapped, coordinate-verified in registered proteome v2
AT4G24940	arabidopsis	47	s-nitrosylation	Q8VY78	C	verified	PMC12454217 MOESM2 (S-nitrosylation column)	Novel proteomics workflow paper; TAIR locus -> UniProt mapped, coordinate-verified in registered proteome v2
AT4G25130	arabidopsis	135	s-nitrosylation	P54150	C	verified	PMC12454217 MOESM2 (S-nitrosylation column)	Novel proteomics workflow paper; TAIR locus -> UniProt mapped, coordinate-verified in registered proteome v2
AT4G25450	arabidopsis	289	s-nitrosylation	Q8LPQ6	C	verified	PMC12454217 MOESM2 (S-nitrosylation column)	Novel proteomics workflow paper; TAIR locus -> UniProt mapped, coordinate-verified in registered proteome v2
AT4G25650	arabidopsis	362	s-nitrosylation	Q8W496	C	verified	PMC12454217 MOESM2 (S-nitrosylation column)	Novel proteomics workflow paper; TAIR locus -> UniProt mapped, coordinate-verified in registered proteome v2
AT4G25800	arabidopsis	37	s-nitrosylation	Q0WVV6	C	verified	PMC12454217 MOESM2 (S-nitrosylation column)	Novel proteomics workflow paper; TAIR locus -> UniProt mapped, coordinate-verified in registered proteome v2
AT4G25880	arabidopsis	514	s-nitrosylation	Q9C5E7	C	verified	PMC12454217 MOESM2 (S-nitrosylation column)	Novel proteomics workflow paper; TAIR locus -> UniProt mapped, coordinate-verified in registered proteome v2
AT4G25970	arabidopsis	146	s-nitrosylation	A4GNA8	C	verified	PMC12454217 MOESM2 (S-nitrosylation column)	Novel proteomics workflow paper; TAIR locus -> UniProt mapped, coordinate-verified in registered proteome v2
AT4G26070	arabidopsis	108	s-nitrosylation	Q94A06	C	verified	PMC12454217 MOESM2 (S-nitrosylation column)	Novel proteomics workflow paper; TAIR locus -> UniProt mapped, coordinate-verified in registered proteome v2
AT4G26160	arabidopsis	185	s-nitrosylation	Q8LEK4	C	verified	PMC12454217 MOESM2 (S-nitrosylation column)	Novel proteomics workflow paper; TAIR locus -> UniProt mapped, coordinate-verified in registered proteome v2
AT4G26300	arabidopsis	250	s-nitrosylation	Q0WRJ6	C	verified	PMC12454217 MOESM2 (S-nitrosylation column)	Novel proteomics workflow paper; TAIR locus -> UniProt mapped, coordinate-verified in registered proteome v2
AT4G26390	arabidopsis	13	s-nitrosylation	O65595	C	verified	PMC12454217 MOESM2 (S-nitrosylation column)	Novel proteomics workflow paper; TAIR locus -> UniProt mapped, coordinate-verified in registered proteome v2
AT4G26410	arabidopsis	211	s-nitrosylation	Q84K90	C	verified	PMC12454217 MOESM2 (S-nitrosylation column)	Novel proteomics workflow paper; TAIR locus -> UniProt mapped, coordinate-verified in registered proteome v2
AT4G26430	arabidopsis	243	s-nitrosylation	Q8W1P0	C	verified	PMC12454217 MOESM2 (S-nitrosylation column)	Novel proteomics workflow paper; TAIR locus -> UniProt mapped, coordinate-verified in registered proteome v2
AT4G26500	arabidopsis	131	s-nitrosylation	Q84W65	C	verified	PMC12454217 MOESM2 (S-nitrosylation column)	Novel proteomics workflow paper; TAIR locus -> UniProt mapped, coordinate-verified in registered proteome v2
AT4G26530	arabidopsis	68	s-nitrosylation	O65581	C	verified	PMC12454217 MOESM2 (S-nitrosylation column)	Novel proteomics workflow paper; TAIR locus -> UniProt mapped, coordinate-verified in registered proteome v2
AT4G26690	arabidopsis	91	s-nitrosylation	Q9SZ11	C	verified	PMC12454217 MOESM2 (S-nitrosylation column)	Novel proteomics workflow paper; TAIR locus -> UniProt mapped, coordinate-verified in registered proteome v2
AT4G26840	arabidopsis	48	s-nitrosylation	P55852	C	verified	PMC12454217 MOESM2 (S-nitrosylation column)	Novel proteomics workflow paper; TAIR locus -> UniProt mapped, coordinate-verified in registered proteome v2
AT4G26860	arabidopsis	59	s-nitrosylation	F4JVS3	C	verified	PMC12454217 MOESM2 (S-nitrosylation column)	Novel proteomics workflow paper; TAIR locus -> UniProt mapped, coordinate-verified in registered proteome v2
AT4G26870	arabidopsis	276	s-nitrosylation	Q8H104	C	verified	PMC12454217 MOESM2 (S-nitrosylation column)	Novel proteomics workflow paper; TAIR locus -> UniProt mapped, coordinate-verified in registered proteome v2
AT4G26900	arabidopsis	128	s-nitrosylation	Q9SZ30	C	verified	PMC12454217 MOESM2 (S-nitrosylation column)	Novel proteomics workflow paper; TAIR locus -> UniProt mapped, coordinate-verified in registered proteome v2
AT4G26970	arabidopsis	151	s-nitrosylation	Q94A28	C	verified	PMC12454217 MOESM2 (S-nitrosylation column)	Novel proteomics workflow paper; TAIR locus -> UniProt mapped, coordinate-verified in registered proteome v2
AT4G27000	arabidopsis	315	s-nitrosylation	Q93W34	C	verified	PMC12454217 MOESM2 (S-nitrosylation column)	Novel proteomics workflow paper; TAIR locus -> UniProt mapped, coordinate-verified in registered proteome v2
AT4G27320	arabidopsis	156	s-nitrosylation	Q8L4N1	C	verified	PMC12454217 MOESM2 (S-nitrosylation column)	Novel proteomics workflow paper; TAIR locus -> UniProt mapped, coordinate-verified in registered proteome v2
AT4G27430	arabidopsis	206	s-nitrosylation	O80386	C	verified	PMC12454217 MOESM2 (S-nitrosylation column)	Novel proteomics workflow paper; TAIR locus -> UniProt mapped, coordinate-verified in registered proteome v2
AT4G27440	arabidopsis	120	s-nitrosylation	P21218	C	verified	PMC12454217 MOESM2 (S-nitrosylation column)	Novel proteomics workflow paper; TAIR locus -> UniProt mapped, coordinate-verified in registered proteome v2
AT4G27500	arabidopsis	176	s-nitrosylation	A0A178UT56	C	verified	PMC12454217 MOESM2 (S-nitrosylation column)	Novel proteomics workflow paper; TAIR locus -> UniProt mapped, coordinate-verified in registered proteome v2
AT4G27520	arabidopsis	84	s-nitrosylation	Q9T076	C	verified	PMC12454217 MOESM2 (S-nitrosylation column)	Novel proteomics workflow paper; TAIR locus -> UniProt mapped, coordinate-verified in registered proteome v2
AT4G27560	arabidopsis	216	s-nitrosylation	Q9T080	C	verified	PMC12454217 MOESM2 (S-nitrosylation column)	Novel proteomics workflow paper; TAIR locus -> UniProt mapped, coordinate-verified in registered proteome v2
AT4G27585	arabidopsis	197	s-nitrosylation	F4JJN8	C	verified	PMC12454217 MOESM2 (S-nitrosylation column)	Novel proteomics workflow paper; TAIR locus -> UniProt mapped, coordinate-verified in registered proteome v2
AT4G27690	arabidopsis	53	s-nitrosylation	Q9T091	C	verified	PMC12454217 MOESM2 (S-nitrosylation column)	Novel proteomics workflow paper; TAIR locus -> UniProt mapped, coordinate-verified in registered proteome v2
AT4G27700	arabidopsis	166	s-nitrosylation	Q94A65	C	verified	PMC12454217 MOESM2 (S-nitrosylation column)	Novel proteomics workflow paper; TAIR locus -> UniProt mapped, coordinate-verified in registered proteome v2
AT4G27760	arabidopsis	369	s-nitrosylation	F4JJR8	C	verified	PMC12454217 MOESM2 (S-nitrosylation column)	Novel proteomics workflow paper; TAIR locus -> UniProt mapped, coordinate-verified in registered proteome v2
AT4G27800	arabidopsis	182	s-nitrosylation	P49599	C	verified	PMC12454217 MOESM2 (S-nitrosylation column)	Novel proteomics workflow paper; TAIR locus -> UniProt mapped, coordinate-verified in registered proteome v2
AT4G27960	arabidopsis	115	s-nitrosylation	F4JKF3	C	verified	PMC12454217 MOESM2 (S-nitrosylation column)	Novel proteomics workflow paper; TAIR locus -> UniProt mapped, coordinate-verified in registered proteome v2
AT4G28030	arabidopsis	162	s-nitrosylation	Q94AC8	C	verified	PMC12454217 MOESM2 (S-nitrosylation column)	Novel proteomics workflow paper; TAIR locus -> UniProt mapped, coordinate-verified in registered proteome v2
AT4G28080	arabidopsis	363	s-nitrosylation	F4JKH6	C	verified	PMC12454217 MOESM2 (S-nitrosylation column)	Novel proteomics workflow paper; TAIR locus -> UniProt mapped, coordinate-verified in registered proteome v2
AT4G28220	arabidopsis	197	s-nitrosylation	A0A1P8B6J0	C	verified	PMC12454217 MOESM2 (S-nitrosylation column)	Novel proteomics workflow paper; TAIR locus -> UniProt mapped, coordinate-verified in registered proteome v2
AT4G28390	arabidopsis	129	s-nitrosylation	O49447	C	verified	PMC12454217 MOESM2 (S-nitrosylation column)	Novel proteomics workflow paper; TAIR locus -> UniProt mapped, coordinate-verified in registered proteome v2
AT4G28400	arabidopsis	17	s-nitrosylation	A0A1P8B3J3	C	verified	PMC12454217 MOESM2 (S-nitrosylation column)	Novel proteomics workflow paper; TAIR locus -> UniProt mapped, coordinate-verified in registered proteome v2
AT4G28470	arabidopsis	621	s-nitrosylation	Q6XJG8	C	verified	PMC12454217 MOESM2 (S-nitrosylation column)	Novel proteomics workflow paper; TAIR locus -> UniProt mapped, coordinate-verified in registered proteome v2
AT4G28480	arabidopsis	180	s-nitrosylation	O49457	C	verified	PMC12454217 MOESM2 (S-nitrosylation column)	Novel proteomics workflow paper; TAIR locus -> UniProt mapped, coordinate-verified in registered proteome v2
AT4G28706	arabidopsis	94	s-nitrosylation	F4JM15	C	verified	PMC12454217 MOESM2 (S-nitrosylation column)	Novel proteomics workflow paper; TAIR locus -> UniProt mapped, coordinate-verified in registered proteome v2
AT4G28706	arabidopsis	94	s-nitrosylation	F4JM15	C	verified	PMC12454217 MOESM2 (S-nitrosylation column)	Novel proteomics workflow paper; TAIR locus -> UniProt mapped, coordinate-verified in registered proteome v2
AT4G28710	arabidopsis	1436	s-nitrosylation	F4JM19	C	verified	PMC12454217 MOESM2 (S-nitrosylation column)	Novel proteomics workflow paper; TAIR locus -> UniProt mapped, coordinate-verified in registered proteome v2
AT4G28740	arabidopsis	213	s-nitrosylation	F4JM22	C	verified	PMC12454217 MOESM2 (S-nitrosylation column)	Novel proteomics workflow paper; TAIR locus -> UniProt mapped, coordinate-verified in registered proteome v2
AT4G29010	arabidopsis	92	s-nitrosylation	Q56Y55	C	verified	PMC12454217 MOESM2 (S-nitrosylation column)	Novel proteomics workflow paper; TAIR locus -> UniProt mapped, coordinate-verified in registered proteome v2
AT4G29060	arabidopsis	619	s-nitrosylation	Q9SZD6	C	verified	PMC12454217 MOESM2 (S-nitrosylation column)	Novel proteomics workflow paper; TAIR locus -> UniProt mapped, coordinate-verified in registered proteome v2
AT4G29120	arabidopsis	151	s-nitrosylation	Q9SZE1	C	verified	PMC12454217 MOESM2 (S-nitrosylation column)	Novel proteomics workflow paper; TAIR locus -> UniProt mapped, coordinate-verified in registered proteome v2
AT4G29130	arabidopsis	159	s-nitrosylation	Q0WLE0	C	verified	PMC12454217 MOESM2 (S-nitrosylation column)	Novel proteomics workflow paper; TAIR locus -> UniProt mapped, coordinate-verified in registered proteome v2
AT4G29160	arabidopsis	62	s-nitrosylation	Q9SZE4	C	verified	PMC12454217 MOESM2 (S-nitrosylation column)	Novel proteomics workflow paper; TAIR locus -> UniProt mapped, coordinate-verified in registered proteome v2
AT4G29190	arabidopsis	101	s-nitrosylation	Q9M0G2	C	verified	PMC12454217 MOESM2 (S-nitrosylation column)	Novel proteomics workflow paper; TAIR locus -> UniProt mapped, coordinate-verified in registered proteome v2
AT4G29350	arabidopsis	115	s-nitrosylation	Q42418	C	verified	PMC12454217 MOESM2 (S-nitrosylation column)	Novel proteomics workflow paper; TAIR locus -> UniProt mapped, coordinate-verified in registered proteome v2
AT4G29410	arabidopsis	18	s-nitrosylation	Q9M0E2	C	verified	PMC12454217 MOESM2 (S-nitrosylation column)	Novel proteomics workflow paper; TAIR locus -> UniProt mapped, coordinate-verified in registered proteome v2
AT4G29490	arabidopsis	52	s-nitrosylation	F4JNM8	C	verified	PMC12454217 MOESM2 (S-nitrosylation column)	Novel proteomics workflow paper; TAIR locus -> UniProt mapped, coordinate-verified in registered proteome v2
AT4G29610	arabidopsis	103	s-nitrosylation	Q9SU86	C	verified	PMC12454217 MOESM2 (S-nitrosylation column)	Novel proteomics workflow paper; TAIR locus -> UniProt mapped, coordinate-verified in registered proteome v2
AT4G29670	arabidopsis	169	s-nitrosylation	Q8LCT3	C	verified	PMC12454217 MOESM2 (S-nitrosylation column)	Novel proteomics workflow paper; TAIR locus -> UniProt mapped, coordinate-verified in registered proteome v2
AT4G29700	arabidopsis	387	s-nitrosylation	Q9SU81	C	verified	PMC12454217 MOESM2 (S-nitrosylation column)	Novel proteomics workflow paper; TAIR locus -> UniProt mapped, coordinate-verified in registered proteome v2
AT4G29730	arabidopsis	371	s-nitrosylation	A0A1P8B6T2	C	verified	PMC12454217 MOESM2 (S-nitrosylation column)	Novel proteomics workflow paper; TAIR locus -> UniProt mapped, coordinate-verified in registered proteome v2
AT4G29780	arabidopsis	287	s-nitrosylation	F4JNR6	C	verified	PMC12454217 MOESM2 (S-nitrosylation column)	Novel proteomics workflow paper; TAIR locus -> UniProt mapped, coordinate-verified in registered proteome v2
AT4G29820	arabidopsis	192	s-nitrosylation	Q94AF0	C	verified	PMC12454217 MOESM2 (S-nitrosylation column)	Novel proteomics workflow paper; TAIR locus -> UniProt mapped, coordinate-verified in registered proteome v2
AT4G29840	arabidopsis	350	s-nitrosylation	Q9S7B5	C	verified	PMC12454217 MOESM2 (S-nitrosylation column)	Novel proteomics workflow paper; TAIR locus -> UniProt mapped, coordinate-verified in registered proteome v2
AT4G29900	arabidopsis	724	s-nitrosylation	Q9SZR1	C	verified	PMC12454217 MOESM2 (S-nitrosylation column)	Novel proteomics workflow paper; TAIR locus -> UniProt mapped, coordinate-verified in registered proteome v2
AT4G30000	arabidopsis	501	s-nitrosylation	Q9SZV3	C	verified	PMC12454217 MOESM2 (S-nitrosylation column)	Novel proteomics workflow paper; TAIR locus -> UniProt mapped, coordinate-verified in registered proteome v2
AT4G30160	arabidopsis	258	s-nitrosylation	O65570	C	verified	PMC12454217 MOESM2 (S-nitrosylation column)	Novel proteomics workflow paper; TAIR locus -> UniProt mapped, coordinate-verified in registered proteome v2
AT4G30190	arabidopsis	202	s-nitrosylation	F4JPJ7	C	verified	PMC12454217 MOESM2 (S-nitrosylation column)	Novel proteomics workflow paper; TAIR locus -> UniProt mapped, coordinate-verified in registered proteome v2
AT4G30210	arabidopsis	475	s-nitrosylation	A0A1P8B3S1	C	verified	PMC12454217 MOESM2 (S-nitrosylation column)	Novel proteomics workflow paper; TAIR locus -> UniProt mapped, coordinate-verified in registered proteome v2
AT4G30220	arabidopsis	75	s-nitrosylation	F4JPK5	C	verified	PMC12454217 MOESM2 (S-nitrosylation column)	Novel proteomics workflow paper; TAIR locus -> UniProt mapped, coordinate-verified in registered proteome v2
AT4G30310	arabidopsis	65	s-nitrosylation	F4JQ90	C	verified	PMC12454217 MOESM2 (S-nitrosylation column)	Novel proteomics workflow paper; TAIR locus -> UniProt mapped, coordinate-verified in registered proteome v2
AT4G30340	arabidopsis	142	s-nitrosylation	A0A1P8B509	C	verified	PMC12454217 MOESM2 (S-nitrosylation column)	Novel proteomics workflow paper; TAIR locus -> UniProt mapped, coordinate-verified in registered proteome v2
AT4G30440	arabidopsis	318	s-nitrosylation	Q9M0B6	C	verified	PMC12454217 MOESM2 (S-nitrosylation column)	Novel proteomics workflow paper; TAIR locus -> UniProt mapped, coordinate-verified in registered proteome v2
AT4G30490	arabidopsis	424	s-nitrosylation	F4JQB3	C	verified	PMC12454217 MOESM2 (S-nitrosylation column)	Novel proteomics workflow paper; TAIR locus -> UniProt mapped, coordinate-verified in registered proteome v2
AT4G30530	arabidopsis	83	s-nitrosylation	Q9M0A7	C	verified	PMC12454217 MOESM2 (S-nitrosylation column)	Novel proteomics workflow paper; TAIR locus -> UniProt mapped, coordinate-verified in registered proteome v2
AT4G30720	arabidopsis	192	s-nitrosylation	F4JQE2	C	verified	PMC12454217 MOESM2 (S-nitrosylation column)	Novel proteomics workflow paper; TAIR locus -> UniProt mapped, coordinate-verified in registered proteome v2
AT4G30910	arabidopsis	450	s-nitrosylation	Q8RX72	C	verified	PMC12454217 MOESM2 (S-nitrosylation column)	Novel proteomics workflow paper; TAIR locus -> UniProt mapped, coordinate-verified in registered proteome v2
AT4G30920	arabidopsis	209	s-nitrosylation	Q944P7	C	verified	PMC12454217 MOESM2 (S-nitrosylation column)	Novel proteomics workflow paper; TAIR locus -> UniProt mapped, coordinate-verified in registered proteome v2
AT4G30950	arabidopsis	413	s-nitrosylation	P46312	C	verified	PMC12454217 MOESM2 (S-nitrosylation column)	Novel proteomics workflow paper; TAIR locus -> UniProt mapped, coordinate-verified in registered proteome v2
AT4G31130	arabidopsis	66	s-nitrosylation	A0A178V2H8	C	verified	PMC12454217 MOESM2 (S-nitrosylation column)	Novel proteomics workflow paper; TAIR locus -> UniProt mapped, coordinate-verified in registered proteome v2
AT4G31180	arabidopsis	302	s-nitrosylation	Q9M084	C	verified	PMC12454217 MOESM2 (S-nitrosylation column)	Novel proteomics workflow paper; TAIR locus -> UniProt mapped, coordinate-verified in registered proteome v2
AT4G31210	arabidopsis	652	s-nitrosylation	A0A1P8B5I9	C	verified	PMC12454217 MOESM2 (S-nitrosylation column)	Novel proteomics workflow paper; TAIR locus -> UniProt mapped, coordinate-verified in registered proteome v2
AT4G31300	arabidopsis	56	s-nitrosylation	F4JRY2	C	verified	PMC12454217 MOESM2 (S-nitrosylation column)	Novel proteomics workflow paper; TAIR locus -> UniProt mapped, coordinate-verified in registered proteome v2
AT4G31340	arabidopsis	412	s-nitrosylation	F4JRY8	C	verified	PMC12454217 MOESM2 (S-nitrosylation column)	Novel proteomics workflow paper; TAIR locus -> UniProt mapped, coordinate-verified in registered proteome v2
AT4G31390	arabidopsis	107	s-nitrosylation	Q8RWG1	C	verified	PMC12454217 MOESM2 (S-nitrosylation column)	Novel proteomics workflow paper; TAIR locus -> UniProt mapped, coordinate-verified in registered proteome v2
AT4G31480	arabidopsis	121	s-nitrosylation	A0A1P8B4C2	C	verified	PMC12454217 MOESM2 (S-nitrosylation column)	Novel proteomics workflow paper; TAIR locus -> UniProt mapped, coordinate-verified in registered proteome v2
AT4G31490	arabidopsis	98	s-nitrosylation	Q9SV20	C	verified	PMC12454217 MOESM2 (S-nitrosylation column)	Novel proteomics workflow paper; TAIR locus -> UniProt mapped, coordinate-verified in registered proteome v2
AT4G31500	arabidopsis	129	s-nitrosylation	O65782	C	verified	PMC12454217 MOESM2 (S-nitrosylation column)	Novel proteomics workflow paper; TAIR locus -> UniProt mapped, coordinate-verified in registered proteome v2
AT4G31530	arabidopsis	148	s-nitrosylation	F4JSP1	C	verified	PMC12454217 MOESM2 (S-nitrosylation column)	Novel proteomics workflow paper; TAIR locus -> UniProt mapped, coordinate-verified in registered proteome v2
AT4G31700	arabidopsis	12	s-nitrosylation	O48549	C	verified	PMC12454217 MOESM2 (S-nitrosylation column)	Novel proteomics workflow paper; TAIR locus -> UniProt mapped, coordinate-verified in registered proteome v2
AT4G31790	arabidopsis	181	s-nitrosylation	O81769	C	verified	PMC12454217 MOESM2 (S-nitrosylation column)	Novel proteomics workflow paper; TAIR locus -> UniProt mapped, coordinate-verified in registered proteome v2
AT4G31810	arabidopsis	99	s-nitrosylation	Q8RXN4	C	verified	PMC12454217 MOESM2 (S-nitrosylation column)	Novel proteomics workflow paper; TAIR locus -> UniProt mapped, coordinate-verified in registered proteome v2
AT4G31860	arabidopsis	301	s-nitrosylation	Q9SZ53	C	verified	PMC12454217 MOESM2 (S-nitrosylation column)	Novel proteomics workflow paper; TAIR locus -> UniProt mapped, coordinate-verified in registered proteome v2
AT4G31880	arabidopsis	82	s-nitrosylation	F4JTF2	C	verified	PMC12454217 MOESM2 (S-nitrosylation column)	Novel proteomics workflow paper; TAIR locus -> UniProt mapped, coordinate-verified in registered proteome v2
AT4G31990	arabidopsis	231	s-nitrosylation	B9DG21	C	verified	PMC12454217 MOESM2 (S-nitrosylation column)	Novel proteomics workflow paper; TAIR locus -> UniProt mapped, coordinate-verified in registered proteome v2
AT4G32070	arabidopsis	134	s-nitrosylation	F4JTI1	C	verified	PMC12454217 MOESM2 (S-nitrosylation column)	Novel proteomics workflow paper; TAIR locus -> UniProt mapped, coordinate-verified in registered proteome v2
AT4G32180	arabidopsis	145	s-nitrosylation	F4JTJ6	C	verified	PMC12454217 MOESM2 (S-nitrosylation column)	Novel proteomics workflow paper; TAIR locus -> UniProt mapped, coordinate-verified in registered proteome v2
AT4G32410	arabidopsis	758	s-nitrosylation	O48946	C	verified	PMC12454217 MOESM2 (S-nitrosylation column)	Novel proteomics workflow paper; TAIR locus -> UniProt mapped, coordinate-verified in registered proteome v2
AT4G32520	arabidopsis	125	s-nitrosylation	Q94JQ3	C	verified	PMC12454217 MOESM2 (S-nitrosylation column)	Novel proteomics workflow paper; TAIR locus -> UniProt mapped, coordinate-verified in registered proteome v2
AT4G32590	arabidopsis	150	s-nitrosylation	F4JUE0	C	verified	PMC12454217 MOESM2 (S-nitrosylation column)	Novel proteomics workflow paper; TAIR locus -> UniProt mapped, coordinate-verified in registered proteome v2
AT4G32640	arabidopsis	467	s-nitrosylation	Q9M081	C	verified	PMC12454217 MOESM2 (S-nitrosylation column)	Novel proteomics workflow paper; TAIR locus -> UniProt mapped, coordinate-verified in registered proteome v2
AT4G32720	arabidopsis	5	s-nitrosylation	Q93ZV7	C	verified	PMC12454217 MOESM2 (S-nitrosylation column)	Novel proteomics workflow paper; TAIR locus -> UniProt mapped, coordinate-verified in registered proteome v2
AT4G32760	arabidopsis	247	s-nitrosylation	A0A1P8B8V4	C	verified	PMC12454217 MOESM2 (S-nitrosylation column)	Novel proteomics workflow paper; TAIR locus -> UniProt mapped, coordinate-verified in registered proteome v2
AT4G32770	arabidopsis	151	s-nitrosylation	Q0WW11	C	verified	PMC12454217 MOESM2 (S-nitrosylation column)	Novel proteomics workflow paper; TAIR locus -> UniProt mapped, coordinate-verified in registered proteome v2
AT4G32915	arabidopsis	85	s-nitrosylation	F4JV80	C	verified	PMC12454217 MOESM2 (S-nitrosylation column)	Novel proteomics workflow paper; TAIR locus -> UniProt mapped, coordinate-verified in registered proteome v2
AT4G32930	arabidopsis	49	s-nitrosylation	F4JVV4	C	verified	PMC12454217 MOESM2 (S-nitrosylation column)	Novel proteomics workflow paper; TAIR locus -> UniProt mapped, coordinate-verified in registered proteome v2
AT4G32940	arabidopsis	80	s-nitrosylation	Q39119	C	verified	PMC12454217 MOESM2 (S-nitrosylation column)	Novel proteomics workflow paper; TAIR locus -> UniProt mapped, coordinate-verified in registered proteome v2
AT4G33010	arabidopsis	98	s-nitrosylation	B3H5Y8	C	verified	PMC12454217 MOESM2 (S-nitrosylation column)	Novel proteomics workflow paper; TAIR locus -> UniProt mapped, coordinate-verified in registered proteome v2
AT4G33030	arabidopsis	112	s-nitrosylation	O48917	C	verified	PMC12454217 MOESM2 (S-nitrosylation column)	Novel proteomics workflow paper; TAIR locus -> UniProt mapped, coordinate-verified in registered proteome v2
AT4G33050	arabidopsis	441	s-nitrosylation	A0A1P8B3J0	C	verified	PMC12454217 MOESM2 (S-nitrosylation column)	Novel proteomics workflow paper; TAIR locus -> UniProt mapped, coordinate-verified in registered proteome v2
AT4G33090	arabidopsis	521	s-nitrosylation	Q8VZH2	C	verified	PMC12454217 MOESM2 (S-nitrosylation column)	Novel proteomics workflow paper; TAIR locus -> UniProt mapped, coordinate-verified in registered proteome v2
AT4G33110	arabidopsis	160	s-nitrosylation	F4JVY1	C	verified	PMC12454217 MOESM2 (S-nitrosylation column)	Novel proteomics workflow paper; TAIR locus -> UniProt mapped, coordinate-verified in registered proteome v2
AT4G33350	arabidopsis	199	s-nitrosylation	Q9SZB2	C	verified	PMC12454217 MOESM2 (S-nitrosylation column)	Novel proteomics workflow paper; TAIR locus -> UniProt mapped, coordinate-verified in registered proteome v2
AT4G33360	arabidopsis	149	s-nitrosylation	B3H6K6	C	verified	PMC12454217 MOESM2 (S-nitrosylation column)	Novel proteomics workflow paper; TAIR locus -> UniProt mapped, coordinate-verified in registered proteome v2
AT4G33430	arabidopsis	400	s-nitrosylation	F4JIX9	C	verified	PMC12454217 MOESM2 (S-nitrosylation column)	Novel proteomics workflow paper; TAIR locus -> UniProt mapped, coordinate-verified in registered proteome v2
AT4G33460	arabidopsis	184	s-nitrosylation	Q8H1R4	C	verified	PMC12454217 MOESM2 (S-nitrosylation column)	Novel proteomics workflow paper; TAIR locus -> UniProt mapped, coordinate-verified in registered proteome v2
AT4G33500	arabidopsis	659	s-nitrosylation	Q93V88	C	verified	PMC12454217 MOESM2 (S-nitrosylation column)	Novel proteomics workflow paper; TAIR locus -> UniProt mapped, coordinate-verified in registered proteome v2
AT4G33510	arabidopsis	116	s-nitrosylation	F4JIZ3	C	verified	PMC12454217 MOESM2 (S-nitrosylation column)	Novel proteomics workflow paper; TAIR locus -> UniProt mapped, coordinate-verified in registered proteome v2
AT4G33520	arabidopsis	217	s-nitrosylation	A0A1P8B649	C	verified	PMC12454217 MOESM2 (S-nitrosylation column)	Novel proteomics workflow paper; TAIR locus -> UniProt mapped, coordinate-verified in registered proteome v2
AT4G33520	arabidopsis	217	s-nitrosylation	A0A1P8B649	C	verified	PMC12454217 MOESM2 (S-nitrosylation column)	Novel proteomics workflow paper; TAIR locus -> UniProt mapped, coordinate-verified in registered proteome v2
AT4G33580	arabidopsis	120	s-nitrosylation	Q94CE3	C	verified	PMC12454217 MOESM2 (S-nitrosylation column)	Novel proteomics workflow paper; TAIR locus -> UniProt mapped, coordinate-verified in registered proteome v2
AT4G33650	arabidopsis	274	s-nitrosylation	F4JJ15	C	verified	PMC12454217 MOESM2 (S-nitrosylation column)	Novel proteomics workflow paper; TAIR locus -> UniProt mapped, coordinate-verified in registered proteome v2
AT4G33670	arabidopsis	123	s-nitrosylation	O81884	C	verified	PMC12454217 MOESM2 (S-nitrosylation column)	Novel proteomics workflow paper; TAIR locus -> UniProt mapped, coordinate-verified in registered proteome v2
AT4G33680	arabidopsis	218	s-nitrosylation	Q93ZN9	C	verified	PMC12454217 MOESM2 (S-nitrosylation column)	Novel proteomics workflow paper; TAIR locus -> UniProt mapped, coordinate-verified in registered proteome v2
AT4G33760	arabidopsis	642	s-nitrosylation	F4JJT9	C	verified	PMC12454217 MOESM2 (S-nitrosylation column)	Novel proteomics workflow paper; TAIR locus -> UniProt mapped, coordinate-verified in registered proteome v2
AT4G33910	arabidopsis	99	s-nitrosylation	Q8VZJ7	C	verified	PMC12454217 MOESM2 (S-nitrosylation column)	Novel proteomics workflow paper; TAIR locus -> UniProt mapped, coordinate-verified in registered proteome v2
AT4G34030	arabidopsis	568	s-nitrosylation	Q9LDD8	C	verified	PMC12454217 MOESM2 (S-nitrosylation column)	Novel proteomics workflow paper; TAIR locus -> UniProt mapped, coordinate-verified in registered proteome v2
AT4G34110	arabidopsis	153	s-nitrosylation	P42731	C	verified	PMC12454217 MOESM2 (S-nitrosylation column)	Novel proteomics workflow paper; TAIR locus -> UniProt mapped, coordinate-verified in registered proteome v2
AT4G34135	arabidopsis	129	s-nitrosylation	F4JKK6	C	verified	PMC12454217 MOESM2 (S-nitrosylation column)	Novel proteomics workflow paper; TAIR locus -> UniProt mapped, coordinate-verified in registered proteome v2
AT4G34200	arabidopsis	86	s-nitrosylation	O49485	C	verified	PMC12454217 MOESM2 (S-nitrosylation column)	Novel proteomics workflow paper; TAIR locus -> UniProt mapped, coordinate-verified in registered proteome v2
AT4G34215	arabidopsis	58	s-nitrosylation	Q8L9J9	C	verified	PMC12454217 MOESM2 (S-nitrosylation column)	Novel proteomics workflow paper; TAIR locus -> UniProt mapped, coordinate-verified in registered proteome v2
AT4G34230	arabidopsis	114	s-nitrosylation	F4JKM2	C	verified	PMC12454217 MOESM2 (S-nitrosylation column)	Novel proteomics workflow paper; TAIR locus -> UniProt mapped, coordinate-verified in registered proteome v2
AT4G34240	arabidopsis	114	s-nitrosylation	F4JKM4	C	verified	PMC12454217 MOESM2 (S-nitrosylation column)	Novel proteomics workflow paper; TAIR locus -> UniProt mapped, coordinate-verified in registered proteome v2
AT4G34270	arabidopsis	128	s-nitrosylation	Q8VXY4	C	verified	PMC12454217 MOESM2 (S-nitrosylation column)	Novel proteomics workflow paper; TAIR locus -> UniProt mapped, coordinate-verified in registered proteome v2
AT4G34350	arabidopsis	122	s-nitrosylation	Q94B35	C	verified	PMC12454217 MOESM2 (S-nitrosylation column)	Novel proteomics workflow paper; TAIR locus -> UniProt mapped, coordinate-verified in registered proteome v2
AT4G34450	arabidopsis	232	s-nitrosylation	B9DHT9	C	verified	PMC12454217 MOESM2 (S-nitrosylation column)	Novel proteomics workflow paper; TAIR locus -> UniProt mapped, coordinate-verified in registered proteome v2
AT4G34490	arabidopsis	127	s-nitrosylation	A0A1P8B7W9	C	verified	PMC12454217 MOESM2 (S-nitrosylation column)	Novel proteomics workflow paper; TAIR locus -> UniProt mapped, coordinate-verified in registered proteome v2
AT4G34660	arabidopsis	341	s-nitrosylation	Q8VWF1	C	verified	PMC12454217 MOESM2 (S-nitrosylation column)	Novel proteomics workflow paper; TAIR locus -> UniProt mapped, coordinate-verified in registered proteome v2
AT4G34670	arabidopsis	139	s-nitrosylation	Q42262	C	verified	PMC12454217 MOESM2 (S-nitrosylation column)	Novel proteomics workflow paper; TAIR locus -> UniProt mapped, coordinate-verified in registered proteome v2
AT4G34740	arabidopsis	237	s-nitrosylation	Q9STG9	C	verified	PMC12454217 MOESM2 (S-nitrosylation column)	Novel proteomics workflow paper; TAIR locus -> UniProt mapped, coordinate-verified in registered proteome v2
AT4G34860	arabidopsis	457	s-nitrosylation	Q9SW48	C	verified	PMC12454217 MOESM2 (S-nitrosylation column)	Novel proteomics workflow paper; TAIR locus -> UniProt mapped, coordinate-verified in registered proteome v2
AT4G34870	arabidopsis	40	s-nitrosylation	Q42406	C	verified	PMC12454217 MOESM2 (S-nitrosylation column)	Novel proteomics workflow paper; TAIR locus -> UniProt mapped, coordinate-verified in registered proteome v2
AT4G34890	arabidopsis	153	s-nitrosylation	Q8GUQ8	C	verified	PMC12454217 MOESM2 (S-nitrosylation column)	Novel proteomics workflow paper; TAIR locus -> UniProt mapped, coordinate-verified in registered proteome v2
AT4G34920	arabidopsis	281	s-nitrosylation	Q9SW43	C	verified	PMC12454217 MOESM2 (S-nitrosylation column)	Novel proteomics workflow paper; TAIR locus -> UniProt mapped, coordinate-verified in registered proteome v2
AT4G34960	arabidopsis	83	s-nitrosylation	A0A1P8B5U2	C	verified	PMC12454217 MOESM2 (S-nitrosylation column)	Novel proteomics workflow paper; TAIR locus -> UniProt mapped, coordinate-verified in registered proteome v2
AT4G34980	arabidopsis	399	s-nitrosylation	O49607	C	verified	PMC12454217 MOESM2 (S-nitrosylation column)	Novel proteomics workflow paper; TAIR locus -> UniProt mapped, coordinate-verified in registered proteome v2
AT4G35000	arabidopsis	30	s-nitrosylation	Q42564	C	verified	PMC12454217 MOESM2 (S-nitrosylation column)	Novel proteomics workflow paper; TAIR locus -> UniProt mapped, coordinate-verified in registered proteome v2
AT4G35020	arabidopsis	9	s-nitrosylation	A0A1P8B372	C	verified	PMC12454217 MOESM2 (S-nitrosylation column)	Novel proteomics workflow paper; TAIR locus -> UniProt mapped, coordinate-verified in registered proteome v2
AT4G35090	arabidopsis	86	s-nitrosylation	A0A1P8B564	C	verified	PMC12454217 MOESM2 (S-nitrosylation column)	Novel proteomics workflow paper; TAIR locus -> UniProt mapped, coordinate-verified in registered proteome v2
AT4G35100	arabidopsis	126	s-nitrosylation	C0SVL5	C	verified	PMC12454217 MOESM2 (S-nitrosylation column)	Novel proteomics workflow paper; TAIR locus -> UniProt mapped, coordinate-verified in registered proteome v2
AT4G35230	arabidopsis	139	s-nitrosylation	Q944A7	C	verified	PMC12454217 MOESM2 (S-nitrosylation column)	Novel proteomics workflow paper; TAIR locus -> UniProt mapped, coordinate-verified in registered proteome v2
AT4G35250	arabidopsis	151	s-nitrosylation	O65502	C	verified	PMC12454217 MOESM2 (S-nitrosylation column)	Novel proteomics workflow paper; TAIR locus -> UniProt mapped, coordinate-verified in registered proteome v2
AT4G35260	arabidopsis	216	s-nitrosylation	Q8LFC0	C	verified	PMC12454217 MOESM2 (S-nitrosylation column)	Novel proteomics workflow paper; TAIR locus -> UniProt mapped, coordinate-verified in registered proteome v2
AT4G35310	arabidopsis	356	s-nitrosylation	Q38871	C	verified	PMC12454217 MOESM2 (S-nitrosylation column)	Novel proteomics workflow paper; TAIR locus -> UniProt mapped, coordinate-verified in registered proteome v2
AT4G35350	arabidopsis	342	s-nitrosylation	O65493	C	verified	PMC12454217 MOESM2 (S-nitrosylation column)	Novel proteomics workflow paper; TAIR locus -> UniProt mapped, coordinate-verified in registered proteome v2
AT4G35360	arabidopsis	100	s-nitrosylation	F4JN03	C	verified	PMC12454217 MOESM2 (S-nitrosylation column)	Novel proteomics workflow paper; TAIR locus -> UniProt mapped, coordinate-verified in registered proteome v2
AT4G35380	arabidopsis	1149	s-nitrosylation	A0A1P8B4J7	C	verified	PMC12454217 MOESM2 (S-nitrosylation column)	Novel proteomics workflow paper; TAIR locus -> UniProt mapped, coordinate-verified in registered proteome v2
AT4G35450	arabidopsis	267	s-nitrosylation	F4JN13	C	verified	PMC12454217 MOESM2 (S-nitrosylation column)	Novel proteomics workflow paper; TAIR locus -> UniProt mapped, coordinate-verified in registered proteome v2
AT4G35460	arabidopsis	189	s-nitrosylation	Q39243	C	verified	PMC12454217 MOESM2 (S-nitrosylation column)	Novel proteomics workflow paper; TAIR locus -> UniProt mapped, coordinate-verified in registered proteome v2
AT4G35470	arabidopsis	53	s-nitrosylation	A0A1P8B8I3	C	verified	PMC12454217 MOESM2 (S-nitrosylation column)	Novel proteomics workflow paper; TAIR locus -> UniProt mapped, coordinate-verified in registered proteome v2
AT4G35630	arabidopsis	217	s-nitrosylation	Q96255	C	verified	PMC12454217 MOESM2 (S-nitrosylation column)	Novel proteomics workflow paper; TAIR locus -> UniProt mapped, coordinate-verified in registered proteome v2
AT4G35650	arabidopsis	217	s-nitrosylation	O81796	C	verified	PMC12454217 MOESM2 (S-nitrosylation column)	Novel proteomics workflow paper; TAIR locus -> UniProt mapped, coordinate-verified in registered proteome v2
AT4G35780	arabidopsis	312	s-nitrosylation	Q8RWL6	C	verified	PMC12454217 MOESM2 (S-nitrosylation column)	Novel proteomics workflow paper; TAIR locus -> UniProt mapped, coordinate-verified in registered proteome v2
AT4G35790	arabidopsis	365	s-nitrosylation	F4JNU6	C	verified	PMC12454217 MOESM2 (S-nitrosylation column)	Novel proteomics workflow paper; TAIR locus -> UniProt mapped, coordinate-verified in registered proteome v2
AT4G35800	arabidopsis	230	s-nitrosylation	P18616	C	verified	PMC12454217 MOESM2 (S-nitrosylation column)	Novel proteomics workflow paper; TAIR locus -> UniProt mapped, coordinate-verified in registered proteome v2
AT4G35830	arabidopsis	54	s-nitrosylation	Q42560	C	verified	PMC12454217 MOESM2 (S-nitrosylation column)	Novel proteomics workflow paper; TAIR locus -> UniProt mapped, coordinate-verified in registered proteome v2
AT4G35860	arabidopsis	21	s-nitrosylation	Q38922	C	verified	PMC12454217 MOESM2 (S-nitrosylation column)	Novel proteomics workflow paper; TAIR locus -> UniProt mapped, coordinate-verified in registered proteome v2
AT4G35950	arabidopsis	9	s-nitrosylation	Q9SBJ6	C	verified	PMC12454217 MOESM2 (S-nitrosylation column)	Novel proteomics workflow paper; TAIR locus -> UniProt mapped, coordinate-verified in registered proteome v2
AT4G35970	arabidopsis	29	s-nitrosylation	A0A1P8B5P9	C	verified	PMC12454217 MOESM2 (S-nitrosylation column)	Novel proteomics workflow paper; TAIR locus -> UniProt mapped, coordinate-verified in registered proteome v2
AT4G36130	arabidopsis	114	s-nitrosylation	Q42064	C	verified	PMC12454217 MOESM2 (S-nitrosylation column)	Novel proteomics workflow paper; TAIR locus -> UniProt mapped, coordinate-verified in registered proteome v2
AT4G36195	arabidopsis	283	s-nitrosylation	F4JPM9	C	verified	PMC12454217 MOESM2 (S-nitrosylation column)	Novel proteomics workflow paper; TAIR locus -> UniProt mapped, coordinate-verified in registered proteome v2
AT4G36210	arabidopsis	556	s-nitrosylation	B3H797	C	verified	PMC12454217 MOESM2 (S-nitrosylation column)	Novel proteomics workflow paper; TAIR locus -> UniProt mapped, coordinate-verified in registered proteome v2
AT4G36220	arabidopsis	197	s-nitrosylation	Q42600	C	verified	PMC12454217 MOESM2 (S-nitrosylation column)	Novel proteomics workflow paper; TAIR locus -> UniProt mapped, coordinate-verified in registered proteome v2
AT4G36250	arabidopsis	49	s-nitrosylation	Q70E96	C	verified	PMC12454217 MOESM2 (S-nitrosylation column)	Novel proteomics workflow paper; TAIR locus -> UniProt mapped, coordinate-verified in registered proteome v2
AT4G36480	arabidopsis	132	s-nitrosylation	A0A1P8B789	C	verified	PMC12454217 MOESM2 (S-nitrosylation column)	Novel proteomics workflow paper; TAIR locus -> UniProt mapped, coordinate-verified in registered proteome v2
AT4G36530	arabidopsis	307	s-nitrosylation	B9DGW5	C	verified	PMC12454217 MOESM2 (S-nitrosylation column)	Novel proteomics workflow paper; TAIR locus -> UniProt mapped, coordinate-verified in registered proteome v2
AT4G36760	arabidopsis	299	s-nitrosylation	A0A1P8B665	C	verified	PMC12454217 MOESM2 (S-nitrosylation column)	Novel proteomics workflow paper; TAIR locus -> UniProt mapped, coordinate-verified in registered proteome v2
AT4G36800	arabidopsis	48	s-nitrosylation	Q9SDY5	C	verified	PMC12454217 MOESM2 (S-nitrosylation column)	Novel proteomics workflow paper; TAIR locus -> UniProt mapped, coordinate-verified in registered proteome v2
AT4G36810	arabidopsis	288	s-nitrosylation	P34802	C	verified	PMC12454217 MOESM2 (S-nitrosylation column)	Novel proteomics workflow paper; TAIR locus -> UniProt mapped, coordinate-verified in registered proteome v2
AT4G36940	arabidopsis	197	s-nitrosylation	Q8RWM2	C	verified	PMC12454217 MOESM2 (S-nitrosylation column)	Novel proteomics workflow paper; TAIR locus -> UniProt mapped, coordinate-verified in registered proteome v2
AT4G37000	arabidopsis	84	s-nitrosylation	Q8LDU4	C	verified	PMC12454217 MOESM2 (S-nitrosylation column)	Novel proteomics workflow paper; TAIR locus -> UniProt mapped, coordinate-verified in registered proteome v2
AT4G37150	arabidopsis	203	s-nitrosylation	O23171	C	verified	PMC12454217 MOESM2 (S-nitrosylation column)	Novel proteomics workflow paper; TAIR locus -> UniProt mapped, coordinate-verified in registered proteome v2
AT4G37190	arabidopsis	208	s-nitrosylation	O23167	C	verified	PMC12454217 MOESM2 (S-nitrosylation column)	Novel proteomics workflow paper; TAIR locus -> UniProt mapped, coordinate-verified in registered proteome v2
AT4G37270	arabidopsis	655	s-nitrosylation	Q9M3H5	C	verified	PMC12454217 MOESM2 (S-nitrosylation column)	Novel proteomics workflow paper; TAIR locus -> UniProt mapped, coordinate-verified in registered proteome v2
AT4G37530	arabidopsis	36	s-nitrosylation	A8MRF4	C	verified	PMC12454217 MOESM2 (S-nitrosylation column)	Novel proteomics workflow paper; TAIR locus -> UniProt mapped, coordinate-verified in registered proteome v2
AT4G37550	arabidopsis	102	s-nitrosylation	A0A178UXH8	C	verified	PMC12454217 MOESM2 (S-nitrosylation column)	Novel proteomics workflow paper; TAIR locus -> UniProt mapped, coordinate-verified in registered proteome v2
AT4G37560	arabidopsis	133	s-nitrosylation	A0A1P8B392	C	verified	PMC12454217 MOESM2 (S-nitrosylation column)	Novel proteomics workflow paper; TAIR locus -> UniProt mapped, coordinate-verified in registered proteome v2
AT4G37640	arabidopsis	588	s-nitrosylation	O81108	C	verified	PMC12454217 MOESM2 (S-nitrosylation column)	Novel proteomics workflow paper; TAIR locus -> UniProt mapped, coordinate-verified in registered proteome v2
AT4G37800	arabidopsis	66	s-nitrosylation	Q8LER3	C	verified	PMC12454217 MOESM2 (S-nitrosylation column)	Novel proteomics workflow paper; TAIR locus -> UniProt mapped, coordinate-verified in registered proteome v2
AT4G37870	arabidopsis	38	s-nitrosylation	Q0WWL8	C	verified	PMC12454217 MOESM2 (S-nitrosylation column)	Novel proteomics workflow paper; TAIR locus -> UniProt mapped, coordinate-verified in registered proteome v2
AT4G37925	arabidopsis	109	s-nitrosylation	Q2V2S7	C	verified	PMC12454217 MOESM2 (S-nitrosylation column)	Novel proteomics workflow paper; TAIR locus -> UniProt mapped, coordinate-verified in registered proteome v2
AT4G37930	arabidopsis	125	s-nitrosylation	Q9SZJ5	C	verified	PMC12454217 MOESM2 (S-nitrosylation column)	Novel proteomics workflow paper; TAIR locus -> UniProt mapped, coordinate-verified in registered proteome v2
AT4G37980	arabidopsis	99	s-nitrosylation	C0Z2U0	C	verified	PMC12454217 MOESM2 (S-nitrosylation column)	Novel proteomics workflow paper; TAIR locus -> UniProt mapped, coordinate-verified in registered proteome v2
AT4G38160	arabidopsis	115	s-nitrosylation	F4JSY9	C	verified	PMC12454217 MOESM2 (S-nitrosylation column)	Novel proteomics workflow paper; TAIR locus -> UniProt mapped, coordinate-verified in registered proteome v2
AT4G38220	arabidopsis	128	s-nitrosylation	C0Z224	C	verified	PMC12454217 MOESM2 (S-nitrosylation column)	Novel proteomics workflow paper; TAIR locus -> UniProt mapped, coordinate-verified in registered proteome v2
AT4G38225	arabidopsis	148	s-nitrosylation	F4JTL0	C	verified	PMC12454217 MOESM2 (S-nitrosylation column)	Novel proteomics workflow paper; TAIR locus -> UniProt mapped, coordinate-verified in registered proteome v2
AT4G38350	arabidopsis	55	s-nitrosylation	F4JTN0	C	verified	PMC12454217 MOESM2 (S-nitrosylation column)	Novel proteomics workflow paper; TAIR locus -> UniProt mapped, coordinate-verified in registered proteome v2
AT4G38370	arabidopsis	101	s-nitrosylation	F4JTN4	C	verified	PMC12454217 MOESM2 (S-nitrosylation column)	Novel proteomics workflow paper; TAIR locus -> UniProt mapped, coordinate-verified in registered proteome v2
AT4G38470	arabidopsis	310	s-nitrosylation	A0A1P8B466	C	verified	PMC12454217 MOESM2 (S-nitrosylation column)	Novel proteomics workflow paper; TAIR locus -> UniProt mapped, coordinate-verified in registered proteome v2
AT4G38510	arabidopsis	187	s-nitrosylation	F4JTQ0	C	verified	PMC12454217 MOESM2 (S-nitrosylation column)	Novel proteomics workflow paper; TAIR locus -> UniProt mapped, coordinate-verified in registered proteome v2
AT4G38540	arabidopsis	156	s-nitrosylation	O81816	C	verified	PMC12454217 MOESM2 (S-nitrosylation column)	Novel proteomics workflow paper; TAIR locus -> UniProt mapped, coordinate-verified in registered proteome v2
AT4G38630	arabidopsis	37	s-nitrosylation	P55034	C	verified	PMC12454217 MOESM2 (S-nitrosylation column)	Novel proteomics workflow paper; TAIR locus -> UniProt mapped, coordinate-verified in registered proteome v2
AT4G38690	arabidopsis	85	s-nitrosylation	Q9SZP6	C	verified	PMC12454217 MOESM2 (S-nitrosylation column)	Novel proteomics workflow paper; TAIR locus -> UniProt mapped, coordinate-verified in registered proteome v2
AT4G38740	arabidopsis	40	s-nitrosylation	P34790	C	verified	PMC12454217 MOESM2 (S-nitrosylation column)	Novel proteomics workflow paper; TAIR locus -> UniProt mapped, coordinate-verified in registered proteome v2
AT4G38790	arabidopsis	74	s-nitrosylation	F4JUG7	C	verified	PMC12454217 MOESM2 (S-nitrosylation column)	Novel proteomics workflow paper; TAIR locus -> UniProt mapped, coordinate-verified in registered proteome v2
AT4G38800	arabidopsis	78	s-nitrosylation	Q9T0I8	C	verified	PMC12454217 MOESM2 (S-nitrosylation column)	Novel proteomics workflow paper; TAIR locus -> UniProt mapped, coordinate-verified in registered proteome v2
AT4G38890	arabidopsis	100	s-nitrosylation	Q9T0J6	C	verified	PMC12454217 MOESM2 (S-nitrosylation column)	Novel proteomics workflow paper; TAIR locus -> UniProt mapped, coordinate-verified in registered proteome v2
AT4G38920	arabidopsis	26	s-nitrosylation	P0DH93	C	verified	PMC12454217 MOESM2 (S-nitrosylation column)	Novel proteomics workflow paper; TAIR locus -> UniProt mapped, coordinate-verified in registered proteome v2
AT4G38930	arabidopsis	19	s-nitrosylation	Q8W570	C	verified	PMC12454217 MOESM2 (S-nitrosylation column)	Novel proteomics workflow paper; TAIR locus -> UniProt mapped, coordinate-verified in registered proteome v2
AT4G38970	arabidopsis	79	s-nitrosylation	F4JUJ5	C	verified	PMC12454217 MOESM2 (S-nitrosylation column)	Novel proteomics workflow paper; TAIR locus -> UniProt mapped, coordinate-verified in registered proteome v2
AT4G39080	arabidopsis	260	s-nitrosylation	Q8W4S4	C	verified	PMC12454217 MOESM2 (S-nitrosylation column)	Novel proteomics workflow paper; TAIR locus -> UniProt mapped, coordinate-verified in registered proteome v2
AT4G39150	arabidopsis	284	s-nitrosylation	Q9T024	C	verified	PMC12454217 MOESM2 (S-nitrosylation column)	Novel proteomics workflow paper; TAIR locus -> UniProt mapped, coordinate-verified in registered proteome v2
AT4G39210	arabidopsis	119	s-nitrosylation	P55231	C	verified	PMC12454217 MOESM2 (S-nitrosylation column)	Novel proteomics workflow paper; TAIR locus -> UniProt mapped, coordinate-verified in registered proteome v2
AT4G39260	arabidopsis	8	s-nitrosylation	C0Z2U2	C	verified	PMC12454217 MOESM2 (S-nitrosylation column)	Novel proteomics workflow paper; TAIR locus -> UniProt mapped, coordinate-verified in registered proteome v2
AT4G39280	arabidopsis	366	s-nitrosylation	F4JVC5	C	verified	PMC12454217 MOESM2 (S-nitrosylation column)	Novel proteomics workflow paper; TAIR locus -> UniProt mapped, coordinate-verified in registered proteome v2
AT4G39330	arabidopsis	50	s-nitrosylation	P42734	C	verified	PMC12454217 MOESM2 (S-nitrosylation column)	Novel proteomics workflow paper; TAIR locus -> UniProt mapped, coordinate-verified in registered proteome v2
AT4G39460	arabidopsis	269	s-nitrosylation	Q94AG6	C	verified	PMC12454217 MOESM2 (S-nitrosylation column)	Novel proteomics workflow paper; TAIR locus -> UniProt mapped, coordinate-verified in registered proteome v2
AT4G39520	arabidopsis	210	s-nitrosylation	Q9SVA6	C	verified	PMC12454217 MOESM2 (S-nitrosylation column)	Novel proteomics workflow paper; TAIR locus -> UniProt mapped, coordinate-verified in registered proteome v2
AT4G39660	arabidopsis	112	s-nitrosylation	Q0WUN0	C	verified	PMC12454217 MOESM2 (S-nitrosylation column)	Novel proteomics workflow paper; TAIR locus -> UniProt mapped, coordinate-verified in registered proteome v2
AT4G39710	arabidopsis	87	s-nitrosylation	F4JW56	C	verified	PMC12454217 MOESM2 (S-nitrosylation column)	Novel proteomics workflow paper; TAIR locus -> UniProt mapped, coordinate-verified in registered proteome v2
AT4G39740	arabidopsis	135	s-nitrosylation	Q8LAL0	C	verified	PMC12454217 MOESM2 (S-nitrosylation column)	Novel proteomics workflow paper; TAIR locus -> UniProt mapped, coordinate-verified in registered proteome v2
AT4G39800	arabidopsis	497	s-nitrosylation	P42801	C	verified	PMC12454217 MOESM2 (S-nitrosylation column)	Novel proteomics workflow paper; TAIR locus -> UniProt mapped, coordinate-verified in registered proteome v2
AT4G39940	arabidopsis	226	s-nitrosylation	O49196	C	verified	PMC12454217 MOESM2 (S-nitrosylation column)	Novel proteomics workflow paper; TAIR locus -> UniProt mapped, coordinate-verified in registered proteome v2
AT4G39970	arabidopsis	70	s-nitrosylation	Q680K2	C	verified	PMC12454217 MOESM2 (S-nitrosylation column)	Novel proteomics workflow paper; TAIR locus -> UniProt mapped, coordinate-verified in registered proteome v2
AT4G39980	arabidopsis	139	s-nitrosylation	P29976	C	verified	PMC12454217 MOESM2 (S-nitrosylation column)	Novel proteomics workflow paper; TAIR locus -> UniProt mapped, coordinate-verified in registered proteome v2
AT4G40030	arabidopsis	139	s-nitrosylation	A8MRL0	C	verified	PMC12454217 MOESM2 (S-nitrosylation column)	Novel proteomics workflow paper; TAIR locus -> UniProt mapped, coordinate-verified in registered proteome v2
AT5G01220	arabidopsis	165	s-nitrosylation	A0A1P8BCW3	C	verified	PMC12454217 MOESM2 (S-nitrosylation column)	Novel proteomics workflow paper; TAIR locus -> UniProt mapped, coordinate-verified in registered proteome v2
AT5G01410	arabidopsis	56	s-nitrosylation	Q8L940	C	verified	PMC12454217 MOESM2 (S-nitrosylation column)	Novel proteomics workflow paper; TAIR locus -> UniProt mapped, coordinate-verified in registered proteome v2
AT5G01530	arabidopsis	139	s-nitrosylation	Q07473	C	verified	PMC12454217 MOESM2 (S-nitrosylation column)	Novel proteomics workflow paper; TAIR locus -> UniProt mapped, coordinate-verified in registered proteome v2
AT5G01750	arabidopsis	33	s-nitrosylation	Q9LZX1	C	verified	PMC12454217 MOESM2 (S-nitrosylation column)	Novel proteomics workflow paper; TAIR locus -> UniProt mapped, coordinate-verified in registered proteome v2
AT5G01920	arabidopsis	217	s-nitrosylation	Q9LZV4	C	verified	PMC12454217 MOESM2 (S-nitrosylation column)	Novel proteomics workflow paper; TAIR locus -> UniProt mapped, coordinate-verified in registered proteome v2
AT5G02100	arabidopsis	263	s-nitrosylation	A0A1P8BCC1	C	verified	PMC12454217 MOESM2 (S-nitrosylation column)	Novel proteomics workflow paper; TAIR locus -> UniProt mapped, coordinate-verified in registered proteome v2
AT5G02160	arabidopsis	114	s-nitrosylation	F4KAZ9	C	verified	PMC12454217 MOESM2 (S-nitrosylation column)	Novel proteomics workflow paper; TAIR locus -> UniProt mapped, coordinate-verified in registered proteome v2
AT5G02240	arabidopsis	212	s-nitrosylation	Q94EG6	C	verified	PMC12454217 MOESM2 (S-nitrosylation column)	Novel proteomics workflow paper; TAIR locus -> UniProt mapped, coordinate-verified in registered proteome v2
AT5G02280	arabidopsis	120	s-nitrosylation	Q9LZ97	C	verified	PMC12454217 MOESM2 (S-nitrosylation column)	Novel proteomics workflow paper; TAIR locus -> UniProt mapped, coordinate-verified in registered proteome v2
AT5G02290	arabidopsis	141	s-nitrosylation	P43293	C	verified	PMC12454217 MOESM2 (S-nitrosylation column)	Novel proteomics workflow paper; TAIR locus -> UniProt mapped, coordinate-verified in registered proteome v2
AT5G02490	arabidopsis	20	s-nitrosylation	P22954	C	verified	PMC12454217 MOESM2 (S-nitrosylation column)	Novel proteomics workflow paper; TAIR locus -> UniProt mapped, coordinate-verified in registered proteome v2
AT5G02500	arabidopsis	20	s-nitrosylation	F4KCE5	C	verified	PMC12454217 MOESM2 (S-nitrosylation column)	Novel proteomics workflow paper; TAIR locus -> UniProt mapped, coordinate-verified in registered proteome v2
AT5G02790	arabidopsis	37	s-nitrosylation	Q9LZ06	C	verified	PMC12454217 MOESM2 (S-nitrosylation column)	Novel proteomics workflow paper; TAIR locus -> UniProt mapped, coordinate-verified in registered proteome v2
AT5G02870	arabidopsis	102	s-nitrosylation	F4KDU5	C	verified	PMC12454217 MOESM2 (S-nitrosylation column)	Novel proteomics workflow paper; TAIR locus -> UniProt mapped, coordinate-verified in registered proteome v2
AT5G02890	arabidopsis	247	s-nitrosylation	Q6NQS1	C	verified	PMC12454217 MOESM2 (S-nitrosylation column)	Novel proteomics workflow paper; TAIR locus -> UniProt mapped, coordinate-verified in registered proteome v2
AT5G02940	arabidopsis	329	s-nitrosylation	A0A1P8BF77	C	verified	PMC12454217 MOESM2 (S-nitrosylation column)	Novel proteomics workflow paper; TAIR locus -> UniProt mapped, coordinate-verified in registered proteome v2
AT5G03290	arabidopsis	139	s-nitrosylation	Q945K7	C	verified	PMC12454217 MOESM2 (S-nitrosylation column)	Novel proteomics workflow paper; TAIR locus -> UniProt mapped, coordinate-verified in registered proteome v2
AT5G03300	arabidopsis	124	s-nitrosylation	Q9LZG0	C	verified	PMC12454217 MOESM2 (S-nitrosylation column)	Novel proteomics workflow paper; TAIR locus -> UniProt mapped, coordinate-verified in registered proteome v2
AT5G03340	arabidopsis	81	s-nitrosylation	Q9LZF6	C	verified	PMC12454217 MOESM2 (S-nitrosylation column)	Novel proteomics workflow paper; TAIR locus -> UniProt mapped, coordinate-verified in registered proteome v2
AT5G03370	arabidopsis	96	s-nitrosylation	Q9LZF2	C	verified	PMC12454217 MOESM2 (S-nitrosylation column)	Novel proteomics workflow paper; TAIR locus -> UniProt mapped, coordinate-verified in registered proteome v2
AT5G03460	arabidopsis	48	s-nitrosylation	Q9LZE0	C	verified	PMC12454217 MOESM2 (S-nitrosylation column)	Novel proteomics workflow paper; TAIR locus -> UniProt mapped, coordinate-verified in registered proteome v2
AT5G03630	arabidopsis	199	s-nitrosylation	Q93WJ8	C	verified	PMC12454217 MOESM2 (S-nitrosylation column)	Novel proteomics workflow paper; TAIR locus -> UniProt mapped, coordinate-verified in registered proteome v2
AT5G03650	arabidopsis	566	s-nitrosylation	Q9LZS3	C	verified	PMC12454217 MOESM2 (S-nitrosylation column)	Novel proteomics workflow paper; TAIR locus -> UniProt mapped, coordinate-verified in registered proteome v2
AT5G03880	arabidopsis	154	s-nitrosylation	F4KI22	C	verified	PMC12454217 MOESM2 (S-nitrosylation column)	Novel proteomics workflow paper; TAIR locus -> UniProt mapped, coordinate-verified in registered proteome v2
AT5G03900	arabidopsis	338	s-nitrosylation	Q8GW20	C	verified	PMC12454217 MOESM2 (S-nitrosylation column)	Novel proteomics workflow paper; TAIR locus -> UniProt mapped, coordinate-verified in registered proteome v2
AT5G03905	arabidopsis	57	s-nitrosylation	A0A1R7T3F1	C	verified	PMC12454217 MOESM2 (S-nitrosylation column)	Novel proteomics workflow paper; TAIR locus -> UniProt mapped, coordinate-verified in registered proteome v2
AT5G03940	arabidopsis	198	s-nitrosylation	P37107	C	verified	PMC12454217 MOESM2 (S-nitrosylation column)	Novel proteomics workflow paper; TAIR locus -> UniProt mapped, coordinate-verified in registered proteome v2
AT5G04130	arabidopsis	505	s-nitrosylation	Q94BZ7	C	verified	PMC12454217 MOESM2 (S-nitrosylation column)	Novel proteomics workflow paper; TAIR locus -> UniProt mapped, coordinate-verified in registered proteome v2
AT5G04140	arabidopsis	132	s-nitrosylation	Q9ZNZ7	C	verified	PMC12454217 MOESM2 (S-nitrosylation column)	Novel proteomics workflow paper; TAIR locus -> UniProt mapped, coordinate-verified in registered proteome v2
AT5G04230	arabidopsis	177	s-nitrosylation	F4JW69	C	verified	PMC12454217 MOESM2 (S-nitrosylation column)	Novel proteomics workflow paper; TAIR locus -> UniProt mapped, coordinate-verified in registered proteome v2
AT5G04360	arabidopsis	179	s-nitrosylation	Q8GTR4	C	verified	PMC12454217 MOESM2 (S-nitrosylation column)	Novel proteomics workflow paper; TAIR locus -> UniProt mapped, coordinate-verified in registered proteome v2
AT5G04430	arabidopsis	132	s-nitrosylation	Q9LZ82	C	verified	PMC12454217 MOESM2 (S-nitrosylation column)	Novel proteomics workflow paper; TAIR locus -> UniProt mapped, coordinate-verified in registered proteome v2
AT5G04590	arabidopsis	429	s-nitrosylation	Q9LZ66	C	verified	PMC12454217 MOESM2 (S-nitrosylation column)	Novel proteomics workflow paper; TAIR locus -> UniProt mapped, coordinate-verified in registered proteome v2
AT5G04740	arabidopsis	186	s-nitrosylation	Q9LZ23	C	verified	PMC12454217 MOESM2 (S-nitrosylation column)	Novel proteomics workflow paper; TAIR locus -> UniProt mapped, coordinate-verified in registered proteome v2
AT5G04900	arabidopsis	109	s-nitrosylation	Q8LEU3	C	verified	PMC12454217 MOESM2 (S-nitrosylation column)	Novel proteomics workflow paper; TAIR locus -> UniProt mapped, coordinate-verified in registered proteome v2
AT5G05000	arabidopsis	227	s-nitrosylation	Q38906	C	verified	PMC12454217 MOESM2 (S-nitrosylation column)	Novel proteomics workflow paper; TAIR locus -> UniProt mapped, coordinate-verified in registered proteome v2
AT5G05170	arabidopsis	743	s-nitrosylation	Q941L0	C	verified	PMC12454217 MOESM2 (S-nitrosylation column)	Novel proteomics workflow paper; TAIR locus -> UniProt mapped, coordinate-verified in registered proteome v2
AT5G05200	arabidopsis	165	s-nitrosylation	Q9ASX5	C	verified	PMC12454217 MOESM2 (S-nitrosylation column)	Novel proteomics workflow paper; TAIR locus -> UniProt mapped, coordinate-verified in registered proteome v2
AT5G05470	arabidopsis	274	s-nitrosylation	Q9FE78	C	verified	PMC12454217 MOESM2 (S-nitrosylation column)	Novel proteomics workflow paper; TAIR locus -> UniProt mapped, coordinate-verified in registered proteome v2
AT5G05590	arabidopsis	186	s-nitrosylation	A0A1P8B9M1	C	verified	PMC12454217 MOESM2 (S-nitrosylation column)	Novel proteomics workflow paper; TAIR locus -> UniProt mapped, coordinate-verified in registered proteome v2
AT5G05670	arabidopsis	149	s-nitrosylation	Q0WRZ7	C	verified	PMC12454217 MOESM2 (S-nitrosylation column)	Novel proteomics workflow paper; TAIR locus -> UniProt mapped, coordinate-verified in registered proteome v2
AT5G05710	arabidopsis	79	s-nitrosylation	Q0WPX3	C	verified	PMC12454217 MOESM2 (S-nitrosylation column)	Novel proteomics workflow paper; TAIR locus -> UniProt mapped, coordinate-verified in registered proteome v2
AT5G05730	arabidopsis	306	s-nitrosylation	F4K0T5	C	verified	PMC12454217 MOESM2 (S-nitrosylation column)	Novel proteomics workflow paper; TAIR locus -> UniProt mapped, coordinate-verified in registered proteome v2
AT5G05890	arabidopsis	113	s-nitrosylation	Q9FI97	C	verified	PMC12454217 MOESM2 (S-nitrosylation column)	Novel proteomics workflow paper; TAIR locus -> UniProt mapped, coordinate-verified in registered proteome v2
AT5G05980	arabidopsis	127	s-nitrosylation	F4K2A1	C	verified	PMC12454217 MOESM2 (S-nitrosylation column)	Novel proteomics workflow paper; TAIR locus -> UniProt mapped, coordinate-verified in registered proteome v2
AT5G06060	arabidopsis	51	s-nitrosylation	Q9LHT0	C	verified	PMC12454217 MOESM2 (S-nitrosylation column)	Novel proteomics workflow paper; TAIR locus -> UniProt mapped, coordinate-verified in registered proteome v2
AT5G06110	arabidopsis	192	s-nitrosylation	Q9LHS5	C	verified	PMC12454217 MOESM2 (S-nitrosylation column)	Novel proteomics workflow paper; TAIR locus -> UniProt mapped, coordinate-verified in registered proteome v2
AT5G06140	arabidopsis	237	s-nitrosylation	Q9FG38	C	verified	PMC12454217 MOESM2 (S-nitrosylation column)	Novel proteomics workflow paper; TAIR locus -> UniProt mapped, coordinate-verified in registered proteome v2
AT5G06290	arabidopsis	248	s-nitrosylation	Q9C5R8	C	verified	PMC12454217 MOESM2 (S-nitrosylation column)	Novel proteomics workflow paper; TAIR locus -> UniProt mapped, coordinate-verified in registered proteome v2
AT5G06580	arabidopsis	252	s-nitrosylation	Q94AX4	C	verified	PMC12454217 MOESM2 (S-nitrosylation column)	Novel proteomics workflow paper; TAIR locus -> UniProt mapped, coordinate-verified in registered proteome v2
AT5G06600	arabidopsis	532	s-nitrosylation	F4K3X1	C	verified	PMC12454217 MOESM2 (S-nitrosylation column)	Novel proteomics workflow paper; TAIR locus -> UniProt mapped, coordinate-verified in registered proteome v2
AT5G06860	arabidopsis	298	s-nitrosylation	Q9M5J9	C	verified	PMC12454217 MOESM2 (S-nitrosylation column)	Novel proteomics workflow paper; TAIR locus -> UniProt mapped, coordinate-verified in registered proteome v2
AT5G07030	arabidopsis	181	s-nitrosylation	F4K5B9	C	verified	PMC12454217 MOESM2 (S-nitrosylation column)	Novel proteomics workflow paper; TAIR locus -> UniProt mapped, coordinate-verified in registered proteome v2
AT5G07090	arabidopsis	41	s-nitrosylation	P49204	C	verified	PMC12454217 MOESM2 (S-nitrosylation column)	Novel proteomics workflow paper; TAIR locus -> UniProt mapped, coordinate-verified in registered proteome v2
AT5G07300	arabidopsis	147	s-nitrosylation	Q5S1W2	C	verified	PMC12454217 MOESM2 (S-nitrosylation column)	Novel proteomics workflow paper; TAIR locus -> UniProt mapped, coordinate-verified in registered proteome v2
AT5G07340	arabidopsis	118	s-nitrosylation	F4K6M8	C	verified	PMC12454217 MOESM2 (S-nitrosylation column)	Novel proteomics workflow paper; TAIR locus -> UniProt mapped, coordinate-verified in registered proteome v2
AT5G07350	arabidopsis	22	s-nitrosylation	Q8VZG7	C	verified	PMC12454217 MOESM2 (S-nitrosylation column)	Novel proteomics workflow paper; TAIR locus -> UniProt mapped, coordinate-verified in registered proteome v2
AT5G07440	arabidopsis	39	s-nitrosylation	C0Z209	C	verified	PMC12454217 MOESM2 (S-nitrosylation column)	Novel proteomics workflow paper; TAIR locus -> UniProt mapped, coordinate-verified in registered proteome v2
AT5G07460	arabidopsis	95	s-nitrosylation	Q9LY15	C	verified	PMC12454217 MOESM2 (S-nitrosylation column)	Novel proteomics workflow paper; TAIR locus -> UniProt mapped, coordinate-verified in registered proteome v2
AT5G07470	arabidopsis	79	s-nitrosylation	Q9LY14	C	verified	PMC12454217 MOESM2 (S-nitrosylation column)	Novel proteomics workflow paper; TAIR locus -> UniProt mapped, coordinate-verified in registered proteome v2
AT5G07870	arabidopsis	107	s-nitrosylation	Q0WP58	C	verified	PMC12454217 MOESM2 (S-nitrosylation column)	Novel proteomics workflow paper; TAIR locus -> UniProt mapped, coordinate-verified in registered proteome v2
AT5G07900	arabidopsis	282	s-nitrosylation	Q9SD94	C	verified	PMC12454217 MOESM2 (S-nitrosylation column)	Novel proteomics workflow paper; TAIR locus -> UniProt mapped, coordinate-verified in registered proteome v2
AT5G07910	arabidopsis	105	s-nitrosylation	F4K9I0	C	verified	PMC12454217 MOESM2 (S-nitrosylation column)	Novel proteomics workflow paper; TAIR locus -> UniProt mapped, coordinate-verified in registered proteome v2
AT5G08000	arabidopsis	75	s-nitrosylation	A0A1P8BHI7	C	verified	PMC12454217 MOESM2 (S-nitrosylation column)	Novel proteomics workflow paper; TAIR locus -> UniProt mapped, coordinate-verified in registered proteome v2
AT5G08060	arabidopsis	30	s-nitrosylation	F4K9K0	C	verified	PMC12454217 MOESM2 (S-nitrosylation column)	Novel proteomics workflow paper; TAIR locus -> UniProt mapped, coordinate-verified in registered proteome v2
AT5G08160	arabidopsis	170	s-nitrosylation	F4K9M0	C	verified	PMC12454217 MOESM2 (S-nitrosylation column)	Novel proteomics workflow paper; TAIR locus -> UniProt mapped, coordinate-verified in registered proteome v2
AT5G08280	arabidopsis	170	s-nitrosylation	Q43316	C	verified	PMC12454217 MOESM2 (S-nitrosylation column)	Novel proteomics workflow paper; TAIR locus -> UniProt mapped, coordinate-verified in registered proteome v2
AT5G08300	arabidopsis	62	s-nitrosylation	P68209	C	verified	PMC12454217 MOESM2 (S-nitrosylation column)	Novel proteomics workflow paper; TAIR locus -> UniProt mapped, coordinate-verified in registered proteome v2
AT5G08370	arabidopsis	132	s-nitrosylation	Q8RX86	C	verified	PMC12454217 MOESM2 (S-nitrosylation column)	Novel proteomics workflow paper; TAIR locus -> UniProt mapped, coordinate-verified in registered proteome v2
AT5G08380	arabidopsis	98	s-nitrosylation	A0A1P8BFT2	C	verified	PMC12454217 MOESM2 (S-nitrosylation column)	Novel proteomics workflow paper; TAIR locus -> UniProt mapped, coordinate-verified in registered proteome v2
AT5G08450	arabidopsis	573	s-nitrosylation	F4KB26	C	verified	PMC12454217 MOESM2 (S-nitrosylation column)	Novel proteomics workflow paper; TAIR locus -> UniProt mapped, coordinate-verified in registered proteome v2
AT5G08500	arabidopsis	40	s-nitrosylation	Q7ED72	C	verified	PMC12454217 MOESM2 (S-nitrosylation column)	Novel proteomics workflow paper; TAIR locus -> UniProt mapped, coordinate-verified in registered proteome v2
AT5G08530	arabidopsis	148	s-nitrosylation	Q9FNN5	C	verified	PMC12454217 MOESM2 (S-nitrosylation column)	Novel proteomics workflow paper; TAIR locus -> UniProt mapped, coordinate-verified in registered proteome v2
AT5G08540	arabidopsis	159	s-nitrosylation	F4KB41	C	verified	PMC12454217 MOESM2 (S-nitrosylation column)	Novel proteomics workflow paper; TAIR locus -> UniProt mapped, coordinate-verified in registered proteome v2
AT5G08570	arabidopsis	26	s-nitrosylation	Q7DPE5	C	verified	PMC12454217 MOESM2 (S-nitrosylation column)	Novel proteomics workflow paper; TAIR locus -> UniProt mapped, coordinate-verified in registered proteome v2
AT5G08650	arabidopsis	153	s-nitrosylation	A0A1P8B9J8	C	verified	PMC12454217 MOESM2 (S-nitrosylation column)	Novel proteomics workflow paper; TAIR locus -> UniProt mapped, coordinate-verified in registered proteome v2
AT5G08680	arabidopsis	90	s-nitrosylation	Q9C5A9	C	verified	PMC12454217 MOESM2 (S-nitrosylation column)	Novel proteomics workflow paper; TAIR locus -> UniProt mapped, coordinate-verified in registered proteome v2
AT5G09620	arabidopsis	88	s-nitrosylation	A0A1P8BCE3	C	verified	PMC12454217 MOESM2 (S-nitrosylation column)	Novel proteomics workflow paper; TAIR locus -> UniProt mapped, coordinate-verified in registered proteome v2
AT5G09660	arabidopsis	143	s-nitrosylation	A0A1P8BBQ0	C	verified	PMC12454217 MOESM2 (S-nitrosylation column)	Novel proteomics workflow paper; TAIR locus -> UniProt mapped, coordinate-verified in registered proteome v2
AT5G09810	arabidopsis	12	s-nitrosylation	P53492	C	verified	PMC12454217 MOESM2 (S-nitrosylation column)	Novel proteomics workflow paper; TAIR locus -> UniProt mapped, coordinate-verified in registered proteome v2
AT5G09900	arabidopsis	41	s-nitrosylation	B3H6B0	C	verified	PMC12454217 MOESM2 (S-nitrosylation column)	Novel proteomics workflow paper; TAIR locus -> UniProt mapped, coordinate-verified in registered proteome v2
AT5G10020	arabidopsis	204	s-nitrosylation	C0LGT0	C	verified	PMC12454217 MOESM2 (S-nitrosylation column)	Novel proteomics workflow paper; TAIR locus -> UniProt mapped, coordinate-verified in registered proteome v2
AT5G10160	arabidopsis	207	s-nitrosylation	Q0WTA3	C	verified	PMC12454217 MOESM2 (S-nitrosylation column)	Novel proteomics workflow paper; TAIR locus -> UniProt mapped, coordinate-verified in registered proteome v2
AT5G10170	arabidopsis	300	s-nitrosylation	Q9LX12	C	verified	PMC12454217 MOESM2 (S-nitrosylation column)	Novel proteomics workflow paper; TAIR locus -> UniProt mapped, coordinate-verified in registered proteome v2
AT5G10230	arabidopsis	111	s-nitrosylation	Q9LX07	C	verified	PMC12454217 MOESM2 (S-nitrosylation column)	Novel proteomics workflow paper; TAIR locus -> UniProt mapped, coordinate-verified in registered proteome v2
AT5G10300	arabidopsis	162	s-nitrosylation	A0A1P8BGG9	C	verified	PMC12454217 MOESM2 (S-nitrosylation column)	Novel proteomics workflow paper; TAIR locus -> UniProt mapped, coordinate-verified in registered proteome v2
AT5G10360	arabidopsis	12	s-nitrosylation	F4KGU2	C	verified	PMC12454217 MOESM2 (S-nitrosylation column)	Novel proteomics workflow paper; TAIR locus -> UniProt mapped, coordinate-verified in registered proteome v2
AT5G10450	arabidopsis	103	s-nitrosylation	F4KGV2	C	verified	PMC12454217 MOESM2 (S-nitrosylation column)	Novel proteomics workflow paper; TAIR locus -> UniProt mapped, coordinate-verified in registered proteome v2
AT5G10470	arabidopsis	508	s-nitrosylation	Q9LX99	C	verified	PMC12454217 MOESM2 (S-nitrosylation column)	Novel proteomics workflow paper; TAIR locus -> UniProt mapped, coordinate-verified in registered proteome v2
AT5G10470	arabidopsis	508	s-nitrosylation	Q9LX99	C	verified	PMC12454217 MOESM2 (S-nitrosylation column)	Novel proteomics workflow paper; TAIR locus -> UniProt mapped, coordinate-verified in registered proteome v2
AT5G10540	arabidopsis	523	s-nitrosylation	Q949P2	C	verified	PMC12454217 MOESM2 (S-nitrosylation column)	Novel proteomics workflow paper; TAIR locus -> UniProt mapped, coordinate-verified in registered proteome v2
AT5G10840	arabidopsis	110	s-nitrosylation	F4KIB2	C	verified	PMC12454217 MOESM2 (S-nitrosylation column)	Novel proteomics workflow paper; TAIR locus -> UniProt mapped, coordinate-verified in registered proteome v2
AT5G10860	arabidopsis	75	s-nitrosylation	Q9LEV3	C	verified	PMC12454217 MOESM2 (S-nitrosylation column)	Novel proteomics workflow paper; TAIR locus -> UniProt mapped, coordinate-verified in registered proteome v2
AT5G10920	arabidopsis	254	s-nitrosylation	Q9LEU8	C	verified	PMC12454217 MOESM2 (S-nitrosylation column)	Novel proteomics workflow paper; TAIR locus -> UniProt mapped, coordinate-verified in registered proteome v2
AT5G11030	arabidopsis	615	s-nitrosylation	Q84VX3	C	verified	PMC12454217 MOESM2 (S-nitrosylation column)	Novel proteomics workflow paper; TAIR locus -> UniProt mapped, coordinate-verified in registered proteome v2
AT5G11150	arabidopsis	66	s-nitrosylation	A0A1P8BEB3	C	verified	PMC12454217 MOESM2 (S-nitrosylation column)	Novel proteomics workflow paper; TAIR locus -> UniProt mapped, coordinate-verified in registered proteome v2
AT5G11200	arabidopsis	76	s-nitrosylation	F4JWF6	C	verified	PMC12454217 MOESM2 (S-nitrosylation column)	Novel proteomics workflow paper; TAIR locus -> UniProt mapped, coordinate-verified in registered proteome v2
AT5G11420	arabidopsis	351	s-nitrosylation	Q9LYE7	C	verified	PMC12454217 MOESM2 (S-nitrosylation column)	Novel proteomics workflow paper; TAIR locus -> UniProt mapped, coordinate-verified in registered proteome v2
AT5G11480	arabidopsis	130	s-nitrosylation	Q7E6Q9	C	verified	PMC12454217 MOESM2 (S-nitrosylation column)	Novel proteomics workflow paper; TAIR locus -> UniProt mapped, coordinate-verified in registered proteome v2
AT5G11490	arabidopsis	824	s-nitrosylation	F4JXV9	C	verified	PMC12454217 MOESM2 (S-nitrosylation column)	Novel proteomics workflow paper; TAIR locus -> UniProt mapped, coordinate-verified in registered proteome v2
AT5G11520	arabidopsis	148	s-nitrosylation	P46644	C	verified	PMC12454217 MOESM2 (S-nitrosylation column)	Novel proteomics workflow paper; TAIR locus -> UniProt mapped, coordinate-verified in registered proteome v2
AT5G11560	arabidopsis	553	s-nitrosylation	F4JXW9	C	verified	PMC12454217 MOESM2 (S-nitrosylation column)	Novel proteomics workflow paper; TAIR locus -> UniProt mapped, coordinate-verified in registered proteome v2
AT5G11670	arabidopsis	144	s-nitrosylation	Q9LYG3	C	verified	PMC12454217 MOESM2 (S-nitrosylation column)	Novel proteomics workflow paper; TAIR locus -> UniProt mapped, coordinate-verified in registered proteome v2
AT5G11680	arabidopsis	89	s-nitrosylation	Q7ERS4	C	verified	PMC12454217 MOESM2 (S-nitrosylation column)	Novel proteomics workflow paper; TAIR locus -> UniProt mapped, coordinate-verified in registered proteome v2
AT5G11770	arabidopsis	124	s-nitrosylation	Q42577	C	verified	PMC12454217 MOESM2 (S-nitrosylation column)	Novel proteomics workflow paper; TAIR locus -> UniProt mapped, coordinate-verified in registered proteome v2
AT5G11810	arabidopsis	121	s-nitrosylation	Q9LYF0	C	verified	PMC12454217 MOESM2 (S-nitrosylation column)	Novel proteomics workflow paper; TAIR locus -> UniProt mapped, coordinate-verified in registered proteome v2
AT5G11880	arabidopsis	71	s-nitrosylation	Q94A94	C	verified	PMC12454217 MOESM2 (S-nitrosylation column)	Novel proteomics workflow paper; TAIR locus -> UniProt mapped, coordinate-verified in registered proteome v2
AT5G11980	arabidopsis	104	s-nitrosylation	A0A1P8BAA7	C	verified	PMC12454217 MOESM2 (S-nitrosylation column)	Novel proteomics workflow paper; TAIR locus -> UniProt mapped, coordinate-verified in registered proteome v2
AT5G12040	arabidopsis	93	s-nitrosylation	Q8RUF8	C	verified	PMC12454217 MOESM2 (S-nitrosylation column)	Novel proteomics workflow paper; TAIR locus -> UniProt mapped, coordinate-verified in registered proteome v2
AT5G12200	arabidopsis	415	s-nitrosylation	Q9FMP3	C	verified	PMC12454217 MOESM2 (S-nitrosylation column)	Novel proteomics workflow paper; TAIR locus -> UniProt mapped, coordinate-verified in registered proteome v2
AT5G12250	arabidopsis	12	s-nitrosylation	P29514	C	verified	PMC12454217 MOESM2 (S-nitrosylation column)	Novel proteomics workflow paper; TAIR locus -> UniProt mapped, coordinate-verified in registered proteome v2
AT5G12290	arabidopsis	265	s-nitrosylation	A0A1P8BBA3	C	verified	PMC12454217 MOESM2 (S-nitrosylation column)	Novel proteomics workflow paper; TAIR locus -> UniProt mapped, coordinate-verified in registered proteome v2
AT5G12370	arabidopsis	257	s-nitrosylation	C0Z285	C	verified	PMC12454217 MOESM2 (S-nitrosylation column)	Novel proteomics workflow paper; TAIR locus -> UniProt mapped, coordinate-verified in registered proteome v2
AT5G12470	arabidopsis	176	s-nitrosylation	Q94CJ5	C	verified	PMC12454217 MOESM2 (S-nitrosylation column)	Novel proteomics workflow paper; TAIR locus -> UniProt mapped, coordinate-verified in registered proteome v2
AT5G12480	arabidopsis	174	s-nitrosylation	Q38873	C	verified	PMC12454217 MOESM2 (S-nitrosylation column)	Novel proteomics workflow paper; TAIR locus -> UniProt mapped, coordinate-verified in registered proteome v2
AT5G12860	arabidopsis	241	s-nitrosylation	B3H4S6	C	verified	PMC12454217 MOESM2 (S-nitrosylation column)	Novel proteomics workflow paper; TAIR locus -> UniProt mapped, coordinate-verified in registered proteome v2
AT5G12950	arabidopsis	204	s-nitrosylation	Q7FLQ7	C	verified	PMC12454217 MOESM2 (S-nitrosylation column)	Novel proteomics workflow paper; TAIR locus -> UniProt mapped, coordinate-verified in registered proteome v2
AT5G13030	arabidopsis	258	s-nitrosylation	F4K2F1	C	verified	PMC12454217 MOESM2 (S-nitrosylation column)	Novel proteomics workflow paper; TAIR locus -> UniProt mapped, coordinate-verified in registered proteome v2
AT5G13110	arabidopsis	187	s-nitrosylation	Q9FY99	C	verified	PMC12454217 MOESM2 (S-nitrosylation column)	Novel proteomics workflow paper; TAIR locus -> UniProt mapped, coordinate-verified in registered proteome v2
AT5G13120	arabidopsis	129	s-nitrosylation	Q9ASS6	C	verified	PMC12454217 MOESM2 (S-nitrosylation column)	Novel proteomics workflow paper; TAIR locus -> UniProt mapped, coordinate-verified in registered proteome v2
AT5G13280	arabidopsis	320	s-nitrosylation	Q9LYU8	C	verified	PMC12454217 MOESM2 (S-nitrosylation column)	Novel proteomics workflow paper; TAIR locus -> UniProt mapped, coordinate-verified in registered proteome v2
AT5G13360	arabidopsis	356	s-nitrosylation	F4K2J2	C	verified	PMC12454217 MOESM2 (S-nitrosylation column)	Novel proteomics workflow paper; TAIR locus -> UniProt mapped, coordinate-verified in registered proteome v2
AT5G13370	arabidopsis	278	s-nitrosylation	Q8GZ29	C	verified	PMC12454217 MOESM2 (S-nitrosylation column)	Novel proteomics workflow paper; TAIR locus -> UniProt mapped, coordinate-verified in registered proteome v2
AT5G13420	arabidopsis	94	s-nitrosylation	Q7EC34	C	verified	PMC12454217 MOESM2 (S-nitrosylation column)	Novel proteomics workflow paper; TAIR locus -> UniProt mapped, coordinate-verified in registered proteome v2
AT5G13510	arabidopsis	62	s-nitrosylation	Q9FY50	C	verified	PMC12454217 MOESM2 (S-nitrosylation column)	Novel proteomics workflow paper; TAIR locus -> UniProt mapped, coordinate-verified in registered proteome v2
AT5G13520	arabidopsis	140	s-nitrosylation	Q9FY49	C	verified	PMC12454217 MOESM2 (S-nitrosylation column)	Novel proteomics workflow paper; TAIR locus -> UniProt mapped, coordinate-verified in registered proteome v2
AT5G13630	arabidopsis	129	s-nitrosylation	A8MR05	C	verified	PMC12454217 MOESM2 (S-nitrosylation column)	Novel proteomics workflow paper; TAIR locus -> UniProt mapped, coordinate-verified in registered proteome v2
AT5G13690	arabidopsis	680	s-nitrosylation	Q9FNA3	C	verified	PMC12454217 MOESM2 (S-nitrosylation column)	Novel proteomics workflow paper; TAIR locus -> UniProt mapped, coordinate-verified in registered proteome v2
AT5G13710	arabidopsis	103	s-nitrosylation	Q9LM02	C	verified	PMC12454217 MOESM2 (S-nitrosylation column)	Novel proteomics workflow paper; TAIR locus -> UniProt mapped, coordinate-verified in registered proteome v2
AT5G13980	arabidopsis	130	s-nitrosylation	F4K5E7	C	verified	PMC12454217 MOESM2 (S-nitrosylation column)	Novel proteomics workflow paper; TAIR locus -> UniProt mapped, coordinate-verified in registered proteome v2
AT5G14040	arabidopsis	104	s-nitrosylation	Q9FMU6	C	verified	PMC12454217 MOESM2 (S-nitrosylation column)	Novel proteomics workflow paper; TAIR locus -> UniProt mapped, coordinate-verified in registered proteome v2
AT5G14170	arabidopsis	363	s-nitrosylation	Q9FMT4	C	verified	PMC12454217 MOESM2 (S-nitrosylation column)	Novel proteomics workflow paper; TAIR locus -> UniProt mapped, coordinate-verified in registered proteome v2
AT5G14200	arabidopsis	232	s-nitrosylation	B9DHH9	C	verified	PMC12454217 MOESM2 (S-nitrosylation column)	Novel proteomics workflow paper; TAIR locus -> UniProt mapped, coordinate-verified in registered proteome v2
AT5G14220	arabidopsis	498	s-nitrosylation	Q8S9J1	C	verified	PMC12454217 MOESM2 (S-nitrosylation column)	Novel proteomics workflow paper; TAIR locus -> UniProt mapped, coordinate-verified in registered proteome v2
AT5G14250	arabidopsis	93	s-nitrosylation	F4K5I3	C	verified	PMC12454217 MOESM2 (S-nitrosylation column)	Novel proteomics workflow paper; TAIR locus -> UniProt mapped, coordinate-verified in registered proteome v2
AT5G14260	arabidopsis	95	s-nitrosylation	A0A1P8BDE0	C	verified	PMC12454217 MOESM2 (S-nitrosylation column)	Novel proteomics workflow paper; TAIR locus -> UniProt mapped, coordinate-verified in registered proteome v2
AT5G14430	arabidopsis	83	s-nitrosylation	F4K6T0	C	verified	PMC12454217 MOESM2 (S-nitrosylation column)	Novel proteomics workflow paper; TAIR locus -> UniProt mapped, coordinate-verified in registered proteome v2
AT5G14590	arabidopsis	145	s-nitrosylation	Q8LPJ5	C	verified	PMC12454217 MOESM2 (S-nitrosylation column)	Novel proteomics workflow paper; TAIR locus -> UniProt mapped, coordinate-verified in registered proteome v2
AT5G14640	arabidopsis	93	s-nitrosylation	Q8VZD5	C	verified	PMC12454217 MOESM2 (S-nitrosylation column)	Novel proteomics workflow paper; TAIR locus -> UniProt mapped, coordinate-verified in registered proteome v2
AT5G14660	arabidopsis	171	s-nitrosylation	Q9FUZ2	C	verified	PMC12454217 MOESM2 (S-nitrosylation column)	Novel proteomics workflow paper; TAIR locus -> UniProt mapped, coordinate-verified in registered proteome v2
AT5G14680	arabidopsis	117	s-nitrosylation	Q9LYJ2	C	verified	PMC12454217 MOESM2 (S-nitrosylation column)	Novel proteomics workflow paper; TAIR locus -> UniProt mapped, coordinate-verified in registered proteome v2
AT5G14780	arabidopsis	58	s-nitrosylation	Q9S7E4	C	verified	PMC12454217 MOESM2 (S-nitrosylation column)	Novel proteomics workflow paper; TAIR locus -> UniProt mapped, coordinate-verified in registered proteome v2
AT5G14790	arabidopsis	185	s-nitrosylation	Q7DY55	C	verified	PMC12454217 MOESM2 (S-nitrosylation column)	Novel proteomics workflow paper; TAIR locus -> UniProt mapped, coordinate-verified in registered proteome v2
AT5G14800	arabidopsis	41	s-nitrosylation	F4K884	C	verified	PMC12454217 MOESM2 (S-nitrosylation column)	Novel proteomics workflow paper; TAIR locus -> UniProt mapped, coordinate-verified in registered proteome v2
AT5G15200	arabidopsis	5	s-nitrosylation	B3H7J6	C	verified	PMC12454217 MOESM2 (S-nitrosylation column)	Novel proteomics workflow paper; TAIR locus -> UniProt mapped, coordinate-verified in registered proteome v2
AT5G15270	arabidopsis	160	s-nitrosylation	A0A1P8BBW1	C	verified	PMC12454217 MOESM2 (S-nitrosylation column)	Novel proteomics workflow paper; TAIR locus -> UniProt mapped, coordinate-verified in registered proteome v2
AT5G15350	arabidopsis	80	s-nitrosylation	Q39131	C	verified	PMC12454217 MOESM2 (S-nitrosylation column)	Novel proteomics workflow paper; TAIR locus -> UniProt mapped, coordinate-verified in registered proteome v2
AT5G15400	arabidopsis	85	s-nitrosylation	Q9LF41	C	verified	PMC12454217 MOESM2 (S-nitrosylation column)	Novel proteomics workflow paper; TAIR locus -> UniProt mapped, coordinate-verified in registered proteome v2
AT5G15450	arabidopsis	266	s-nitrosylation	Q9LF37	C	verified	PMC12454217 MOESM2 (S-nitrosylation column)	Novel proteomics workflow paper; TAIR locus -> UniProt mapped, coordinate-verified in registered proteome v2
AT5G15490	arabidopsis	24	s-nitrosylation	Q9LF33	C	verified	PMC12454217 MOESM2 (S-nitrosylation column)	Novel proteomics workflow paper; TAIR locus -> UniProt mapped, coordinate-verified in registered proteome v2
AT5G15530	arabidopsis	115	s-nitrosylation	Q9LLC1	C	verified	PMC12454217 MOESM2 (S-nitrosylation column)	Novel proteomics workflow paper; TAIR locus -> UniProt mapped, coordinate-verified in registered proteome v2
AT5G15610	arabidopsis	239	s-nitrosylation	F4KB66	C	verified	PMC12454217 MOESM2 (S-nitrosylation column)	Novel proteomics workflow paper; TAIR locus -> UniProt mapped, coordinate-verified in registered proteome v2
AT5G15650	arabidopsis	85	s-nitrosylation	Q9LFW1	C	verified	PMC12454217 MOESM2 (S-nitrosylation column)	Novel proteomics workflow paper; TAIR locus -> UniProt mapped, coordinate-verified in registered proteome v2
AT5G15770	arabidopsis	124	s-nitrosylation	Q9LFU9	C	verified	PMC12454217 MOESM2 (S-nitrosylation column)	Novel proteomics workflow paper; TAIR locus -> UniProt mapped, coordinate-verified in registered proteome v2
AT5G16040	arabidopsis	123	s-nitrosylation	A0A1P8BGN0	C	verified	PMC12454217 MOESM2 (S-nitrosylation column)	Novel proteomics workflow paper; TAIR locus -> UniProt mapped, coordinate-verified in registered proteome v2
AT5G16050	arabidopsis	102	s-nitrosylation	C0Z2P5	C	verified	PMC12454217 MOESM2 (S-nitrosylation column)	Novel proteomics workflow paper; TAIR locus -> UniProt mapped, coordinate-verified in registered proteome v2
AT5G16070	arabidopsis	108	s-nitrosylation	Q8L7N0	C	verified	PMC12454217 MOESM2 (S-nitrosylation column)	Novel proteomics workflow paper; TAIR locus -> UniProt mapped, coordinate-verified in registered proteome v2
AT5G16130	arabidopsis	19	s-nitrosylation	Q8LD03	C	verified	PMC12454217 MOESM2 (S-nitrosylation column)	Novel proteomics workflow paper; TAIR locus -> UniProt mapped, coordinate-verified in registered proteome v2
AT5G16150	arabidopsis	191	s-nitrosylation	B9DGP1	C	verified	PMC12454217 MOESM2 (S-nitrosylation column)	Novel proteomics workflow paper; TAIR locus -> UniProt mapped, coordinate-verified in registered proteome v2
AT5G16240	arabidopsis	252	s-nitrosylation	Q9LF04	C	verified	PMC12454217 MOESM2 (S-nitrosylation column)	Novel proteomics workflow paper; TAIR locus -> UniProt mapped, coordinate-verified in registered proteome v2
AT5G16280	arabidopsis	852	s-nitrosylation	F4KCR0	C	verified	PMC12454217 MOESM2 (S-nitrosylation column)	Novel proteomics workflow paper; TAIR locus -> UniProt mapped, coordinate-verified in registered proteome v2
AT5G16290	arabidopsis	71	s-nitrosylation	Q9FFF4	C	verified	PMC12454217 MOESM2 (S-nitrosylation column)	Novel proteomics workflow paper; TAIR locus -> UniProt mapped, coordinate-verified in registered proteome v2
AT5G16370	arabidopsis	505	s-nitrosylation	Q9FFE6	C	verified	PMC12454217 MOESM2 (S-nitrosylation column)	Novel proteomics workflow paper; TAIR locus -> UniProt mapped, coordinate-verified in registered proteome v2
AT5G16390	arabidopsis	137	s-nitrosylation	F4KE21	C	verified	PMC12454217 MOESM2 (S-nitrosylation column)	Novel proteomics workflow paper; TAIR locus -> UniProt mapped, coordinate-verified in registered proteome v2
AT5G16440	arabidopsis	80	s-nitrosylation	Q38929	C	verified	PMC12454217 MOESM2 (S-nitrosylation column)	Novel proteomics workflow paper; TAIR locus -> UniProt mapped, coordinate-verified in registered proteome v2
AT5G16450	arabidopsis	10	s-nitrosylation	B9DH14	C	verified	PMC12454217 MOESM2 (S-nitrosylation column)	Novel proteomics workflow paper; TAIR locus -> UniProt mapped, coordinate-verified in registered proteome v2
AT5G16510	arabidopsis	103	s-nitrosylation	Q9FFD2	C	verified	PMC12454217 MOESM2 (S-nitrosylation column)	Novel proteomics workflow paper; TAIR locus -> UniProt mapped, coordinate-verified in registered proteome v2
AT5G16570	arabidopsis	92	s-nitrosylation	A0A1P8BF22	C	verified	PMC12454217 MOESM2 (S-nitrosylation column)	Novel proteomics workflow paper; TAIR locus -> UniProt mapped, coordinate-verified in registered proteome v2
AT5G16620	arabidopsis	415	s-nitrosylation	Q9FMD5	C	verified	PMC12454217 MOESM2 (S-nitrosylation column)	Novel proteomics workflow paper; TAIR locus -> UniProt mapped, coordinate-verified in registered proteome v2
AT5G16710	arabidopsis	66	s-nitrosylation	Q8LE52	C	verified	PMC12454217 MOESM2 (S-nitrosylation column)	Novel proteomics workflow paper; TAIR locus -> UniProt mapped, coordinate-verified in registered proteome v2
AT5G16715	arabidopsis	202	s-nitrosylation	F4KE63	C	verified	PMC12454217 MOESM2 (S-nitrosylation column)	Novel proteomics workflow paper; TAIR locus -> UniProt mapped, coordinate-verified in registered proteome v2
AT5G16760	arabidopsis	56	s-nitrosylation	Q9SBA5	C	verified	PMC12454217 MOESM2 (S-nitrosylation column)	Novel proteomics workflow paper; TAIR locus -> UniProt mapped, coordinate-verified in registered proteome v2
AT5G16930	arabidopsis	471	s-nitrosylation	F4KFJ7	C	verified	PMC12454217 MOESM2 (S-nitrosylation column)	Novel proteomics workflow paper; TAIR locus -> UniProt mapped, coordinate-verified in registered proteome v2
AT5G16970	arabidopsis	50	s-nitrosylation	Q39172	C	verified	PMC12454217 MOESM2 (S-nitrosylation column)	Novel proteomics workflow paper; TAIR locus -> UniProt mapped, coordinate-verified in registered proteome v2
AT5G16990	arabidopsis	49	s-nitrosylation	Q39173	C	verified	PMC12454217 MOESM2 (S-nitrosylation column)	Novel proteomics workflow paper; TAIR locus -> UniProt mapped, coordinate-verified in registered proteome v2
AT5G17000	arabidopsis	50	s-nitrosylation	A0A1P8BEE4	C	verified	PMC12454217 MOESM2 (S-nitrosylation column)	Novel proteomics workflow paper; TAIR locus -> UniProt mapped, coordinate-verified in registered proteome v2
AT5G17020	arabidopsis	158	s-nitrosylation	Q9SMV6	C	verified	PMC12454217 MOESM2 (S-nitrosylation column)	Novel proteomics workflow paper; TAIR locus -> UniProt mapped, coordinate-verified in registered proteome v2
AT5G17170	arabidopsis	199	s-nitrosylation	Q7EX75	C	verified	PMC12454217 MOESM2 (S-nitrosylation column)	Novel proteomics workflow paper; TAIR locus -> UniProt mapped, coordinate-verified in registered proteome v2
AT5G17220	arabidopsis	13	s-nitrosylation	Q9FE46	C	verified	PMC12454217 MOESM2 (S-nitrosylation column)	Novel proteomics workflow paper; TAIR locus -> UniProt mapped, coordinate-verified in registered proteome v2
AT5G17310	arabidopsis	96	s-nitrosylation	P57751	C	verified	PMC12454217 MOESM2 (S-nitrosylation column)	Novel proteomics workflow paper; TAIR locus -> UniProt mapped, coordinate-verified in registered proteome v2
AT5G17330	arabidopsis	72	s-nitrosylation	Q42521	C	verified	PMC12454217 MOESM2 (S-nitrosylation column)	Novel proteomics workflow paper; TAIR locus -> UniProt mapped, coordinate-verified in registered proteome v2
AT5G17380	arabidopsis	164	s-nitrosylation	Q9LF46	C	verified	PMC12454217 MOESM2 (S-nitrosylation column)	Novel proteomics workflow paper; TAIR locus -> UniProt mapped, coordinate-verified in registered proteome v2
AT5G17530	arabidopsis	605	s-nitrosylation	F4KH14	C	verified	PMC12454217 MOESM2 (S-nitrosylation column)	Novel proteomics workflow paper; TAIR locus -> UniProt mapped, coordinate-verified in registered proteome v2
AT5G17670	arabidopsis	177	s-nitrosylation	Q7ERW4	C	verified	PMC12454217 MOESM2 (S-nitrosylation column)	Novel proteomics workflow paper; TAIR locus -> UniProt mapped, coordinate-verified in registered proteome v2
AT5G17770	arabidopsis	41	s-nitrosylation	Q9ZNT1	C	verified	PMC12454217 MOESM2 (S-nitrosylation column)	Novel proteomics workflow paper; TAIR locus -> UniProt mapped, coordinate-verified in registered proteome v2
AT5G17920	arabidopsis	328	s-nitrosylation	O50008	C	verified	PMC12454217 MOESM2 (S-nitrosylation column)	Novel proteomics workflow paper; TAIR locus -> UniProt mapped, coordinate-verified in registered proteome v2
AT5G17990	arabidopsis	222	s-nitrosylation	Q02166	C	verified	PMC12454217 MOESM2 (S-nitrosylation column)	Novel proteomics workflow paper; TAIR locus -> UniProt mapped, coordinate-verified in registered proteome v2
AT5G18100	arabidopsis	151	s-nitrosylation	Q9FK60	C	verified	PMC12454217 MOESM2 (S-nitrosylation column)	Novel proteomics workflow paper; TAIR locus -> UniProt mapped, coordinate-verified in registered proteome v2
AT5G18170	arabidopsis	39	s-nitrosylation	Q43314	C	verified	PMC12454217 MOESM2 (S-nitrosylation column)	Novel proteomics workflow paper; TAIR locus -> UniProt mapped, coordinate-verified in registered proteome v2
AT5G18400	arabidopsis	78	s-nitrosylation	Q8L7Z3	C	verified	PMC12454217 MOESM2 (S-nitrosylation column)	Novel proteomics workflow paper; TAIR locus -> UniProt mapped, coordinate-verified in registered proteome v2
AT5G18420	arabidopsis	183	s-nitrosylation	A0A1P8BG97	C	verified	PMC12454217 MOESM2 (S-nitrosylation column)	Novel proteomics workflow paper; TAIR locus -> UniProt mapped, coordinate-verified in registered proteome v2
AT5G18480	arabidopsis	143	s-nitrosylation	Q8GWB7	C	verified	PMC12454217 MOESM2 (S-nitrosylation column)	Novel proteomics workflow paper; TAIR locus -> UniProt mapped, coordinate-verified in registered proteome v2
AT5G18520	arabidopsis	224	s-nitrosylation	F4JY11	C	verified	PMC12454217 MOESM2 (S-nitrosylation column)	Novel proteomics workflow paper; TAIR locus -> UniProt mapped, coordinate-verified in registered proteome v2
AT5G18900	arabidopsis	58	s-nitrosylation	Q8LAN3	C	verified	PMC12454217 MOESM2 (S-nitrosylation column)	Novel proteomics workflow paper; TAIR locus -> UniProt mapped, coordinate-verified in registered proteome v2
AT5G19010	arabidopsis	163	s-nitrosylation	Q8W4J2	C	verified	PMC12454217 MOESM2 (S-nitrosylation column)	Novel proteomics workflow paper; TAIR locus -> UniProt mapped, coordinate-verified in registered proteome v2
AT5G19140	arabidopsis	78	s-nitrosylation	F4JZM5	C	verified	PMC12454217 MOESM2 (S-nitrosylation column)	Novel proteomics workflow paper; TAIR locus -> UniProt mapped, coordinate-verified in registered proteome v2
AT5G19150	arabidopsis	82	s-nitrosylation	Q94AF2	C	verified	PMC12454217 MOESM2 (S-nitrosylation column)	Novel proteomics workflow paper; TAIR locus -> UniProt mapped, coordinate-verified in registered proteome v2
AT5G19180	arabidopsis	59	s-nitrosylation	A0A1P8BGN7	C	verified	PMC12454217 MOESM2 (S-nitrosylation column)	Novel proteomics workflow paper; TAIR locus -> UniProt mapped, coordinate-verified in registered proteome v2
AT5G19220	arabidopsis	131	s-nitrosylation	P55229	C	verified	PMC12454217 MOESM2 (S-nitrosylation column)	Novel proteomics workflow paper; TAIR locus -> UniProt mapped, coordinate-verified in registered proteome v2
AT5G19240	arabidopsis	113	s-nitrosylation	Q0WTR1	C	verified	PMC12454217 MOESM2 (S-nitrosylation column)	Novel proteomics workflow paper; TAIR locus -> UniProt mapped, coordinate-verified in registered proteome v2
AT5G19370	arabidopsis	134	s-nitrosylation	Q93WI0	C	verified	PMC12454217 MOESM2 (S-nitrosylation column)	Novel proteomics workflow paper; TAIR locus -> UniProt mapped, coordinate-verified in registered proteome v2
AT5G19440	arabidopsis	80	s-nitrosylation	F4K152	C	verified	PMC12454217 MOESM2 (S-nitrosylation column)	Novel proteomics workflow paper; TAIR locus -> UniProt mapped, coordinate-verified in registered proteome v2
AT5G19450	arabidopsis	172	s-nitrosylation	Q42438	C	verified	PMC12454217 MOESM2 (S-nitrosylation column)	Novel proteomics workflow paper; TAIR locus -> UniProt mapped, coordinate-verified in registered proteome v2
AT5G19485	arabidopsis	162	s-nitrosylation	F4K161	C	verified	PMC12454217 MOESM2 (S-nitrosylation column)	Novel proteomics workflow paper; TAIR locus -> UniProt mapped, coordinate-verified in registered proteome v2
AT5G19550	arabidopsis	104	s-nitrosylation	P46645	C	verified	PMC12454217 MOESM2 (S-nitrosylation column)	Novel proteomics workflow paper; TAIR locus -> UniProt mapped, coordinate-verified in registered proteome v2
AT5G19620	arabidopsis	248	s-nitrosylation	Q9C5J8	C	verified	PMC12454217 MOESM2 (S-nitrosylation column)	Novel proteomics workflow paper; TAIR locus -> UniProt mapped, coordinate-verified in registered proteome v2
AT5G19630	arabidopsis	102	s-nitrosylation	F4K2K5	C	verified	PMC12454217 MOESM2 (S-nitrosylation column)	Novel proteomics workflow paper; TAIR locus -> UniProt mapped, coordinate-verified in registered proteome v2
AT5G19680	arabidopsis	302	s-nitrosylation	Q84WJ9	C	verified	PMC12454217 MOESM2 (S-nitrosylation column)	Novel proteomics workflow paper; TAIR locus -> UniProt mapped, coordinate-verified in registered proteome v2
AT5G19740	arabidopsis	410	s-nitrosylation	Q7Y228	C	verified	PMC12454217 MOESM2 (S-nitrosylation column)	Novel proteomics workflow paper; TAIR locus -> UniProt mapped, coordinate-verified in registered proteome v2
AT5G19760	arabidopsis	170	s-nitrosylation	Q9C5M0	C	verified	PMC12454217 MOESM2 (S-nitrosylation column)	Novel proteomics workflow paper; TAIR locus -> UniProt mapped, coordinate-verified in registered proteome v2
AT5G19770	arabidopsis	118	s-nitrosylation	Q56WH1	C	verified	PMC12454217 MOESM2 (S-nitrosylation column)	Novel proteomics workflow paper; TAIR locus -> UniProt mapped, coordinate-verified in registered proteome v2
AT5G19820	arabidopsis	216	s-nitrosylation	F4K2M5	C	verified	PMC12454217 MOESM2 (S-nitrosylation column)	Novel proteomics workflow paper; TAIR locus -> UniProt mapped, coordinate-verified in registered proteome v2
AT5G19850	arabidopsis	300	s-nitrosylation	F4K2M9	C	verified	PMC12454217 MOESM2 (S-nitrosylation column)	Novel proteomics workflow paper; TAIR locus -> UniProt mapped, coordinate-verified in registered proteome v2
AT5G20000	arabidopsis	19	s-nitrosylation	Q94BQ2	C	verified	PMC12454217 MOESM2 (S-nitrosylation column)	Novel proteomics workflow paper; TAIR locus -> UniProt mapped, coordinate-verified in registered proteome v2
AT5G20010	arabidopsis	59	s-nitrosylation	P41916	C	verified	PMC12454217 MOESM2 (S-nitrosylation column)	Novel proteomics workflow paper; TAIR locus -> UniProt mapped, coordinate-verified in registered proteome v2
AT5G20060	arabidopsis	192	s-nitrosylation	A0A1P8BF36	C	verified	PMC12454217 MOESM2 (S-nitrosylation column)	Novel proteomics workflow paper; TAIR locus -> UniProt mapped, coordinate-verified in registered proteome v2
AT5G20080	arabidopsis	113	s-nitrosylation	P83291	C	verified	PMC12454217 MOESM2 (S-nitrosylation column)	Novel proteomics workflow paper; TAIR locus -> UniProt mapped, coordinate-verified in registered proteome v2
AT5G20090	arabidopsis	77	s-nitrosylation	B3H6E6	C	verified	PMC12454217 MOESM2 (S-nitrosylation column)	Novel proteomics workflow paper; TAIR locus -> UniProt mapped, coordinate-verified in registered proteome v2
AT5G20140	arabidopsis	170	s-nitrosylation	F4K451	C	verified	PMC12454217 MOESM2 (S-nitrosylation column)	Novel proteomics workflow paper; TAIR locus -> UniProt mapped, coordinate-verified in registered proteome v2
AT5G20230	arabidopsis	79	s-nitrosylation	Q07488	C	verified	PMC12454217 MOESM2 (S-nitrosylation column)	Novel proteomics workflow paper; TAIR locus -> UniProt mapped, coordinate-verified in registered proteome v2
AT5G20250	arabidopsis	634	s-nitrosylation	F4K470	C	verified	PMC12454217 MOESM2 (S-nitrosylation column)	Novel proteomics workflow paper; TAIR locus -> UniProt mapped, coordinate-verified in registered proteome v2
AT5G20280	arabidopsis	1002	s-nitrosylation	Q94BT0	C	verified	PMC12454217 MOESM2 (S-nitrosylation column)	Novel proteomics workflow paper; TAIR locus -> UniProt mapped, coordinate-verified in registered proteome v2
AT5G20290	arabidopsis	193	s-nitrosylation	Q93VG5	C	verified	PMC12454217 MOESM2 (S-nitrosylation column)	Novel proteomics workflow paper; TAIR locus -> UniProt mapped, coordinate-verified in registered proteome v2
AT5G20350	arabidopsis	53	s-nitrosylation	Q52T38	C	verified	PMC12454217 MOESM2 (S-nitrosylation column)	Novel proteomics workflow paper; TAIR locus -> UniProt mapped, coordinate-verified in registered proteome v2
AT5G20360	arabidopsis	209	s-nitrosylation	F4K487	C	verified	PMC12454217 MOESM2 (S-nitrosylation column)	Novel proteomics workflow paper; TAIR locus -> UniProt mapped, coordinate-verified in registered proteome v2
AT5G20490	arabidopsis	226	s-nitrosylation	F4K5J1	C	verified	PMC12454217 MOESM2 (S-nitrosylation column)	Novel proteomics workflow paper; TAIR locus -> UniProt mapped, coordinate-verified in registered proteome v2
AT5G20570	arabidopsis	128	s-nitrosylation	F4K5K0	C	verified	PMC12454217 MOESM2 (S-nitrosylation column)	Novel proteomics workflow paper; TAIR locus -> UniProt mapped, coordinate-verified in registered proteome v2
AT5G20600	arabidopsis	274	s-nitrosylation	F4K5K5	C	verified	PMC12454217 MOESM2 (S-nitrosylation column)	Novel proteomics workflow paper; TAIR locus -> UniProt mapped, coordinate-verified in registered proteome v2
AT5G20630	arabidopsis	41	s-nitrosylation	P94072	C	verified	PMC12454217 MOESM2 (S-nitrosylation column)	Novel proteomics workflow paper; TAIR locus -> UniProt mapped, coordinate-verified in registered proteome v2
AT5G20830	arabidopsis	266	s-nitrosylation	P49040	C	verified	PMC12454217 MOESM2 (S-nitrosylation column)	Novel proteomics workflow paper; TAIR locus -> UniProt mapped, coordinate-verified in registered proteome v2
AT5G20890	arabidopsis	163	s-nitrosylation	Q940P8	C	verified	PMC12454217 MOESM2 (S-nitrosylation column)	Novel proteomics workflow paper; TAIR locus -> UniProt mapped, coordinate-verified in registered proteome v2
AT5G20920	arabidopsis	167	s-nitrosylation	Q41969	C	verified	PMC12454217 MOESM2 (S-nitrosylation column)	Novel proteomics workflow paper; TAIR locus -> UniProt mapped, coordinate-verified in registered proteome v2
AT5G20935	arabidopsis	69	s-nitrosylation	A0A1P8BF40	C	verified	PMC12454217 MOESM2 (S-nitrosylation column)	Novel proteomics workflow paper; TAIR locus -> UniProt mapped, coordinate-verified in registered proteome v2
AT5G20960	arabidopsis	176	s-nitrosylation	Q7G193	C	verified	PMC12454217 MOESM2 (S-nitrosylation column)	Novel proteomics workflow paper; TAIR locus -> UniProt mapped, coordinate-verified in registered proteome v2
AT5G20980	arabidopsis	224	s-nitrosylation	Q0WNZ5	C	verified	PMC12454217 MOESM2 (S-nitrosylation column)	Novel proteomics workflow paper; TAIR locus -> UniProt mapped, coordinate-verified in registered proteome v2
AT5G21060	arabidopsis	42	s-nitrosylation	F4K6Y7	C	verified	PMC12454217 MOESM2 (S-nitrosylation column)	Novel proteomics workflow paper; TAIR locus -> UniProt mapped, coordinate-verified in registered proteome v2
AT5G21105	arabidopsis	575	s-nitrosylation	F4K6Z5	C	verified	PMC12454217 MOESM2 (S-nitrosylation column)	Novel proteomics workflow paper; TAIR locus -> UniProt mapped, coordinate-verified in registered proteome v2
AT5G21222	arabidopsis	127	s-nitrosylation	Q8S9D1	C	verified	PMC12454217 MOESM2 (S-nitrosylation column)	Novel proteomics workflow paper; TAIR locus -> UniProt mapped, coordinate-verified in registered proteome v2
AT5G21326	arabidopsis	127	s-nitrosylation	Q84VQ3	C	verified	PMC12454217 MOESM2 (S-nitrosylation column)	Novel proteomics workflow paper; TAIR locus -> UniProt mapped, coordinate-verified in registered proteome v2
AT5G21430	arabidopsis	106	s-nitrosylation	Q84VQ4	C	verified	PMC12454217 MOESM2 (S-nitrosylation column)	Novel proteomics workflow paper; TAIR locus -> UniProt mapped, coordinate-verified in registered proteome v2
AT5G21930	arabidopsis	544	s-nitrosylation	A0A1P8BE56	C	verified	PMC12454217 MOESM2 (S-nitrosylation column)	Novel proteomics workflow paper; TAIR locus -> UniProt mapped, coordinate-verified in registered proteome v2
AT5G22300	arabidopsis	197	s-nitrosylation	P46011	C	verified	PMC12454217 MOESM2 (S-nitrosylation column)	Novel proteomics workflow paper; TAIR locus -> UniProt mapped, coordinate-verified in registered proteome v2
AT5G22330	arabidopsis	97	s-nitrosylation	Q9FMR9	C	verified	PMC12454217 MOESM2 (S-nitrosylation column)	Novel proteomics workflow paper; TAIR locus -> UniProt mapped, coordinate-verified in registered proteome v2
AT5G22360	arabidopsis	46	s-nitrosylation	Q9FMR5	C	verified	PMC12454217 MOESM2 (S-nitrosylation column)	Novel proteomics workflow paper; TAIR locus -> UniProt mapped, coordinate-verified in registered proteome v2
AT5G22440	arabidopsis	20	s-nitrosylation	P59231	C	verified	PMC12454217 MOESM2 (S-nitrosylation column)	Novel proteomics workflow paper; TAIR locus -> UniProt mapped, coordinate-verified in registered proteome v2
AT5G22620	arabidopsis	242	s-nitrosylation	A0A1P8BB43	C	verified	PMC12454217 MOESM2 (S-nitrosylation column)	Novel proteomics workflow paper; TAIR locus -> UniProt mapped, coordinate-verified in registered proteome v2
AT5G22650	arabidopsis	33	s-nitrosylation	Q56WH4	C	verified	PMC12454217 MOESM2 (S-nitrosylation column)	Novel proteomics workflow paper; TAIR locus -> UniProt mapped, coordinate-verified in registered proteome v2
AT5G22740	arabidopsis	233	s-nitrosylation	Q9FNI7	C	verified	PMC12454217 MOESM2 (S-nitrosylation column)	Novel proteomics workflow paper; TAIR locus -> UniProt mapped, coordinate-verified in registered proteome v2
AT5G22770	arabidopsis	386	s-nitrosylation	Q8LPL6	C	verified	PMC12454217 MOESM2 (S-nitrosylation column)	Novel proteomics workflow paper; TAIR locus -> UniProt mapped, coordinate-verified in registered proteome v2
AT5G22780	arabidopsis	386	s-nitrosylation	Q8LPK4	C	verified	PMC12454217 MOESM2 (S-nitrosylation column)	Novel proteomics workflow paper; TAIR locus -> UniProt mapped, coordinate-verified in registered proteome v2
AT5G22800	arabidopsis	730	s-nitrosylation	A0A1P8BCC6	C	verified	PMC12454217 MOESM2 (S-nitrosylation column)	Novel proteomics workflow paper; TAIR locus -> UniProt mapped, coordinate-verified in registered proteome v2
AT5G23010	arabidopsis	188	s-nitrosylation	A0A1P8B9L6	C	verified	PMC12454217 MOESM2 (S-nitrosylation column)	Novel proteomics workflow paper; TAIR locus -> UniProt mapped, coordinate-verified in registered proteome v2
AT5G23060	arabidopsis	231	s-nitrosylation	A0A1P8BCX7	C	verified	PMC12454217 MOESM2 (S-nitrosylation column)	Novel proteomics workflow paper; TAIR locus -> UniProt mapped, coordinate-verified in registered proteome v2
AT5G23140	arabidopsis	121	s-nitrosylation	Q9FN42	C	verified	PMC12454217 MOESM2 (S-nitrosylation column)	Novel proteomics workflow paper; TAIR locus -> UniProt mapped, coordinate-verified in registered proteome v2
AT5G23200	arabidopsis	174	s-nitrosylation	F4KCT2	C	verified	PMC12454217 MOESM2 (S-nitrosylation column)	Novel proteomics workflow paper; TAIR locus -> UniProt mapped, coordinate-verified in registered proteome v2
AT5G23250	arabidopsis	57	s-nitrosylation	A0A1P8BEZ0	C	verified	PMC12454217 MOESM2 (S-nitrosylation column)	Novel proteomics workflow paper; TAIR locus -> UniProt mapped, coordinate-verified in registered proteome v2
AT5G23510	arabidopsis	178	s-nitrosylation	F4KCX6	C	verified	PMC12454217 MOESM2 (S-nitrosylation column)	Novel proteomics workflow paper; TAIR locus -> UniProt mapped, coordinate-verified in registered proteome v2
AT5G23670	arabidopsis	136	s-nitrosylation	Q9LSZ9	C	verified	PMC12454217 MOESM2 (S-nitrosylation column)	Novel proteomics workflow paper; TAIR locus -> UniProt mapped, coordinate-verified in registered proteome v2
AT5G23820	arabidopsis	149	s-nitrosylation	Q9FF98	C	verified	PMC12454217 MOESM2 (S-nitrosylation column)	Novel proteomics workflow paper; TAIR locus -> UniProt mapped, coordinate-verified in registered proteome v2
AT5G23880	arabidopsis	722	s-nitrosylation	Q9LKF9	C	verified	PMC12454217 MOESM2 (S-nitrosylation column)	Novel proteomics workflow paper; TAIR locus -> UniProt mapped, coordinate-verified in registered proteome v2
AT5G23890	arabidopsis	460	s-nitrosylation	B9DFF5	C	verified	PMC12454217 MOESM2 (S-nitrosylation column)	Novel proteomics workflow paper; TAIR locus -> UniProt mapped, coordinate-verified in registered proteome v2
AT5G23920	arabidopsis	218	s-nitrosylation	Q0WRW4	C	verified	PMC12454217 MOESM2 (S-nitrosylation column)	Novel proteomics workflow paper; TAIR locus -> UniProt mapped, coordinate-verified in registered proteome v2
AT5G23940	arabidopsis	379	s-nitrosylation	Q9FF86	C	verified	PMC12454217 MOESM2 (S-nitrosylation column)	Novel proteomics workflow paper; TAIR locus -> UniProt mapped, coordinate-verified in registered proteome v2
AT5G24020	arabidopsis	223	s-nitrosylation	Q9MBA2	C	verified	PMC12454217 MOESM2 (S-nitrosylation column)	Novel proteomics workflow paper; TAIR locus -> UniProt mapped, coordinate-verified in registered proteome v2
AT5G24300	arabidopsis	164	s-nitrosylation	Q9FNF2	C	verified	PMC12454217 MOESM2 (S-nitrosylation column)	Novel proteomics workflow paper; TAIR locus -> UniProt mapped, coordinate-verified in registered proteome v2
AT5G24400	arabidopsis	108	s-nitrosylation	Q84WW2	C	verified	PMC12454217 MOESM2 (S-nitrosylation column)	Novel proteomics workflow paper; TAIR locus -> UniProt mapped, coordinate-verified in registered proteome v2
AT5G24420	arabidopsis	77	s-nitrosylation	Q8LEV7	C	verified	PMC12454217 MOESM2 (S-nitrosylation column)	Novel proteomics workflow paper; TAIR locus -> UniProt mapped, coordinate-verified in registered proteome v2
AT5G24460	arabidopsis	258	s-nitrosylation	Q7EFW0	C	verified	PMC12454217 MOESM2 (S-nitrosylation column)	Novel proteomics workflow paper; TAIR locus -> UniProt mapped, coordinate-verified in registered proteome v2
AT5G24490	arabidopsis	139	s-nitrosylation	F4KH54	C	verified	PMC12454217 MOESM2 (S-nitrosylation column)	Novel proteomics workflow paper; TAIR locus -> UniProt mapped, coordinate-verified in registered proteome v2
AT5G24530	arabidopsis	59	s-nitrosylation	Q9FLV0	C	verified	PMC12454217 MOESM2 (S-nitrosylation column)	Novel proteomics workflow paper; TAIR locus -> UniProt mapped, coordinate-verified in registered proteome v2
AT5G24710	arabidopsis	331	s-nitrosylation	F4KIH8	C	verified	PMC12454217 MOESM2 (S-nitrosylation column)	Novel proteomics workflow paper; TAIR locus -> UniProt mapped, coordinate-verified in registered proteome v2
AT5G24810	arabidopsis	292	s-nitrosylation	F4KIJ2	C	verified	PMC12454217 MOESM2 (S-nitrosylation column)	Novel proteomics workflow paper; TAIR locus -> UniProt mapped, coordinate-verified in registered proteome v2
AT5G25100	arabidopsis	111	s-nitrosylation	F4KIM7	C	verified	PMC12454217 MOESM2 (S-nitrosylation column)	Novel proteomics workflow paper; TAIR locus -> UniProt mapped, coordinate-verified in registered proteome v2
AT5G25120	arabidopsis	115	s-nitrosylation	P58049	C	verified	PMC12454217 MOESM2 (S-nitrosylation column)	Novel proteomics workflow paper; TAIR locus -> UniProt mapped, coordinate-verified in registered proteome v2
AT5G25250	arabidopsis	380	s-nitrosylation	Q501E6	C	verified	PMC12454217 MOESM2 (S-nitrosylation column)	Novel proteomics workflow paper; TAIR locus -> UniProt mapped, coordinate-verified in registered proteome v2
AT5G25460	arabidopsis	293	s-nitrosylation	Q94F20	C	verified	PMC12454217 MOESM2 (S-nitrosylation column)	Novel proteomics workflow paper; TAIR locus -> UniProt mapped, coordinate-verified in registered proteome v2
AT5G25754	arabidopsis	50	s-nitrosylation	F4JY76	C	verified	PMC12454217 MOESM2 (S-nitrosylation column)	Novel proteomics workflow paper; TAIR locus -> UniProt mapped, coordinate-verified in registered proteome v2
AT5G25760	arabidopsis	29	s-nitrosylation	Q8LGF7	C	verified	PMC12454217 MOESM2 (S-nitrosylation column)	Novel proteomics workflow paper; TAIR locus -> UniProt mapped, coordinate-verified in registered proteome v2
AT5G25770	arabidopsis	300	s-nitrosylation	B9DHT2	C	verified	PMC12454217 MOESM2 (S-nitrosylation column)	Novel proteomics workflow paper; TAIR locus -> UniProt mapped, coordinate-verified in registered proteome v2
AT5G25780	arabidopsis	109	s-nitrosylation	F4JY83	C	verified	PMC12454217 MOESM2 (S-nitrosylation column)	Novel proteomics workflow paper; TAIR locus -> UniProt mapped, coordinate-verified in registered proteome v2
AT5G25880	arabidopsis	144	s-nitrosylation	A0A1P8BDF1	C	verified	PMC12454217 MOESM2 (S-nitrosylation column)	Novel proteomics workflow paper; TAIR locus -> UniProt mapped, coordinate-verified in registered proteome v2
AT5G25980	arabidopsis	103	s-nitrosylation	Q9C5C2	C	verified	PMC12454217 MOESM2 (S-nitrosylation column)	Novel proteomics workflow paper; TAIR locus -> UniProt mapped, coordinate-verified in registered proteome v2
AT5G26000	arabidopsis	91	s-nitrosylation	P37702	C	verified	PMC12454217 MOESM2 (S-nitrosylation column)	Novel proteomics workflow paper; TAIR locus -> UniProt mapped, coordinate-verified in registered proteome v2
AT5G26180	arabidopsis	386	s-nitrosylation	Q8GYE8	C	verified	PMC12454217 MOESM2 (S-nitrosylation column)	Novel proteomics workflow paper; TAIR locus -> UniProt mapped, coordinate-verified in registered proteome v2
AT5G26360	arabidopsis	121	s-nitrosylation	Q84WV1	C	verified	PMC12454217 MOESM2 (S-nitrosylation column)	Novel proteomics workflow paper; TAIR locus -> UniProt mapped, coordinate-verified in registered proteome v2
AT5G26570	arabidopsis	162	s-nitrosylation	B3H4K8	C	verified	PMC12454217 MOESM2 (S-nitrosylation column)	Novel proteomics workflow paper; TAIR locus -> UniProt mapped, coordinate-verified in registered proteome v2
AT5G26667	arabidopsis	125	s-nitrosylation	O04905	C	verified	PMC12454217 MOESM2 (S-nitrosylation column)	Novel proteomics workflow paper; TAIR locus -> UniProt mapped, coordinate-verified in registered proteome v2
AT5G26680	arabidopsis	17	s-nitrosylation	A0A1P8BFQ5	C	verified	PMC12454217 MOESM2 (S-nitrosylation column)	Novel proteomics workflow paper; TAIR locus -> UniProt mapped, coordinate-verified in registered proteome v2
AT5G26710	arabidopsis	397	s-nitrosylation	O82462	C	verified	PMC12454217 MOESM2 (S-nitrosylation column)	Novel proteomics workflow paper; TAIR locus -> UniProt mapped, coordinate-verified in registered proteome v2
AT5G26742	arabidopsis	729	s-nitrosylation	Q8L7S8	C	verified	PMC12454217 MOESM2 (S-nitrosylation column)	Novel proteomics workflow paper; TAIR locus -> UniProt mapped, coordinate-verified in registered proteome v2
AT5G26780	arabidopsis	125	s-nitrosylation	Q94C74	C	verified	PMC12454217 MOESM2 (S-nitrosylation column)	Novel proteomics workflow paper; TAIR locus -> UniProt mapped, coordinate-verified in registered proteome v2
AT5G26830	arabidopsis	129	s-nitrosylation	O04630	C	verified	PMC12454217 MOESM2 (S-nitrosylation column)	Novel proteomics workflow paper; TAIR locus -> UniProt mapped, coordinate-verified in registered proteome v2
AT5G26860	arabidopsis	323	s-nitrosylation	A0A2H1ZE77	C	verified	PMC12454217 MOESM2 (S-nitrosylation column)	Novel proteomics workflow paper; TAIR locus -> UniProt mapped, coordinate-verified in registered proteome v2
AT5G27030	arabidopsis	186	s-nitrosylation	F4K2T3	C	verified	PMC12454217 MOESM2 (S-nitrosylation column)	Novel proteomics workflow paper; TAIR locus -> UniProt mapped, coordinate-verified in registered proteome v2
AT5G27120	arabidopsis	80	s-nitrosylation	O04658	C	verified	PMC12454217 MOESM2 (S-nitrosylation column)	Novel proteomics workflow paper; TAIR locus -> UniProt mapped, coordinate-verified in registered proteome v2
AT5G27290	arabidopsis	77	s-nitrosylation	F4K2V7	C	verified	PMC12454217 MOESM2 (S-nitrosylation column)	Novel proteomics workflow paper; TAIR locus -> UniProt mapped, coordinate-verified in registered proteome v2
AT5G27380	arabidopsis	134	s-nitrosylation	P46416	C	verified	PMC12454217 MOESM2 (S-nitrosylation column)	Novel proteomics workflow paper; TAIR locus -> UniProt mapped, coordinate-verified in registered proteome v2
AT5G27410	arabidopsis	840	s-nitrosylation	F4K4A7	C	verified	PMC12454217 MOESM2 (S-nitrosylation column)	Novel proteomics workflow paper; TAIR locus -> UniProt mapped, coordinate-verified in registered proteome v2
AT5G27450	arabidopsis	217	s-nitrosylation	P46086	C	verified	PMC12454217 MOESM2 (S-nitrosylation column)	Novel proteomics workflow paper; TAIR locus -> UniProt mapped, coordinate-verified in registered proteome v2
AT5G27470	arabidopsis	213	s-nitrosylation	Q39230	C	verified	PMC12454217 MOESM2 (S-nitrosylation column)	Novel proteomics workflow paper; TAIR locus -> UniProt mapped, coordinate-verified in registered proteome v2
AT5G27540	arabidopsis	11	s-nitrosylation	Q8RXF8	C	verified	PMC12454217 MOESM2 (S-nitrosylation column)	Novel proteomics workflow paper; TAIR locus -> UniProt mapped, coordinate-verified in registered proteome v2
AT5G27600	arabidopsis	619	s-nitrosylation	Q8LKS5	C	verified	PMC12454217 MOESM2 (S-nitrosylation column)	Novel proteomics workflow paper; TAIR locus -> UniProt mapped, coordinate-verified in registered proteome v2
AT5G27640	arabidopsis	108	s-nitrosylation	F4K4D5	C	verified	PMC12454217 MOESM2 (S-nitrosylation column)	Novel proteomics workflow paper; TAIR locus -> UniProt mapped, coordinate-verified in registered proteome v2
AT5G27770	arabidopsis	22	s-nitrosylation	Q0WRH6	C	verified	PMC12454217 MOESM2 (S-nitrosylation column)	Novel proteomics workflow paper; TAIR locus -> UniProt mapped, coordinate-verified in registered proteome v2
AT5G27840	arabidopsis	64	s-nitrosylation	A0A1P8BC75	C	verified	PMC12454217 MOESM2 (S-nitrosylation column)	Novel proteomics workflow paper; TAIR locus -> UniProt mapped, coordinate-verified in registered proteome v2
AT5G27850	arabidopsis	119	s-nitrosylation	Q940B0	C	verified	PMC12454217 MOESM2 (S-nitrosylation column)	Novel proteomics workflow paper; TAIR locus -> UniProt mapped, coordinate-verified in registered proteome v2
AT5G28020	arabidopsis	30	s-nitrosylation	Q9SXS7	C	verified	PMC12454217 MOESM2 (S-nitrosylation column)	Novel proteomics workflow paper; TAIR locus -> UniProt mapped, coordinate-verified in registered proteome v2
AT5G28060	arabidopsis	59	s-nitrosylation	Q8LC83	C	verified	PMC12454217 MOESM2 (S-nitrosylation column)	Novel proteomics workflow paper; TAIR locus -> UniProt mapped, coordinate-verified in registered proteome v2
AT5G28500	arabidopsis	211	s-nitrosylation	Q9LKR8	C	verified	PMC12454217 MOESM2 (S-nitrosylation column)	Novel proteomics workflow paper; TAIR locus -> UniProt mapped, coordinate-verified in registered proteome v2
AT5G28540	arabidopsis	635	s-nitrosylation	Q9LKR3	C	verified	PMC12454217 MOESM2 (S-nitrosylation column)	Novel proteomics workflow paper; TAIR locus -> UniProt mapped, coordinate-verified in registered proteome v2
AT5G28840	arabidopsis	71	s-nitrosylation	Q0WWW3	C	verified	PMC12454217 MOESM2 (S-nitrosylation column)	Novel proteomics workflow paper; TAIR locus -> UniProt mapped, coordinate-verified in registered proteome v2
AT5G30510	arabidopsis	132	s-nitrosylation	C0Z2U7	C	verified	PMC12454217 MOESM2 (S-nitrosylation column)	Novel proteomics workflow paper; TAIR locus -> UniProt mapped, coordinate-verified in registered proteome v2
AT5G33320	arabidopsis	359	s-nitrosylation	Q8RXN3	C	verified	PMC12454217 MOESM2 (S-nitrosylation column)	Novel proteomics workflow paper; TAIR locus -> UniProt mapped, coordinate-verified in registered proteome v2
AT5G34850	arabidopsis	117	s-nitrosylation	Q949Y3	C	verified	PMC12454217 MOESM2 (S-nitrosylation column)	Novel proteomics workflow paper; TAIR locus -> UniProt mapped, coordinate-verified in registered proteome v2
AT5G35100	arabidopsis	61	s-nitrosylation	A0A1P8B9P2	C	verified	PMC12454217 MOESM2 (S-nitrosylation column)	Novel proteomics workflow paper; TAIR locus -> UniProt mapped, coordinate-verified in registered proteome v2
AT5G35170	arabidopsis	96	s-nitrosylation	F4JYC0	C	verified	PMC12454217 MOESM2 (S-nitrosylation column)	Novel proteomics workflow paper; TAIR locus -> UniProt mapped, coordinate-verified in registered proteome v2
AT5G35180	arabidopsis	648	s-nitrosylation	F4JYC1	C	verified	PMC12454217 MOESM2 (S-nitrosylation column)	Novel proteomics workflow paper; TAIR locus -> UniProt mapped, coordinate-verified in registered proteome v2
AT5G35200	arabidopsis	271	s-nitrosylation	Q9LHS0	C	verified	PMC12454217 MOESM2 (S-nitrosylation column)	Novel proteomics workflow paper; TAIR locus -> UniProt mapped, coordinate-verified in registered proteome v2
AT5G35220	arabidopsis	503	s-nitrosylation	Q949Y5	C	verified	PMC12454217 MOESM2 (S-nitrosylation column)	Novel proteomics workflow paper; TAIR locus -> UniProt mapped, coordinate-verified in registered proteome v2
AT5G35360	arabidopsis	100	s-nitrosylation	F4JYE0	C	verified	PMC12454217 MOESM2 (S-nitrosylation column)	Novel proteomics workflow paper; TAIR locus -> UniProt mapped, coordinate-verified in registered proteome v2
AT5G35430	arabidopsis	243	s-nitrosylation	F4JZU5	C	verified	PMC12454217 MOESM2 (S-nitrosylation column)	Novel proteomics workflow paper; TAIR locus -> UniProt mapped, coordinate-verified in registered proteome v2
AT5G35530	arabidopsis	97	s-nitrosylation	B9DHB0	C	verified	PMC12454217 MOESM2 (S-nitrosylation column)	Novel proteomics workflow paper; TAIR locus -> UniProt mapped, coordinate-verified in registered proteome v2
AT5G35590	arabidopsis	49	s-nitrosylation	O81146	C	verified	PMC12454217 MOESM2 (S-nitrosylation column)	Novel proteomics workflow paper; TAIR locus -> UniProt mapped, coordinate-verified in registered proteome v2
AT5G35630	arabidopsis	150	s-nitrosylation	B9DGD1	C	verified	PMC12454217 MOESM2 (S-nitrosylation column)	Novel proteomics workflow paper; TAIR locus -> UniProt mapped, coordinate-verified in registered proteome v2
AT5G35790	arabidopsis	149	s-nitrosylation	Q43727	C	verified	PMC12454217 MOESM2 (S-nitrosylation column)	Novel proteomics workflow paper; TAIR locus -> UniProt mapped, coordinate-verified in registered proteome v2
AT5G35970	arabidopsis	185	s-nitrosylation	B9DFE7	C	verified	PMC12454217 MOESM2 (S-nitrosylation column)	Novel proteomics workflow paper; TAIR locus -> UniProt mapped, coordinate-verified in registered proteome v2
AT5G36160	arabidopsis	35	s-nitrosylation	Q9LVY1	C	verified	PMC12454217 MOESM2 (S-nitrosylation column)	Novel proteomics workflow paper; TAIR locus -> UniProt mapped, coordinate-verified in registered proteome v2
AT5G36210	arabidopsis	288	s-nitrosylation	F4K2Y3	C	verified	PMC12454217 MOESM2 (S-nitrosylation column)	Novel proteomics workflow paper; TAIR locus -> UniProt mapped, coordinate-verified in registered proteome v2
AT5G36790	arabidopsis	86	s-nitrosylation	P0DKC4	C	verified	PMC12454217 MOESM2 (S-nitrosylation column)	Novel proteomics workflow paper; TAIR locus -> UniProt mapped, coordinate-verified in registered proteome v2
AT5G36880	arabidopsis	167	s-nitrosylation	B9DGD6	C	verified	PMC12454217 MOESM2 (S-nitrosylation column)	Novel proteomics workflow paper; TAIR locus -> UniProt mapped, coordinate-verified in registered proteome v2
AT5G37360	arabidopsis	82	s-nitrosylation	F4K750	C	verified	PMC12454217 MOESM2 (S-nitrosylation column)	Novel proteomics workflow paper; TAIR locus -> UniProt mapped, coordinate-verified in registered proteome v2
AT5G37510	arabidopsis	117	s-nitrosylation	B9DFQ9	C	verified	PMC12454217 MOESM2 (S-nitrosylation column)	Novel proteomics workflow paper; TAIR locus -> UniProt mapped, coordinate-verified in registered proteome v2
AT5G37600	arabidopsis	92	s-nitrosylation	Q56WN1	C	verified	PMC12454217 MOESM2 (S-nitrosylation column)	Novel proteomics workflow paper; TAIR locus -> UniProt mapped, coordinate-verified in registered proteome v2
AT5G37780	arabidopsis	27	s-nitrosylation	P0DH95	C	verified	PMC12454217 MOESM2 (S-nitrosylation column)	Novel proteomics workflow paper; TAIR locus -> UniProt mapped, coordinate-verified in registered proteome v2
AT5G37830	arabidopsis	101	s-nitrosylation	Q9FIZ7	C	verified	PMC12454217 MOESM2 (S-nitrosylation column)	Novel proteomics workflow paper; TAIR locus -> UniProt mapped, coordinate-verified in registered proteome v2
AT5G38420	arabidopsis	96	s-nitrosylation	P10797	C	verified	PMC12454217 MOESM2 (S-nitrosylation column)	Novel proteomics workflow paper; TAIR locus -> UniProt mapped, coordinate-verified in registered proteome v2
AT5G38430	arabidopsis	96	s-nitrosylation	P10796	C	verified	PMC12454217 MOESM2 (S-nitrosylation column)	Novel proteomics workflow paper; TAIR locus -> UniProt mapped, coordinate-verified in registered proteome v2
AT5G38470	arabidopsis	357	s-nitrosylation	Q84L30	C	verified	PMC12454217 MOESM2 (S-nitrosylation column)	Novel proteomics workflow paper; TAIR locus -> UniProt mapped, coordinate-verified in registered proteome v2
AT5G38480	arabidopsis	99	s-nitrosylation	P42644	C	verified	PMC12454217 MOESM2 (S-nitrosylation column)	Novel proteomics workflow paper; TAIR locus -> UniProt mapped, coordinate-verified in registered proteome v2
AT5G38520	arabidopsis	203	s-nitrosylation	F4KBJ3	C	verified	PMC12454217 MOESM2 (S-nitrosylation column)	Novel proteomics workflow paper; TAIR locus -> UniProt mapped, coordinate-verified in registered proteome v2
AT5G38530	arabidopsis	351	s-nitrosylation	Q7EMP5	C	verified	PMC12454217 MOESM2 (S-nitrosylation column)	Novel proteomics workflow paper; TAIR locus -> UniProt mapped, coordinate-verified in registered proteome v2
AT5G38640	arabidopsis	567	s-nitrosylation	Q9FFV8	C	verified	PMC12454217 MOESM2 (S-nitrosylation column)	Novel proteomics workflow paper; TAIR locus -> UniProt mapped, coordinate-verified in registered proteome v2
AT5G38660	arabidopsis	152	s-nitrosylation	A0A1Z0ZUS8	C	verified	PMC12454217 MOESM2 (S-nitrosylation column)	Novel proteomics workflow paper; TAIR locus -> UniProt mapped, coordinate-verified in registered proteome v2
AT5G38830	arabidopsis	502	s-nitrosylation	B3LFA4	C	verified	PMC12454217 MOESM2 (S-nitrosylation column)	Novel proteomics workflow paper; TAIR locus -> UniProt mapped, coordinate-verified in registered proteome v2
AT5G38990	arabidopsis	281	s-nitrosylation	Q9FID9	C	verified	PMC12454217 MOESM2 (S-nitrosylation column)	Novel proteomics workflow paper; TAIR locus -> UniProt mapped, coordinate-verified in registered proteome v2
AT5G39320	arabidopsis	272	s-nitrosylation	Q9FM01	C	verified	PMC12454217 MOESM2 (S-nitrosylation column)	Novel proteomics workflow paper; TAIR locus -> UniProt mapped, coordinate-verified in registered proteome v2
AT5G39500	arabidopsis	779	s-nitrosylation	Q9FLY5	C	verified	PMC12454217 MOESM2 (S-nitrosylation column)	Novel proteomics workflow paper; TAIR locus -> UniProt mapped, coordinate-verified in registered proteome v2
AT5G39510	arabidopsis	23	s-nitrosylation	Q9SEL6	C	verified	PMC12454217 MOESM2 (S-nitrosylation column)	Novel proteomics workflow paper; TAIR locus -> UniProt mapped, coordinate-verified in registered proteome v2
AT5G39590	arabidopsis	285	s-nitrosylation	Q9FKA3	C	verified	PMC12454217 MOESM2 (S-nitrosylation column)	Novel proteomics workflow paper; TAIR locus -> UniProt mapped, coordinate-verified in registered proteome v2
AT5G39730	arabidopsis	54	s-nitrosylation	Q9FIX1	C	verified	PMC12454217 MOESM2 (S-nitrosylation column)	Novel proteomics workflow paper; TAIR locus -> UniProt mapped, coordinate-verified in registered proteome v2
AT5G40190	arabidopsis	129	s-nitrosylation	Q67ZY9	C	verified	PMC12454217 MOESM2 (S-nitrosylation column)	Novel proteomics workflow paper; TAIR locus -> UniProt mapped, coordinate-verified in registered proteome v2
AT5G40370	arabidopsis	105	s-nitrosylation	B3H604	C	verified	PMC12454217 MOESM2 (S-nitrosylation column)	Novel proteomics workflow paper; TAIR locus -> UniProt mapped, coordinate-verified in registered proteome v2
AT5G40390	arabidopsis	5	s-nitrosylation	Q9FND9	C	verified	PMC12454217 MOESM2 (S-nitrosylation column)	Novel proteomics workflow paper; TAIR locus -> UniProt mapped, coordinate-verified in registered proteome v2
AT5G40450	arabidopsis	176	s-nitrosylation	F4KHD5	C	verified	PMC12454217 MOESM2 (S-nitrosylation column)	Novel proteomics workflow paper; TAIR locus -> UniProt mapped, coordinate-verified in registered proteome v2
AT5G40480	arabidopsis	55	s-nitrosylation	F4KHD8	C	verified	PMC12454217 MOESM2 (S-nitrosylation column)	Novel proteomics workflow paper; TAIR locus -> UniProt mapped, coordinate-verified in registered proteome v2
AT5G40650	arabidopsis	76	s-nitrosylation	A0A1P8BFU4	C	verified	PMC12454217 MOESM2 (S-nitrosylation column)	Novel proteomics workflow paper; TAIR locus -> UniProt mapped, coordinate-verified in registered proteome v2
AT5G40870	arabidopsis	130	s-nitrosylation	Q9FKS0	C	verified	PMC12454217 MOESM2 (S-nitrosylation column)	Novel proteomics workflow paper; TAIR locus -> UniProt mapped, coordinate-verified in registered proteome v2
AT5G41260	arabidopsis	199	s-nitrosylation	Q9FHD7	C	verified	PMC12454217 MOESM2 (S-nitrosylation column)	Novel proteomics workflow paper; TAIR locus -> UniProt mapped, coordinate-verified in registered proteome v2
AT5G41670	arabidopsis	102	s-nitrosylation	Q9FFR3	C	verified	PMC12454217 MOESM2 (S-nitrosylation column)	Novel proteomics workflow paper; TAIR locus -> UniProt mapped, coordinate-verified in registered proteome v2
AT5G41790	arabidopsis	1563	s-nitrosylation	F4JZY1	C	verified	PMC12454217 MOESM2 (S-nitrosylation column)	Novel proteomics workflow paper; TAIR locus -> UniProt mapped, coordinate-verified in registered proteome v2
AT5G41970	arabidopsis	254	s-nitrosylation	F4K000	C	verified	PMC12454217 MOESM2 (S-nitrosylation column)	Novel proteomics workflow paper; TAIR locus -> UniProt mapped, coordinate-verified in registered proteome v2
AT5G42020	arabidopsis	640	s-nitrosylation	A0A1P8BF32	C	verified	PMC12454217 MOESM2 (S-nitrosylation column)	Novel proteomics workflow paper; TAIR locus -> UniProt mapped, coordinate-verified in registered proteome v2
AT5G42070	arabidopsis	110	s-nitrosylation	F4K014	C	verified	PMC12454217 MOESM2 (S-nitrosylation column)	Novel proteomics workflow paper; TAIR locus -> UniProt mapped, coordinate-verified in registered proteome v2
AT5G42080	arabidopsis	175	s-nitrosylation	F4K015	C	verified	PMC12454217 MOESM2 (S-nitrosylation column)	Novel proteomics workflow paper; TAIR locus -> UniProt mapped, coordinate-verified in registered proteome v2
AT5G42090	arabidopsis	222	s-nitrosylation	Q7ESS1	C	verified	PMC12454217 MOESM2 (S-nitrosylation column)	Novel proteomics workflow paper; TAIR locus -> UniProt mapped, coordinate-verified in registered proteome v2
AT5G42100	arabidopsis	282	s-nitrosylation	F4K020	C	verified	PMC12454217 MOESM2 (S-nitrosylation column)	Novel proteomics workflow paper; TAIR locus -> UniProt mapped, coordinate-verified in registered proteome v2
AT5G42150	arabidopsis	96	s-nitrosylation	Q7DY51	C	verified	PMC12454217 MOESM2 (S-nitrosylation column)	Novel proteomics workflow paper; TAIR locus -> UniProt mapped, coordinate-verified in registered proteome v2
AT5G42190	arabidopsis	60	s-nitrosylation	Q9FHW7	C	verified	PMC12454217 MOESM2 (S-nitrosylation column)	Novel proteomics workflow paper; TAIR locus -> UniProt mapped, coordinate-verified in registered proteome v2
AT5G42270	arabidopsis	286	s-nitrosylation	C0Z226	C	verified	PMC12454217 MOESM2 (S-nitrosylation column)	Novel proteomics workflow paper; TAIR locus -> UniProt mapped, coordinate-verified in registered proteome v2
AT5G42380	arabidopsis	73	s-nitrosylation	Q9FIH9	C	verified	PMC12454217 MOESM2 (S-nitrosylation column)	Novel proteomics workflow paper; TAIR locus -> UniProt mapped, coordinate-verified in registered proteome v2
AT5G42390	arabidopsis	334	s-nitrosylation	A0A1P8BEG1	C	verified	PMC12454217 MOESM2 (S-nitrosylation column)	Novel proteomics workflow paper; TAIR locus -> UniProt mapped, coordinate-verified in registered proteome v2
AT5G42480	arabidopsis	137	s-nitrosylation	A0A1P8BCR9	C	verified	PMC12454217 MOESM2 (S-nitrosylation column)	Novel proteomics workflow paper; TAIR locus -> UniProt mapped, coordinate-verified in registered proteome v2
AT5G42650	arabidopsis	319	s-nitrosylation	Q96242	C	verified	PMC12454217 MOESM2 (S-nitrosylation column)	Novel proteomics workflow paper; TAIR locus -> UniProt mapped, coordinate-verified in registered proteome v2
AT5G42740	arabidopsis	9	s-nitrosylation	P34795	C	verified	PMC12454217 MOESM2 (S-nitrosylation column)	Novel proteomics workflow paper; TAIR locus -> UniProt mapped, coordinate-verified in registered proteome v2
AT5G42770	arabidopsis	203	s-nitrosylation	F4K330	C	verified	PMC12454217 MOESM2 (S-nitrosylation column)	Novel proteomics workflow paper; TAIR locus -> UniProt mapped, coordinate-verified in registered proteome v2
AT5G42790	arabidopsis	48	s-nitrosylation	P34066	C	verified	PMC12454217 MOESM2 (S-nitrosylation column)	Novel proteomics workflow paper; TAIR locus -> UniProt mapped, coordinate-verified in registered proteome v2
AT5G42800	arabidopsis	359	s-nitrosylation	P51102	C	verified	PMC12454217 MOESM2 (S-nitrosylation column)	Novel proteomics workflow paper; TAIR locus -> UniProt mapped, coordinate-verified in registered proteome v2
AT5G42820	arabidopsis	18	s-nitrosylation	Q9FMY5	C	verified	PMC12454217 MOESM2 (S-nitrosylation column)	Novel proteomics workflow paper; TAIR locus -> UniProt mapped, coordinate-verified in registered proteome v2
AT5G42960	arabidopsis	140	s-nitrosylation	Q8H0Y1	C	verified	PMC12454217 MOESM2 (S-nitrosylation column)	Novel proteomics workflow paper; TAIR locus -> UniProt mapped, coordinate-verified in registered proteome v2
AT5G42970	arabidopsis	140	s-nitrosylation	Q8L5U0	C	verified	PMC12454217 MOESM2 (S-nitrosylation column)	Novel proteomics workflow paper; TAIR locus -> UniProt mapped, coordinate-verified in registered proteome v2
AT5G42980	arabidopsis	10	s-nitrosylation	Q42403	C	verified	PMC12454217 MOESM2 (S-nitrosylation column)	Novel proteomics workflow paper; TAIR locus -> UniProt mapped, coordinate-verified in registered proteome v2
AT5G43010	arabidopsis	234	s-nitrosylation	Q9SEI3	C	verified	PMC12454217 MOESM2 (S-nitrosylation column)	Novel proteomics workflow paper; TAIR locus -> UniProt mapped, coordinate-verified in registered proteome v2
AT5G43060	arabidopsis	343	s-nitrosylation	Q9FMH8	C	verified	PMC12454217 MOESM2 (S-nitrosylation column)	Novel proteomics workflow paper; TAIR locus -> UniProt mapped, coordinate-verified in registered proteome v2
AT5G43330	arabidopsis	155	s-nitrosylation	P57106	C	verified	PMC12454217 MOESM2 (S-nitrosylation column)	Novel proteomics workflow paper; TAIR locus -> UniProt mapped, coordinate-verified in registered proteome v2
AT5G43430	arabidopsis	70	s-nitrosylation	A0A1R7T3K7	C	verified	PMC12454217 MOESM2 (S-nitrosylation column)	Novel proteomics workflow paper; TAIR locus -> UniProt mapped, coordinate-verified in registered proteome v2
AT5G43470	arabidopsis	313	s-nitrosylation	Q8W4J9	C	verified	PMC12454217 MOESM2 (S-nitrosylation column)	Novel proteomics workflow paper; TAIR locus -> UniProt mapped, coordinate-verified in registered proteome v2
AT5G43500	arabidopsis	334	s-nitrosylation	A0A1P8BF97	C	verified	PMC12454217 MOESM2 (S-nitrosylation column)	Novel proteomics workflow paper; TAIR locus -> UniProt mapped, coordinate-verified in registered proteome v2
AT5G43600	arabidopsis	192	s-nitrosylation	Q8VXY9	C	verified	PMC12454217 MOESM2 (S-nitrosylation column)	Novel proteomics workflow paper; TAIR locus -> UniProt mapped, coordinate-verified in registered proteome v2
AT5G43745	arabidopsis	421	s-nitrosylation	Q940Y9	C	verified	PMC12454217 MOESM2 (S-nitrosylation column)	Novel proteomics workflow paper; TAIR locus -> UniProt mapped, coordinate-verified in registered proteome v2
AT5G43780	arabidopsis	439	s-nitrosylation	Q9S7D8	C	verified	PMC12454217 MOESM2 (S-nitrosylation column)	Novel proteomics workflow paper; TAIR locus -> UniProt mapped, coordinate-verified in registered proteome v2
AT5G43810	arabidopsis	743	s-nitrosylation	Q9XGW1	C	verified	PMC12454217 MOESM2 (S-nitrosylation column)	Novel proteomics workflow paper; TAIR locus -> UniProt mapped, coordinate-verified in registered proteome v2
AT5G43830	arabidopsis	190	s-nitrosylation	Q9FG81	C	verified	PMC12454217 MOESM2 (S-nitrosylation column)	Novel proteomics workflow paper; TAIR locus -> UniProt mapped, coordinate-verified in registered proteome v2
AT5G43850	arabidopsis	71	s-nitrosylation	Q8H185	C	verified	PMC12454217 MOESM2 (S-nitrosylation column)	Novel proteomics workflow paper; TAIR locus -> UniProt mapped, coordinate-verified in registered proteome v2
AT5G43900	arabidopsis	1473	s-nitrosylation	F4K7C5	C	verified	PMC12454217 MOESM2 (S-nitrosylation column)	Novel proteomics workflow paper; TAIR locus -> UniProt mapped, coordinate-verified in registered proteome v2
AT5G43940	arabidopsis	10	s-nitrosylation	F4K7D6	C	verified	PMC12454217 MOESM2 (S-nitrosylation column)	Novel proteomics workflow paper; TAIR locus -> UniProt mapped, coordinate-verified in registered proteome v2
AT5G43940	arabidopsis	10	s-nitrosylation	F4K7D6	C	verified	PMC12454217 MOESM2 (S-nitrosylation column)	Novel proteomics workflow paper; TAIR locus -> UniProt mapped, coordinate-verified in registered proteome v2
AT5G44000	arabidopsis	204	s-nitrosylation	F4K7E8	C	verified	PMC12454217 MOESM2 (S-nitrosylation column)	Novel proteomics workflow paper; TAIR locus -> UniProt mapped, coordinate-verified in registered proteome v2
AT5G44070	arabidopsis	342	s-nitrosylation	Q9S7Z3	C	verified	PMC12454217 MOESM2 (S-nitrosylation column)	Novel proteomics workflow paper; TAIR locus -> UniProt mapped, coordinate-verified in registered proteome v2
AT5G44320	arabidopsis	214	s-nitrosylation	Q9FKV6	C	verified	PMC12454217 MOESM2 (S-nitrosylation column)	Novel proteomics workflow paper; TAIR locus -> UniProt mapped, coordinate-verified in registered proteome v2
AT5G44340	arabidopsis	12	s-nitrosylation	P24636	C	verified	PMC12454217 MOESM2 (S-nitrosylation column)	Novel proteomics workflow paper; TAIR locus -> UniProt mapped, coordinate-verified in registered proteome v2
AT5G44600	arabidopsis	193	s-nitrosylation	F4KAB4	C	verified	PMC12454217 MOESM2 (S-nitrosylation column)	Novel proteomics workflow paper; TAIR locus -> UniProt mapped, coordinate-verified in registered proteome v2
AT5G44720	arabidopsis	225	s-nitrosylation	F4KBN2	C	verified	PMC12454217 MOESM2 (S-nitrosylation column)	Novel proteomics workflow paper; TAIR locus -> UniProt mapped, coordinate-verified in registered proteome v2
AT5G44730	arabidopsis	65	s-nitrosylation	O48587	C	verified	PMC12454217 MOESM2 (S-nitrosylation column)	Novel proteomics workflow paper; TAIR locus -> UniProt mapped, coordinate-verified in registered proteome v2
AT5G45020	arabidopsis	55	s-nitrosylation	Q7FV20	C	verified	PMC12454217 MOESM2 (S-nitrosylation column)	Novel proteomics workflow paper; TAIR locus -> UniProt mapped, coordinate-verified in registered proteome v2
AT5G45170	arabidopsis	111	s-nitrosylation	A0A1P8BBQ8	C	verified	PMC12454217 MOESM2 (S-nitrosylation column)	Novel proteomics workflow paper; TAIR locus -> UniProt mapped, coordinate-verified in registered proteome v2
AT5G45280	arabidopsis	121	s-nitrosylation	Q9FH82	C	verified	PMC12454217 MOESM2 (S-nitrosylation column)	Novel proteomics workflow paper; TAIR locus -> UniProt mapped, coordinate-verified in registered proteome v2
AT5G45390	arabidopsis	217	s-nitrosylation	Q94B60	C	verified	PMC12454217 MOESM2 (S-nitrosylation column)	Novel proteomics workflow paper; TAIR locus -> UniProt mapped, coordinate-verified in registered proteome v2
AT5G45500	arabidopsis	383	s-nitrosylation	Q9FHI6	C	verified	PMC12454217 MOESM2 (S-nitrosylation column)	Novel proteomics workflow paper; TAIR locus -> UniProt mapped, coordinate-verified in registered proteome v2
AT5G45930	arabidopsis	96	s-nitrosylation	Q5XF33	C	verified	PMC12454217 MOESM2 (S-nitrosylation column)	Novel proteomics workflow paper; TAIR locus -> UniProt mapped, coordinate-verified in registered proteome v2
AT5G46070	arabidopsis	47	s-nitrosylation	F4KG14	C	verified	PMC12454217 MOESM2 (S-nitrosylation column)	Novel proteomics workflow paper; TAIR locus -> UniProt mapped, coordinate-verified in registered proteome v2
AT5G46180	arabidopsis	189	s-nitrosylation	Q9FNK4	C	verified	PMC12454217 MOESM2 (S-nitrosylation column)	Novel proteomics workflow paper; TAIR locus -> UniProt mapped, coordinate-verified in registered proteome v2
AT5G46290	arabidopsis	131	s-nitrosylation	F4KHF4	C	verified	PMC12454217 MOESM2 (S-nitrosylation column)	Novel proteomics workflow paper; TAIR locus -> UniProt mapped, coordinate-verified in registered proteome v2
AT5G46420	arabidopsis	372	s-nitrosylation	Q9FHG3	C	verified	PMC12454217 MOESM2 (S-nitrosylation column)	Novel proteomics workflow paper; TAIR locus -> UniProt mapped, coordinate-verified in registered proteome v2
AT5G46430	arabidopsis	94	s-nitrosylation	Q9FHG2	C	verified	PMC12454217 MOESM2 (S-nitrosylation column)	Novel proteomics workflow paper; TAIR locus -> UniProt mapped, coordinate-verified in registered proteome v2
AT5G46630	arabidopsis	48	s-nitrosylation	F4KHJ7	C	verified	PMC12454217 MOESM2 (S-nitrosylation column)	Novel proteomics workflow paper; TAIR locus -> UniProt mapped, coordinate-verified in registered proteome v2
AT5G46750	arabidopsis	28	s-nitrosylation	Q9FIQ0	C	verified	PMC12454217 MOESM2 (S-nitrosylation column)	Novel proteomics workflow paper; TAIR locus -> UniProt mapped, coordinate-verified in registered proteome v2
AT5G46790	arabidopsis	57	s-nitrosylation	Q8VZS8	C	verified	PMC12454217 MOESM2 (S-nitrosylation column)	Novel proteomics workflow paper; TAIR locus -> UniProt mapped, coordinate-verified in registered proteome v2
AT5G46800	arabidopsis	288	s-nitrosylation	Q93XM7	C	verified	PMC12454217 MOESM2 (S-nitrosylation column)	Novel proteomics workflow paper; TAIR locus -> UniProt mapped, coordinate-verified in registered proteome v2
AT5G47010	arabidopsis	666	s-nitrosylation	Q9FJR0	C	verified	PMC12454217 MOESM2 (S-nitrosylation column)	Novel proteomics workflow paper; TAIR locus -> UniProt mapped, coordinate-verified in registered proteome v2
AT5G47070	arabidopsis	231	s-nitrosylation	Q9LTC0	C	verified	PMC12454217 MOESM2 (S-nitrosylation column)	Novel proteomics workflow paper; TAIR locus -> UniProt mapped, coordinate-verified in registered proteome v2
AT5G47200	arabidopsis	23	s-nitrosylation	Q9FPJ4	C	verified	PMC12454217 MOESM2 (S-nitrosylation column)	Novel proteomics workflow paper; TAIR locus -> UniProt mapped, coordinate-verified in registered proteome v2
AT5G47435	arabidopsis	59	s-nitrosylation	Q93YQ3	C	verified	PMC12454217 MOESM2 (S-nitrosylation column)	Novel proteomics workflow paper; TAIR locus -> UniProt mapped, coordinate-verified in registered proteome v2
AT5G47540	arabidopsis	71	s-nitrosylation	Q9FGK3	C	verified	PMC12454217 MOESM2 (S-nitrosylation column)	Novel proteomics workflow paper; TAIR locus -> UniProt mapped, coordinate-verified in registered proteome v2
AT5G47690	arabidopsis	79	s-nitrosylation	B6EUB3	C	verified	PMC12454217 MOESM2 (S-nitrosylation column)	Novel proteomics workflow paper; TAIR locus -> UniProt mapped, coordinate-verified in registered proteome v2
AT5G47700	arabidopsis	9	s-nitrosylation	Q8LEQ0	C	verified	PMC12454217 MOESM2 (S-nitrosylation column)	Novel proteomics workflow paper; TAIR locus -> UniProt mapped, coordinate-verified in registered proteome v2
AT5G47760	arabidopsis	179	s-nitrosylation	A0A1P8BHG5	C	verified	PMC12454217 MOESM2 (S-nitrosylation column)	Novel proteomics workflow paper; TAIR locus -> UniProt mapped, coordinate-verified in registered proteome v2
AT5G47770	arabidopsis	149	s-nitrosylation	Q09152	C	verified	PMC12454217 MOESM2 (S-nitrosylation column)	Novel proteomics workflow paper; TAIR locus -> UniProt mapped, coordinate-verified in registered proteome v2
AT5G47840	arabidopsis	81	s-nitrosylation	A0A1P8B9K9	C	verified	PMC12454217 MOESM2 (S-nitrosylation column)	Novel proteomics workflow paper; TAIR locus -> UniProt mapped, coordinate-verified in registered proteome v2
AT5G47870	arabidopsis	184	s-nitrosylation	Q9FIJ4	C	verified	PMC12454217 MOESM2 (S-nitrosylation column)	Novel proteomics workflow paper; TAIR locus -> UniProt mapped, coordinate-verified in registered proteome v2
AT5G47930	arabidopsis	79	s-nitrosylation	Q8L953	C	verified	PMC12454217 MOESM2 (S-nitrosylation column)	Novel proteomics workflow paper; TAIR locus -> UniProt mapped, coordinate-verified in registered proteome v2
AT5G48020	arabidopsis	254	s-nitrosylation	Q0WT55	C	verified	PMC12454217 MOESM2 (S-nitrosylation column)	Novel proteomics workflow paper; TAIR locus -> UniProt mapped, coordinate-verified in registered proteome v2
AT5G48180	arabidopsis	170	s-nitrosylation	Q93XW5	C	verified	PMC12454217 MOESM2 (S-nitrosylation column)	Novel proteomics workflow paper; TAIR locus -> UniProt mapped, coordinate-verified in registered proteome v2
AT5G48220	arabidopsis	194	s-nitrosylation	Q9LUB2	C	verified	PMC12454217 MOESM2 (S-nitrosylation column)	Novel proteomics workflow paper; TAIR locus -> UniProt mapped, coordinate-verified in registered proteome v2
AT5G48230	arabidopsis	14	s-nitrosylation	B9DGQ1	C	verified	PMC12454217 MOESM2 (S-nitrosylation column)	Novel proteomics workflow paper; TAIR locus -> UniProt mapped, coordinate-verified in registered proteome v2
AT5G48300	arabidopsis	81	s-nitrosylation	P55228	C	verified	PMC12454217 MOESM2 (S-nitrosylation column)	Novel proteomics workflow paper; TAIR locus -> UniProt mapped, coordinate-verified in registered proteome v2
AT5G48335	arabidopsis	69	s-nitrosylation	F4K1N1	C	verified	PMC12454217 MOESM2 (S-nitrosylation column)	Novel proteomics workflow paper; TAIR locus -> UniProt mapped, coordinate-verified in registered proteome v2
AT5G48370	arabidopsis	286	s-nitrosylation	Q5XF55	C	verified	PMC12454217 MOESM2 (S-nitrosylation column)	Novel proteomics workflow paper; TAIR locus -> UniProt mapped, coordinate-verified in registered proteome v2
AT5G48380	arabidopsis	70	s-nitrosylation	Q9ASS4	C	verified	PMC12454217 MOESM2 (S-nitrosylation column)	Novel proteomics workflow paper; TAIR locus -> UniProt mapped, coordinate-verified in registered proteome v2
AT5G48440	arabidopsis	275	s-nitrosylation	A0A1P8BCQ6	C	verified	PMC12454217 MOESM2 (S-nitrosylation column)	Novel proteomics workflow paper; TAIR locus -> UniProt mapped, coordinate-verified in registered proteome v2
AT5G48580	arabidopsis	100	s-nitrosylation	Q38936	C	verified	PMC12454217 MOESM2 (S-nitrosylation column)	Novel proteomics workflow paper; TAIR locus -> UniProt mapped, coordinate-verified in registered proteome v2
AT5G48620	arabidopsis	313	s-nitrosylation	Q9FJK8	C	verified	PMC12454217 MOESM2 (S-nitrosylation column)	Novel proteomics workflow paper; TAIR locus -> UniProt mapped, coordinate-verified in registered proteome v2
AT5G48760	arabidopsis	8	s-nitrosylation	Q9FKC0	C	verified	PMC12454217 MOESM2 (S-nitrosylation column)	Novel proteomics workflow paper; TAIR locus -> UniProt mapped, coordinate-verified in registered proteome v2
AT5G48790	arabidopsis	295	s-nitrosylation	F4K384	C	verified	PMC12454217 MOESM2 (S-nitrosylation column)	Novel proteomics workflow paper; TAIR locus -> UniProt mapped, coordinate-verified in registered proteome v2
AT5G48810	arabidopsis	22	s-nitrosylation	Q9ZWT2	C	verified	PMC12454217 MOESM2 (S-nitrosylation column)	Novel proteomics workflow paper; TAIR locus -> UniProt mapped, coordinate-verified in registered proteome v2
AT5G48880	arabidopsis	193	s-nitrosylation	Q570C8	C	verified	PMC12454217 MOESM2 (S-nitrosylation column)	Novel proteomics workflow paper; TAIR locus -> UniProt mapped, coordinate-verified in registered proteome v2
AT5G48960	arabidopsis	485	s-nitrosylation	F4K3A9	C	verified	PMC12454217 MOESM2 (S-nitrosylation column)	Novel proteomics workflow paper; TAIR locus -> UniProt mapped, coordinate-verified in registered proteome v2
AT5G49020	arabidopsis	75	s-nitrosylation	A3KPF2	C	verified	PMC12454217 MOESM2 (S-nitrosylation column)	Novel proteomics workflow paper; TAIR locus -> UniProt mapped, coordinate-verified in registered proteome v2
AT5G49030	arabidopsis	610	s-nitrosylation	F4K4Q2	C	verified	PMC12454217 MOESM2 (S-nitrosylation column)	Novel proteomics workflow paper; TAIR locus -> UniProt mapped, coordinate-verified in registered proteome v2
AT5G49360	arabidopsis	442	s-nitrosylation	Q9FGY1	C	verified	PMC12454217 MOESM2 (S-nitrosylation column)	Novel proteomics workflow paper; TAIR locus -> UniProt mapped, coordinate-verified in registered proteome v2
AT5G49460	arabidopsis	33	s-nitrosylation	Q9FGX1	C	verified	PMC12454217 MOESM2 (S-nitrosylation column)	Novel proteomics workflow paper; TAIR locus -> UniProt mapped, coordinate-verified in registered proteome v2
AT5G49555	arabidopsis	101	s-nitrosylation	F4K658	C	verified	PMC12454217 MOESM2 (S-nitrosylation column)	Novel proteomics workflow paper; TAIR locus -> UniProt mapped, coordinate-verified in registered proteome v2
AT5G49570	arabidopsis	579	s-nitrosylation	Q9FGY9	C	verified	PMC12454217 MOESM2 (S-nitrosylation column)	Novel proteomics workflow paper; TAIR locus -> UniProt mapped, coordinate-verified in registered proteome v2
AT5G49650	arabidopsis	149	s-nitrosylation	F4K670	C	verified	PMC12454217 MOESM2 (S-nitrosylation column)	Novel proteomics workflow paper; TAIR locus -> UniProt mapped, coordinate-verified in registered proteome v2
AT5G49760	arabidopsis	124	s-nitrosylation	Q8GZ99	C	verified	PMC12454217 MOESM2 (S-nitrosylation column)	Novel proteomics workflow paper; TAIR locus -> UniProt mapped, coordinate-verified in registered proteome v2
AT5G49810	arabidopsis	14	s-nitrosylation	Q9LTB2	C	verified	PMC12454217 MOESM2 (S-nitrosylation column)	Novel proteomics workflow paper; TAIR locus -> UniProt mapped, coordinate-verified in registered proteome v2
AT5G49830	arabidopsis	115	s-nitrosylation	F4K7F5	C	verified	PMC12454217 MOESM2 (S-nitrosylation column)	Novel proteomics workflow paper; TAIR locus -> UniProt mapped, coordinate-verified in registered proteome v2
AT5G49890	arabidopsis	568	s-nitrosylation	Q96282	C	verified	PMC12454217 MOESM2 (S-nitrosylation column)	Novel proteomics workflow paper; TAIR locus -> UniProt mapped, coordinate-verified in registered proteome v2
AT5G49910	arabidopsis	179	s-nitrosylation	Q9LTX9	C	verified	PMC12454217 MOESM2 (S-nitrosylation column)	Novel proteomics workflow paper; TAIR locus -> UniProt mapped, coordinate-verified in registered proteome v2
AT5G49970	arabidopsis	127	s-nitrosylation	Q9LTX3	C	verified	PMC12454217 MOESM2 (S-nitrosylation column)	Novel proteomics workflow paper; TAIR locus -> UniProt mapped, coordinate-verified in registered proteome v2
AT5G50210	arabidopsis	714	s-nitrosylation	Q9FGS4	C	verified	PMC12454217 MOESM2 (S-nitrosylation column)	Novel proteomics workflow paper; TAIR locus -> UniProt mapped, coordinate-verified in registered proteome v2
AT5G50530	arabidopsis	84	s-nitrosylation	Q0WLC7	C	verified	PMC12454217 MOESM2 (S-nitrosylation column)	Novel proteomics workflow paper; TAIR locus -> UniProt mapped, coordinate-verified in registered proteome v2
AT5G50680	arabidopsis	47	s-nitrosylation	P0DI13	C	verified	PMC12454217 MOESM2 (S-nitrosylation column)	Novel proteomics workflow paper; TAIR locus -> UniProt mapped, coordinate-verified in registered proteome v2
AT5G50840	arabidopsis	59	s-nitrosylation	F4KAG0	C	verified	PMC12454217 MOESM2 (S-nitrosylation column)	Novel proteomics workflow paper; TAIR locus -> UniProt mapped, coordinate-verified in registered proteome v2
AT5G50850	arabidopsis	164	s-nitrosylation	Q38799	C	verified	PMC12454217 MOESM2 (S-nitrosylation column)	Novel proteomics workflow paper; TAIR locus -> UniProt mapped, coordinate-verified in registered proteome v2
AT5G50870	arabidopsis	88	s-nitrosylation	F4KAG5	C	verified	PMC12454217 MOESM2 (S-nitrosylation column)	Novel proteomics workflow paper; TAIR locus -> UniProt mapped, coordinate-verified in registered proteome v2
AT5G50920	arabidopsis	299	s-nitrosylation	Q9FI56	C	verified	PMC12454217 MOESM2 (S-nitrosylation column)	Novel proteomics workflow paper; TAIR locus -> UniProt mapped, coordinate-verified in registered proteome v2
AT5G50950	arabidopsis	252	s-nitrosylation	A0A1P8BDR1	C	verified	PMC12454217 MOESM2 (S-nitrosylation column)	Novel proteomics workflow paper; TAIR locus -> UniProt mapped, coordinate-verified in registered proteome v2
AT5G50960	arabidopsis	220	s-nitrosylation	Q8H1Q2	C	verified	PMC12454217 MOESM2 (S-nitrosylation column)	Novel proteomics workflow paper; TAIR locus -> UniProt mapped, coordinate-verified in registered proteome v2
AT5G51010	arabidopsis	66	s-nitrosylation	Q9FI47	C	verified	PMC12454217 MOESM2 (S-nitrosylation column)	Novel proteomics workflow paper; TAIR locus -> UniProt mapped, coordinate-verified in registered proteome v2
AT5G51070	arabidopsis	188	s-nitrosylation	P42762	C	verified	PMC12454217 MOESM2 (S-nitrosylation column)	Novel proteomics workflow paper; TAIR locus -> UniProt mapped, coordinate-verified in registered proteome v2
AT5G51110	arabidopsis	82	s-nitrosylation	Q9LU63	C	verified	PMC12454217 MOESM2 (S-nitrosylation column)	Novel proteomics workflow paper; TAIR locus -> UniProt mapped, coordinate-verified in registered proteome v2
AT5G51120	arabidopsis	164	s-nitrosylation	F4KBV3	C	verified	PMC12454217 MOESM2 (S-nitrosylation column)	Novel proteomics workflow paper; TAIR locus -> UniProt mapped, coordinate-verified in registered proteome v2
AT5G51200	arabidopsis	191	s-nitrosylation	A0A1P8BGY9	C	verified	PMC12454217 MOESM2 (S-nitrosylation column)	Novel proteomics workflow paper; TAIR locus -> UniProt mapped, coordinate-verified in registered proteome v2
AT5G51410	arabidopsis	93	s-nitrosylation	P94088	C	verified	PMC12454217 MOESM2 (S-nitrosylation column)	Novel proteomics workflow paper; TAIR locus -> UniProt mapped, coordinate-verified in registered proteome v2
AT5G51430	arabidopsis	23	s-nitrosylation	Q9FGN0	C	verified	PMC12454217 MOESM2 (S-nitrosylation column)	Novel proteomics workflow paper; TAIR locus -> UniProt mapped, coordinate-verified in registered proteome v2
AT5G51750	arabidopsis	421	s-nitrosylation	Q9FLI4	C	verified	PMC12454217 MOESM2 (S-nitrosylation column)	Novel proteomics workflow paper; TAIR locus -> UniProt mapped, coordinate-verified in registered proteome v2
AT5G51820	arabidopsis	431	s-nitrosylation	Q9SCY0	C	verified	PMC12454217 MOESM2 (S-nitrosylation column)	Novel proteomics workflow paper; TAIR locus -> UniProt mapped, coordinate-verified in registered proteome v2
AT5G51830	arabidopsis	163	s-nitrosylation	Q9FLH8	C	verified	PMC12454217 MOESM2 (S-nitrosylation column)	Novel proteomics workflow paper; TAIR locus -> UniProt mapped, coordinate-verified in registered proteome v2
AT5G51970	arabidopsis	54	s-nitrosylation	Q9FJ95	C	verified	PMC12454217 MOESM2 (S-nitrosylation column)	Novel proteomics workflow paper; TAIR locus -> UniProt mapped, coordinate-verified in registered proteome v2
AT5G52100	arabidopsis	150	s-nitrosylation	Q9FJ82	C	verified	PMC12454217 MOESM2 (S-nitrosylation column)	Novel proteomics workflow paper; TAIR locus -> UniProt mapped, coordinate-verified in registered proteome v2
AT5G52190	arabidopsis	135	s-nitrosylation	Q2HII4	C	verified	PMC12454217 MOESM2 (S-nitrosylation column)	Novel proteomics workflow paper; TAIR locus -> UniProt mapped, coordinate-verified in registered proteome v2
AT5G52410	arabidopsis	263	s-nitrosylation	A0A1R7T3E3	C	verified	PMC12454217 MOESM2 (S-nitrosylation column)	Novel proteomics workflow paper; TAIR locus -> UniProt mapped, coordinate-verified in registered proteome v2
AT5G52470	arabidopsis	292	s-nitrosylation	Q9FEF8	C	verified	PMC12454217 MOESM2 (S-nitrosylation column)	Novel proteomics workflow paper; TAIR locus -> UniProt mapped, coordinate-verified in registered proteome v2
AT5G52520	arabidopsis	514	s-nitrosylation	Q9FYR6	C	verified	PMC12454217 MOESM2 (S-nitrosylation column)	Novel proteomics workflow paper; TAIR locus -> UniProt mapped, coordinate-verified in registered proteome v2
AT5G52640	arabidopsis	392	s-nitrosylation	P27323	C	verified	PMC12454217 MOESM2 (S-nitrosylation column)	Novel proteomics workflow paper; TAIR locus -> UniProt mapped, coordinate-verified in registered proteome v2
AT5G52650	arabidopsis	21	s-nitrosylation	B9DH50	C	verified	PMC12454217 MOESM2 (S-nitrosylation column)	Novel proteomics workflow paper; TAIR locus -> UniProt mapped, coordinate-verified in registered proteome v2
AT5G52840	arabidopsis	68	s-nitrosylation	A0A1P8BD41	C	verified	PMC12454217 MOESM2 (S-nitrosylation column)	Novel proteomics workflow paper; TAIR locus -> UniProt mapped, coordinate-verified in registered proteome v2
AT5G52920	arabidopsis	116	s-nitrosylation	Q9FLW9	C	verified	PMC12454217 MOESM2 (S-nitrosylation column)	Novel proteomics workflow paper; TAIR locus -> UniProt mapped, coordinate-verified in registered proteome v2
AT5G52960	arabidopsis	95	s-nitrosylation	Q9LVV6	C	verified	PMC12454217 MOESM2 (S-nitrosylation column)	Novel proteomics workflow paper; TAIR locus -> UniProt mapped, coordinate-verified in registered proteome v2
AT5G52970	arabidopsis	209	s-nitrosylation	Q9LVV5	C	verified	PMC12454217 MOESM2 (S-nitrosylation column)	Novel proteomics workflow paper; TAIR locus -> UniProt mapped, coordinate-verified in registered proteome v2
AT5G53140	arabidopsis	131	s-nitrosylation	Q94AT1	C	verified	PMC12454217 MOESM2 (S-nitrosylation column)	Novel proteomics workflow paper; TAIR locus -> UniProt mapped, coordinate-verified in registered proteome v2
AT5G53170	arabidopsis	367	s-nitrosylation	Q9FGM0	C	verified	PMC12454217 MOESM2 (S-nitrosylation column)	Novel proteomics workflow paper; TAIR locus -> UniProt mapped, coordinate-verified in registered proteome v2
AT5G53370	arabidopsis	431	s-nitrosylation	A0A1P8BGK2	C	verified	PMC12454217 MOESM2 (S-nitrosylation column)	Novel proteomics workflow paper; TAIR locus -> UniProt mapped, coordinate-verified in registered proteome v2
AT5G53400	arabidopsis	204	s-nitrosylation	Q9LV09	C	verified	PMC12454217 MOESM2 (S-nitrosylation column)	Novel proteomics workflow paper; TAIR locus -> UniProt mapped, coordinate-verified in registered proteome v2
AT5G53460	arabidopsis	291	s-nitrosylation	Q9LV03	C	verified	PMC12454217 MOESM2 (S-nitrosylation column)	Novel proteomics workflow paper; TAIR locus -> UniProt mapped, coordinate-verified in registered proteome v2
AT5G53480	arabidopsis	159	s-nitrosylation	Q9FJD4	C	verified	PMC12454217 MOESM2 (S-nitrosylation column)	Novel proteomics workflow paper; TAIR locus -> UniProt mapped, coordinate-verified in registered proteome v2
AT5G53490	arabidopsis	115	s-nitrosylation	A0A1P8BAQ0	C	verified	PMC12454217 MOESM2 (S-nitrosylation column)	Novel proteomics workflow paper; TAIR locus -> UniProt mapped, coordinate-verified in registered proteome v2
AT5G53560	arabidopsis	22	s-nitrosylation	Q42342	C	verified	PMC12454217 MOESM2 (S-nitrosylation column)	Novel proteomics workflow paper; TAIR locus -> UniProt mapped, coordinate-verified in registered proteome v2
AT5G53580	arabidopsis	146	s-nitrosylation	Q56Y42	C	verified	PMC12454217 MOESM2 (S-nitrosylation column)	Novel proteomics workflow paper; TAIR locus -> UniProt mapped, coordinate-verified in registered proteome v2
AT5G53730	arabidopsis	12	s-nitrosylation	Q9FI03	C	verified	PMC12454217 MOESM2 (S-nitrosylation column)	Novel proteomics workflow paper; TAIR locus -> UniProt mapped, coordinate-verified in registered proteome v2
AT5G53850	arabidopsis	32	s-nitrosylation	A0A1P8BAY5	C	verified	PMC12454217 MOESM2 (S-nitrosylation column)	Novel proteomics workflow paper; TAIR locus -> UniProt mapped, coordinate-verified in registered proteome v2
AT5G54080	arabidopsis	175	s-nitrosylation	Q9ZRA2	C	verified	PMC12454217 MOESM2 (S-nitrosylation column)	Novel proteomics workflow paper; TAIR locus -> UniProt mapped, coordinate-verified in registered proteome v2
AT5G54160	arabidopsis	90	s-nitrosylation	Q9FK25	C	verified	PMC12454217 MOESM2 (S-nitrosylation column)	Novel proteomics workflow paper; TAIR locus -> UniProt mapped, coordinate-verified in registered proteome v2
AT5G54190	arabidopsis	124	s-nitrosylation	Q42536	C	verified	PMC12454217 MOESM2 (S-nitrosylation column)	Novel proteomics workflow paper; TAIR locus -> UniProt mapped, coordinate-verified in registered proteome v2
AT5G54270	arabidopsis	110	s-nitrosylation	Q9S7M0	C	verified	PMC12454217 MOESM2 (S-nitrosylation column)	Novel proteomics workflow paper; TAIR locus -> UniProt mapped, coordinate-verified in registered proteome v2
AT5G54380	arabidopsis	612	s-nitrosylation	Q9LK35	C	verified	PMC12454217 MOESM2 (S-nitrosylation column)	Novel proteomics workflow paper; TAIR locus -> UniProt mapped, coordinate-verified in registered proteome v2
AT5G54390	arabidopsis	351	s-nitrosylation	Q38945	C	verified	PMC12454217 MOESM2 (S-nitrosylation column)	Novel proteomics workflow paper; TAIR locus -> UniProt mapped, coordinate-verified in registered proteome v2
AT5G54430	arabidopsis	154	s-nitrosylation	A0A1P8BH73	C	verified	PMC12454217 MOESM2 (S-nitrosylation column)	Novel proteomics workflow paper; TAIR locus -> UniProt mapped, coordinate-verified in registered proteome v2
AT5G54770	arabidopsis	216	s-nitrosylation	Q38814	C	verified	PMC12454217 MOESM2 (S-nitrosylation column)	Novel proteomics workflow paper; TAIR locus -> UniProt mapped, coordinate-verified in registered proteome v2
AT5G54810	arabidopsis	208	s-nitrosylation	P14671	C	verified	PMC12454217 MOESM2 (S-nitrosylation column)	Novel proteomics workflow paper; TAIR locus -> UniProt mapped, coordinate-verified in registered proteome v2
AT5G54900	arabidopsis	297	s-nitrosylation	Q9FPJ8	C	verified	PMC12454217 MOESM2 (S-nitrosylation column)	Novel proteomics workflow paper; TAIR locus -> UniProt mapped, coordinate-verified in registered proteome v2
AT5G54960	arabidopsis	90	s-nitrosylation	Q9FFT4	C	verified	PMC12454217 MOESM2 (S-nitrosylation column)	Novel proteomics workflow paper; TAIR locus -> UniProt mapped, coordinate-verified in registered proteome v2
AT5G55160	arabidopsis	47	s-nitrosylation	Q9FLP6	C	verified	PMC12454217 MOESM2 (S-nitrosylation column)	Novel proteomics workflow paper; TAIR locus -> UniProt mapped, coordinate-verified in registered proteome v2
AT5G55200	arabidopsis	289	s-nitrosylation	Q9FLP3	C	verified	PMC12454217 MOESM2 (S-nitrosylation column)	Novel proteomics workflow paper; TAIR locus -> UniProt mapped, coordinate-verified in registered proteome v2
AT5G55210	arabidopsis	160	s-nitrosylation	B4G2A2	C	verified	PMC12454217 MOESM2 (S-nitrosylation column)	Novel proteomics workflow paper; TAIR locus -> UniProt mapped, coordinate-verified in registered proteome v2
AT5G55220	arabidopsis	122	s-nitrosylation	Q8S9L5	C	verified	PMC12454217 MOESM2 (S-nitrosylation column)	Novel proteomics workflow paper; TAIR locus -> UniProt mapped, coordinate-verified in registered proteome v2
AT5G55230	arabidopsis	16	s-nitrosylation	F4K3E4	C	verified	PMC12454217 MOESM2 (S-nitrosylation column)	Novel proteomics workflow paper; TAIR locus -> UniProt mapped, coordinate-verified in registered proteome v2
AT5G55260	arabidopsis	168	s-nitrosylation	A0A1P8BBG2	C	verified	PMC12454217 MOESM2 (S-nitrosylation column)	Novel proteomics workflow paper; TAIR locus -> UniProt mapped, coordinate-verified in registered proteome v2
AT5G55300	arabidopsis	545	s-nitrosylation	F4K3F4	C	verified	PMC12454217 MOESM2 (S-nitrosylation column)	Novel proteomics workflow paper; TAIR locus -> UniProt mapped, coordinate-verified in registered proteome v2
AT5G55530	arabidopsis	67	s-nitrosylation	F4K4W2	C	verified	PMC12454217 MOESM2 (S-nitrosylation column)	Novel proteomics workflow paper; TAIR locus -> UniProt mapped, coordinate-verified in registered proteome v2
AT5G55660	arabidopsis	440	s-nitrosylation	F4K4Y5	C	verified	PMC12454217 MOESM2 (S-nitrosylation column)	Novel proteomics workflow paper; TAIR locus -> UniProt mapped, coordinate-verified in registered proteome v2
AT5G55940	arabidopsis	102	s-nitrosylation	Q0WW87	C	verified	PMC12454217 MOESM2 (S-nitrosylation column)	Novel proteomics workflow paper; TAIR locus -> UniProt mapped, coordinate-verified in registered proteome v2
AT5G56000	arabidopsis	391	s-nitrosylation	O03986	C	verified	PMC12454217 MOESM2 (S-nitrosylation column)	Novel proteomics workflow paper; TAIR locus -> UniProt mapped, coordinate-verified in registered proteome v2
AT5G56010	arabidopsis	345	s-nitrosylation	P51818	C	verified	PMC12454217 MOESM2 (S-nitrosylation column)	Novel proteomics workflow paper; TAIR locus -> UniProt mapped, coordinate-verified in registered proteome v2
AT5G56030	arabidopsis	345	s-nitrosylation	P55737	C	verified	PMC12454217 MOESM2 (S-nitrosylation column)	Novel proteomics workflow paper; TAIR locus -> UniProt mapped, coordinate-verified in registered proteome v2
AT5G56350	arabidopsis	14	s-nitrosylation	Q7EQT5	C	verified	PMC12454217 MOESM2 (S-nitrosylation column)	Novel proteomics workflow paper; TAIR locus -> UniProt mapped, coordinate-verified in registered proteome v2
AT5G56500	arabidopsis	467	s-nitrosylation	C0Z361	C	verified	PMC12454217 MOESM2 (S-nitrosylation column)	Novel proteomics workflow paper; TAIR locus -> UniProt mapped, coordinate-verified in registered proteome v2
AT5G56680	arabidopsis	377	s-nitrosylation	Q9SW96	C	verified	PMC12454217 MOESM2 (S-nitrosylation column)	Novel proteomics workflow paper; TAIR locus -> UniProt mapped, coordinate-verified in registered proteome v2
AT5G56740	arabidopsis	295	s-nitrosylation	Q9FJT8	C	verified	PMC12454217 MOESM2 (S-nitrosylation column)	Novel proteomics workflow paper; TAIR locus -> UniProt mapped, coordinate-verified in registered proteome v2
AT5G56760	arabidopsis	268	s-nitrosylation	Q42538	C	verified	PMC12454217 MOESM2 (S-nitrosylation column)	Novel proteomics workflow paper; TAIR locus -> UniProt mapped, coordinate-verified in registered proteome v2
AT5G57020	arabidopsis	335	s-nitrosylation	Q9LTR9	C	verified	PMC12454217 MOESM2 (S-nitrosylation column)	Novel proteomics workflow paper; TAIR locus -> UniProt mapped, coordinate-verified in registered proteome v2
AT5G57030	arabidopsis	202	s-nitrosylation	Q38932	C	verified	PMC12454217 MOESM2 (S-nitrosylation column)	Novel proteomics workflow paper; TAIR locus -> UniProt mapped, coordinate-verified in registered proteome v2
AT5G57040	arabidopsis	86	s-nitrosylation	Q2HIJ4	C	verified	PMC12454217 MOESM2 (S-nitrosylation column)	Novel proteomics workflow paper; TAIR locus -> UniProt mapped, coordinate-verified in registered proteome v2
AT5G57110	arabidopsis	328	s-nitrosylation	B9DH83	C	verified	PMC12454217 MOESM2 (S-nitrosylation column)	Novel proteomics workflow paper; TAIR locus -> UniProt mapped, coordinate-verified in registered proteome v2
AT5G57290	arabidopsis	8	s-nitrosylation	B3H4N7	C	verified	PMC12454217 MOESM2 (S-nitrosylation column)	Novel proteomics workflow paper; TAIR locus -> UniProt mapped, coordinate-verified in registered proteome v2
AT5G57330	arabidopsis	72	s-nitrosylation	Q7DVS4	C	verified	PMC12454217 MOESM2 (S-nitrosylation column)	Novel proteomics workflow paper; TAIR locus -> UniProt mapped, coordinate-verified in registered proteome v2
AT5G57350	arabidopsis	203	s-nitrosylation	P20431	C	verified	PMC12454217 MOESM2 (S-nitrosylation column)	Novel proteomics workflow paper; TAIR locus -> UniProt mapped, coordinate-verified in registered proteome v2
AT5G57580	arabidopsis	48	s-nitrosylation	Q9FKL6	C	verified	PMC12454217 MOESM2 (S-nitrosylation column)	Novel proteomics workflow paper; TAIR locus -> UniProt mapped, coordinate-verified in registered proteome v2
AT5G57655	arabidopsis	140	s-nitrosylation	F4KC24	C	verified	PMC12454217 MOESM2 (S-nitrosylation column)	Novel proteomics workflow paper; TAIR locus -> UniProt mapped, coordinate-verified in registered proteome v2
AT5G57850	arabidopsis	283	s-nitrosylation	Q0WW83	C	verified	PMC12454217 MOESM2 (S-nitrosylation column)	Novel proteomics workflow paper; TAIR locus -> UniProt mapped, coordinate-verified in registered proteome v2
AT5G57870	arabidopsis	267	s-nitrosylation	Q93ZT6	C	verified	PMC12454217 MOESM2 (S-nitrosylation column)	Novel proteomics workflow paper; TAIR locus -> UniProt mapped, coordinate-verified in registered proteome v2
AT5G58030	arabidopsis	71	s-nitrosylation	Q7DTX4	C	verified	PMC12454217 MOESM2 (S-nitrosylation column)	Novel proteomics workflow paper; TAIR locus -> UniProt mapped, coordinate-verified in registered proteome v2
AT5G58060	arabidopsis	11	s-nitrosylation	F4KDI1	C	verified	PMC12454217 MOESM2 (S-nitrosylation column)	Novel proteomics workflow paper; TAIR locus -> UniProt mapped, coordinate-verified in registered proteome v2
AT5G58090	arabidopsis	155	s-nitrosylation	Q93Z08	C	verified	PMC12454217 MOESM2 (S-nitrosylation column)	Novel proteomics workflow paper; TAIR locus -> UniProt mapped, coordinate-verified in registered proteome v2
AT5G58190	arabidopsis	292	s-nitrosylation	F4KDK0	C	verified	PMC12454217 MOESM2 (S-nitrosylation column)	Novel proteomics workflow paper; TAIR locus -> UniProt mapped, coordinate-verified in registered proteome v2
AT5G58230	arabidopsis	336	s-nitrosylation	O22467	C	verified	PMC12454217 MOESM2 (S-nitrosylation column)	Novel proteomics workflow paper; TAIR locus -> UniProt mapped, coordinate-verified in registered proteome v2
AT5G58260	arabidopsis	122	s-nitrosylation	Q9LVM2	C	verified	PMC12454217 MOESM2 (S-nitrosylation column)	Novel proteomics workflow paper; TAIR locus -> UniProt mapped, coordinate-verified in registered proteome v2
AT5G58270	arabidopsis	639	s-nitrosylation	Q9LVM1	C	verified	PMC12454217 MOESM2 (S-nitrosylation column)	Novel proteomics workflow paper; TAIR locus -> UniProt mapped, coordinate-verified in registered proteome v2
AT5G58290	arabidopsis	160	s-nitrosylation	Q9SEI4	C	verified	PMC12454217 MOESM2 (S-nitrosylation column)	Novel proteomics workflow paper; TAIR locus -> UniProt mapped, coordinate-verified in registered proteome v2
AT5G58310	arabidopsis	35	s-nitrosylation	Q9LVL9	C	verified	PMC12454217 MOESM2 (S-nitrosylation column)	Novel proteomics workflow paper; TAIR locus -> UniProt mapped, coordinate-verified in registered proteome v2
AT5G58330	arabidopsis	228	s-nitrosylation	Q8H1E2	C	verified	PMC12454217 MOESM2 (S-nitrosylation column)	Novel proteomics workflow paper; TAIR locus -> UniProt mapped, coordinate-verified in registered proteome v2
AT5G58470	arabidopsis	109	s-nitrosylation	Q94KD0	C	verified	PMC12454217 MOESM2 (S-nitrosylation column)	Novel proteomics workflow paper; TAIR locus -> UniProt mapped, coordinate-verified in registered proteome v2
AT5G58510	arabidopsis	43	s-nitrosylation	A0A1P8BG94	C	verified	PMC12454217 MOESM2 (S-nitrosylation column)	Novel proteomics workflow paper; TAIR locus -> UniProt mapped, coordinate-verified in registered proteome v2
AT5G58590	arabidopsis	145	s-nitrosylation	P92985	C	verified	PMC12454217 MOESM2 (S-nitrosylation column)	Novel proteomics workflow paper; TAIR locus -> UniProt mapped, coordinate-verified in registered proteome v2
AT5G58620	arabidopsis	231	s-nitrosylation	Q9LUZ4	C	verified	PMC12454217 MOESM2 (S-nitrosylation column)	Novel proteomics workflow paper; TAIR locus -> UniProt mapped, coordinate-verified in registered proteome v2
AT5G58710	arabidopsis	71	s-nitrosylation	Q9SP02	C	verified	PMC12454217 MOESM2 (S-nitrosylation column)	Novel proteomics workflow paper; TAIR locus -> UniProt mapped, coordinate-verified in registered proteome v2
AT5G58770	arabidopsis	117	s-nitrosylation	Q56Y11	C	verified	PMC12454217 MOESM2 (S-nitrosylation column)	Novel proteomics workflow paper; TAIR locus -> UniProt mapped, coordinate-verified in registered proteome v2
AT5G59010	arabidopsis	195	s-nitrosylation	Q9FIL1	C	verified	PMC12454217 MOESM2 (S-nitrosylation column)	Novel proteomics workflow paper; TAIR locus -> UniProt mapped, coordinate-verified in registered proteome v2
AT5G59150	arabidopsis	38	s-nitrosylation	Q9FIF9	C	verified	PMC12454217 MOESM2 (S-nitrosylation column)	Novel proteomics workflow paper; TAIR locus -> UniProt mapped, coordinate-verified in registered proteome v2
AT5G59160	arabidopsis	68	s-nitrosylation	B9DHU3	C	verified	PMC12454217 MOESM2 (S-nitrosylation column)	Novel proteomics workflow paper; TAIR locus -> UniProt mapped, coordinate-verified in registered proteome v2
AT5G59290	arabidopsis	41	s-nitrosylation	F4KHU8	C	verified	PMC12454217 MOESM2 (S-nitrosylation column)	Novel proteomics workflow paper; TAIR locus -> UniProt mapped, coordinate-verified in registered proteome v2
AT5G59420	arabidopsis	263	s-nitrosylation	Q93Y40	C	verified	PMC12454217 MOESM2 (S-nitrosylation column)	Novel proteomics workflow paper; TAIR locus -> UniProt mapped, coordinate-verified in registered proteome v2
AT5G59710	arabidopsis	507	s-nitrosylation	A0A1P8B9E0	C	verified	PMC12454217 MOESM2 (S-nitrosylation column)	Novel proteomics workflow paper; TAIR locus -> UniProt mapped, coordinate-verified in registered proteome v2
AT5G59750	arabidopsis	392	s-nitrosylation	F4KJA1	C	verified	PMC12454217 MOESM2 (S-nitrosylation column)	Novel proteomics workflow paper; TAIR locus -> UniProt mapped, coordinate-verified in registered proteome v2
AT5G59880	arabidopsis	14	s-nitrosylation	F4JXD5	C	verified	PMC12454217 MOESM2 (S-nitrosylation column)	Novel proteomics workflow paper; TAIR locus -> UniProt mapped, coordinate-verified in registered proteome v2
AT5G59890	arabidopsis	14	s-nitrosylation	Q9ZSK3	C	verified	PMC12454217 MOESM2 (S-nitrosylation column)	Novel proteomics workflow paper; TAIR locus -> UniProt mapped, coordinate-verified in registered proteome v2
AT5G59960	arabidopsis	82	s-nitrosylation	A0A178UFH0	C	verified	PMC12454217 MOESM2 (S-nitrosylation column)	Novel proteomics workflow paper; TAIR locus -> UniProt mapped, coordinate-verified in registered proteome v2
AT5G60040	arabidopsis	340	s-nitrosylation	F4JXF8	C	verified	PMC12454217 MOESM2 (S-nitrosylation column)	Novel proteomics workflow paper; TAIR locus -> UniProt mapped, coordinate-verified in registered proteome v2
AT5G60100	arabidopsis	86	s-nitrosylation	A0A1P8BEW7	C	verified	PMC12454217 MOESM2 (S-nitrosylation column)	Novel proteomics workflow paper; TAIR locus -> UniProt mapped, coordinate-verified in registered proteome v2
AT5G60360	arabidopsis	238	s-nitrosylation	A8MQZ1	C	verified	PMC12454217 MOESM2 (S-nitrosylation column)	Novel proteomics workflow paper; TAIR locus -> UniProt mapped, coordinate-verified in registered proteome v2
AT5G60540	arabidopsis	104	s-nitrosylation	Q8LAD0	C	verified	PMC12454217 MOESM2 (S-nitrosylation column)	Novel proteomics workflow paper; TAIR locus -> UniProt mapped, coordinate-verified in registered proteome v2
AT5G60600	arabidopsis	147	s-nitrosylation	B3H725	C	verified	PMC12454217 MOESM2 (S-nitrosylation column)	Novel proteomics workflow paper; TAIR locus -> UniProt mapped, coordinate-verified in registered proteome v2
AT5G60670	arabidopsis	137	s-nitrosylation	Q9FF52	C	verified	PMC12454217 MOESM2 (S-nitrosylation column)	Novel proteomics workflow paper; TAIR locus -> UniProt mapped, coordinate-verified in registered proteome v2
AT5G60790	arabidopsis	298	s-nitrosylation	Q9FJH6	C	verified	PMC12454217 MOESM2 (S-nitrosylation column)	Novel proteomics workflow paper; TAIR locus -> UniProt mapped, coordinate-verified in registered proteome v2
AT5G61140	arabidopsis	529	s-nitrosylation	F4K203	C	verified	PMC12454217 MOESM2 (S-nitrosylation column)	Novel proteomics workflow paper; TAIR locus -> UniProt mapped, coordinate-verified in registered proteome v2
AT5G61170	arabidopsis	94	s-nitrosylation	Q67ZX8	C	verified	PMC12454217 MOESM2 (S-nitrosylation column)	Novel proteomics workflow paper; TAIR locus -> UniProt mapped, coordinate-verified in registered proteome v2
AT5G61190	arabidopsis	722	s-nitrosylation	A0A1P8BCJ7	C	verified	PMC12454217 MOESM2 (S-nitrosylation column)	Novel proteomics workflow paper; TAIR locus -> UniProt mapped, coordinate-verified in registered proteome v2
AT5G61410	arabidopsis	84	s-nitrosylation	Q9SAU2	C	verified	PMC12454217 MOESM2 (S-nitrosylation column)	Novel proteomics workflow paper; TAIR locus -> UniProt mapped, coordinate-verified in registered proteome v2
AT5G61500	arabidopsis	49	s-nitrosylation	A0A1P8BCL3	C	verified	PMC12454217 MOESM2 (S-nitrosylation column)	Novel proteomics workflow paper; TAIR locus -> UniProt mapped, coordinate-verified in registered proteome v2
AT5G61510	arabidopsis	310	s-nitrosylation	F4K3I4	C	verified	PMC12454217 MOESM2 (S-nitrosylation column)	Novel proteomics workflow paper; TAIR locus -> UniProt mapped, coordinate-verified in registered proteome v2
AT5G61600	arabidopsis	155	s-nitrosylation	Q9FKG1	C	verified	PMC12454217 MOESM2 (S-nitrosylation column)	Novel proteomics workflow paper; TAIR locus -> UniProt mapped, coordinate-verified in registered proteome v2
AT5G61670	arabidopsis	64	s-nitrosylation	Q9FKF4	C	verified	PMC12454217 MOESM2 (S-nitrosylation column)	Novel proteomics workflow paper; TAIR locus -> UniProt mapped, coordinate-verified in registered proteome v2
AT5G61780	arabidopsis	24	s-nitrosylation	Q9FLT0	C	verified	PMC12454217 MOESM2 (S-nitrosylation column)	Novel proteomics workflow paper; TAIR locus -> UniProt mapped, coordinate-verified in registered proteome v2
AT5G61790	arabidopsis	108	s-nitrosylation	P29402	C	verified	PMC12454217 MOESM2 (S-nitrosylation column)	Novel proteomics workflow paper; TAIR locus -> UniProt mapped, coordinate-verified in registered proteome v2
AT5G61810	arabidopsis	120	s-nitrosylation	Q9FLS8	C	verified	PMC12454217 MOESM2 (S-nitrosylation column)	Novel proteomics workflow paper; TAIR locus -> UniProt mapped, coordinate-verified in registered proteome v2
AT5G61910	arabidopsis	916	s-nitrosylation	F4K518	C	verified	PMC12454217 MOESM2 (S-nitrosylation column)	Novel proteomics workflow paper; TAIR locus -> UniProt mapped, coordinate-verified in registered proteome v2
AT5G61970	arabidopsis	203	s-nitrosylation	Q9FH46	C	verified	PMC12454217 MOESM2 (S-nitrosylation column)	Novel proteomics workflow paper; TAIR locus -> UniProt mapped, coordinate-verified in registered proteome v2
AT5G62300	arabidopsis	41	s-nitrosylation	P49200	C	verified	PMC12454217 MOESM2 (S-nitrosylation column)	Novel proteomics workflow paper; TAIR locus -> UniProt mapped, coordinate-verified in registered proteome v2
AT5G62350	arabidopsis	52	s-nitrosylation	Q7EP83	C	verified	PMC12454217 MOESM2 (S-nitrosylation column)	Novel proteomics workflow paper; TAIR locus -> UniProt mapped, coordinate-verified in registered proteome v2
AT5G62390	arabidopsis	15	s-nitrosylation	Q9LVA0	C	verified	PMC12454217 MOESM2 (S-nitrosylation column)	Novel proteomics workflow paper; TAIR locus -> UniProt mapped, coordinate-verified in registered proteome v2
AT5G62530	arabidopsis	100	s-nitrosylation	Q8VZC3	C	verified	PMC12454217 MOESM2 (S-nitrosylation column)	Novel proteomics workflow paper; TAIR locus -> UniProt mapped, coordinate-verified in registered proteome v2
AT5G62560	arabidopsis	273	s-nitrosylation	Q0WUF6	C	verified	PMC12454217 MOESM2 (S-nitrosylation column)	Novel proteomics workflow paper; TAIR locus -> UniProt mapped, coordinate-verified in registered proteome v2
AT5G62630	arabidopsis	293	s-nitrosylation	Q94F08	C	verified	PMC12454217 MOESM2 (S-nitrosylation column)	Novel proteomics workflow paper; TAIR locus -> UniProt mapped, coordinate-verified in registered proteome v2
AT5G62670	arabidopsis	331	s-nitrosylation	Q9LV11	C	verified	PMC12454217 MOESM2 (S-nitrosylation column)	Novel proteomics workflow paper; TAIR locus -> UniProt mapped, coordinate-verified in registered proteome v2
AT5G62690	arabidopsis	12	s-nitrosylation	Q56YW9	C	verified	PMC12454217 MOESM2 (S-nitrosylation column)	Novel proteomics workflow paper; TAIR locus -> UniProt mapped, coordinate-verified in registered proteome v2
AT5G62790	arabidopsis	203	s-nitrosylation	F4K7T6	C	verified	PMC12454217 MOESM2 (S-nitrosylation column)	Novel proteomics workflow paper; TAIR locus -> UniProt mapped, coordinate-verified in registered proteome v2
AT5G62880	arabidopsis	11	s-nitrosylation	A0A1P8BCM4	C	verified	PMC12454217 MOESM2 (S-nitrosylation column)	Novel proteomics workflow paper; TAIR locus -> UniProt mapped, coordinate-verified in registered proteome v2
AT5G62930	arabidopsis	194	s-nitrosylation	A0A1P8BGN5	C	verified	PMC12454217 MOESM2 (S-nitrosylation column)	Novel proteomics workflow paper; TAIR locus -> UniProt mapped, coordinate-verified in registered proteome v2
AT5G63060	arabidopsis	59	s-nitrosylation	F4K975	C	verified	PMC12454217 MOESM2 (S-nitrosylation column)	Novel proteomics workflow paper; TAIR locus -> UniProt mapped, coordinate-verified in registered proteome v2
AT5G63310	arabidopsis	122	s-nitrosylation	O64903	C	verified	PMC12454217 MOESM2 (S-nitrosylation column)	Novel proteomics workflow paper; TAIR locus -> UniProt mapped, coordinate-verified in registered proteome v2
AT5G63420	arabidopsis	125	s-nitrosylation	Q84W56	C	verified	PMC12454217 MOESM2 (S-nitrosylation column)	Novel proteomics workflow paper; TAIR locus -> UniProt mapped, coordinate-verified in registered proteome v2
AT5G63490	arabidopsis	170	s-nitrosylation	Q9FMV3	C	verified	PMC12454217 MOESM2 (S-nitrosylation column)	Novel proteomics workflow paper; TAIR locus -> UniProt mapped, coordinate-verified in registered proteome v2
AT5G63510	arabidopsis	110	s-nitrosylation	F4KAQ8	C	verified	PMC12454217 MOESM2 (S-nitrosylation column)	Novel proteomics workflow paper; TAIR locus -> UniProt mapped, coordinate-verified in registered proteome v2
AT5G63570	arabidopsis	138	s-nitrosylation	P42799	C	verified	PMC12454217 MOESM2 (S-nitrosylation column)	Novel proteomics workflow paper; TAIR locus -> UniProt mapped, coordinate-verified in registered proteome v2
AT5G63620	arabidopsis	110	s-nitrosylation	A0A1P8BEP1	C	verified	PMC12454217 MOESM2 (S-nitrosylation column)	Novel proteomics workflow paper; TAIR locus -> UniProt mapped, coordinate-verified in registered proteome v2
AT5G63680	arabidopsis	26	s-nitrosylation	Q0WN17	C	verified	PMC12454217 MOESM2 (S-nitrosylation column)	Novel proteomics workflow paper; TAIR locus -> UniProt mapped, coordinate-verified in registered proteome v2
AT5G63800	arabidopsis	117	s-nitrosylation	Q9FFN4	C	verified	PMC12454217 MOESM2 (S-nitrosylation column)	Novel proteomics workflow paper; TAIR locus -> UniProt mapped, coordinate-verified in registered proteome v2
AT5G63840	arabidopsis	499	s-nitrosylation	A0A1P8BAU5	C	verified	PMC12454217 MOESM2 (S-nitrosylation column)	Novel proteomics workflow paper; TAIR locus -> UniProt mapped, coordinate-verified in registered proteome v2
AT5G63860	arabidopsis	127	s-nitrosylation	Q9FN03	C	verified	PMC12454217 MOESM2 (S-nitrosylation column)	Novel proteomics workflow paper; TAIR locus -> UniProt mapped, coordinate-verified in registered proteome v2
AT5G63870	arabidopsis	103	s-nitrosylation	Q9FN02	C	verified	PMC12454217 MOESM2 (S-nitrosylation column)	Novel proteomics workflow paper; TAIR locus -> UniProt mapped, coordinate-verified in registered proteome v2
AT5G63890	arabidopsis	201	s-nitrosylation	Q9C5U8	C	verified	PMC12454217 MOESM2 (S-nitrosylation column)	Novel proteomics workflow paper; TAIR locus -> UniProt mapped, coordinate-verified in registered proteome v2
AT5G63980	arabidopsis	119	s-nitrosylation	Q42546	C	verified	PMC12454217 MOESM2 (S-nitrosylation column)	Novel proteomics workflow paper; TAIR locus -> UniProt mapped, coordinate-verified in registered proteome v2
AT5G64040	arabidopsis	126	s-nitrosylation	F4KC80	C	verified	PMC12454217 MOESM2 (S-nitrosylation column)	Novel proteomics workflow paper; TAIR locus -> UniProt mapped, coordinate-verified in registered proteome v2
AT5G64050	arabidopsis	157	s-nitrosylation	Q9FEA2	C	verified	PMC12454217 MOESM2 (S-nitrosylation column)	Novel proteomics workflow paper; TAIR locus -> UniProt mapped, coordinate-verified in registered proteome v2
AT5G64250	arabidopsis	40	s-nitrosylation	Q9FMG0	C	verified	PMC12454217 MOESM2 (S-nitrosylation column)	Novel proteomics workflow paper; TAIR locus -> UniProt mapped, coordinate-verified in registered proteome v2
AT5G64270	arabidopsis	1000	s-nitrosylation	Q9FMF9	C	verified	PMC12454217 MOESM2 (S-nitrosylation column)	Novel proteomics workflow paper; TAIR locus -> UniProt mapped, coordinate-verified in registered proteome v2
AT5G64300	arabidopsis	384	s-nitrosylation	P47924	C	verified	PMC12454217 MOESM2 (S-nitrosylation column)	Novel proteomics workflow paper; TAIR locus -> UniProt mapped, coordinate-verified in registered proteome v2
AT5G64370	arabidopsis	153	s-nitrosylation	Q8H183	C	verified	PMC12454217 MOESM2 (S-nitrosylation column)	Novel proteomics workflow paper; TAIR locus -> UniProt mapped, coordinate-verified in registered proteome v2
AT5G64410	arabidopsis	726	s-nitrosylation	Q0WUW4	C	verified	PMC12454217 MOESM2 (S-nitrosylation column)	Novel proteomics workflow paper; TAIR locus -> UniProt mapped, coordinate-verified in registered proteome v2
AT5G64430	arabidopsis	93	s-nitrosylation	Q7EGD0	C	verified	PMC12454217 MOESM2 (S-nitrosylation column)	Novel proteomics workflow paper; TAIR locus -> UniProt mapped, coordinate-verified in registered proteome v2
AT5G64440	arabidopsis	241	s-nitrosylation	Q7XJJ7	C	verified	PMC12454217 MOESM2 (S-nitrosylation column)	Novel proteomics workflow paper; TAIR locus -> UniProt mapped, coordinate-verified in registered proteome v2
AT5G64460	arabidopsis	142	s-nitrosylation	Q9FGF0	C	verified	PMC12454217 MOESM2 (S-nitrosylation column)	Novel proteomics workflow paper; TAIR locus -> UniProt mapped, coordinate-verified in registered proteome v2
AT5G64570	arabidopsis	341	s-nitrosylation	A0A1P8BFA0	C	verified	PMC12454217 MOESM2 (S-nitrosylation column)	Novel proteomics workflow paper; TAIR locus -> UniProt mapped, coordinate-verified in registered proteome v2
AT5G64580	arabidopsis	348	s-nitrosylation	F4KF14	C	verified	PMC12454217 MOESM2 (S-nitrosylation column)	Novel proteomics workflow paper; TAIR locus -> UniProt mapped, coordinate-verified in registered proteome v2
AT5G64760	arabidopsis	234	s-nitrosylation	F4KF39	C	verified	PMC12454217 MOESM2 (S-nitrosylation column)	Novel proteomics workflow paper; TAIR locus -> UniProt mapped, coordinate-verified in registered proteome v2
AT5G64840	arabidopsis	323	s-nitrosylation	Q9LV93	C	verified	PMC12454217 MOESM2 (S-nitrosylation column)	Novel proteomics workflow paper; TAIR locus -> UniProt mapped, coordinate-verified in registered proteome v2
AT5G65010	arabidopsis	168	s-nitrosylation	Q9LV77	C	verified	PMC12454217 MOESM2 (S-nitrosylation column)	Novel proteomics workflow paper; TAIR locus -> UniProt mapped, coordinate-verified in registered proteome v2
AT5G65020	arabidopsis	111	s-nitrosylation	Q9XEE2	C	verified	PMC12454217 MOESM2 (S-nitrosylation column)	Novel proteomics workflow paper; TAIR locus -> UniProt mapped, coordinate-verified in registered proteome v2
AT5G65110	arabidopsis	279	s-nitrosylation	B9DG77	C	verified	PMC12454217 MOESM2 (S-nitrosylation column)	Novel proteomics workflow paper; TAIR locus -> UniProt mapped, coordinate-verified in registered proteome v2
AT5G65350	arabidopsis	111	s-nitrosylation	Q9FKQ3	C	verified	PMC12454217 MOESM2 (S-nitrosylation column)	Novel proteomics workflow paper; TAIR locus -> UniProt mapped, coordinate-verified in registered proteome v2
AT5G65410	arabidopsis	229	s-nitrosylation	Q9FKP8	C	verified	PMC12454217 MOESM2 (S-nitrosylation column)	Novel proteomics workflow paper; TAIR locus -> UniProt mapped, coordinate-verified in registered proteome v2
AT5G65430	arabidopsis	103	s-nitrosylation	F4KHY7	C	verified	PMC12454217 MOESM2 (S-nitrosylation column)	Novel proteomics workflow paper; TAIR locus -> UniProt mapped, coordinate-verified in registered proteome v2
AT5G65430	arabidopsis	103	s-nitrosylation	F4KHY7	C	verified	PMC12454217 MOESM2 (S-nitrosylation column)	Novel proteomics workflow paper; TAIR locus -> UniProt mapped, coordinate-verified in registered proteome v2
AT5G65460	arabidopsis	163	s-nitrosylation	A0A1P8BDP2	C	verified	PMC12454217 MOESM2 (S-nitrosylation column)	Novel proteomics workflow paper; TAIR locus -> UniProt mapped, coordinate-verified in registered proteome v2
AT5G65620	arabidopsis	625	s-nitrosylation	A0A1R7T3A4	C	verified	PMC12454217 MOESM2 (S-nitrosylation column)	Novel proteomics workflow paper; TAIR locus -> UniProt mapped, coordinate-verified in registered proteome v2
AT5G65720	arabidopsis	304	s-nitrosylation	O49543	C	verified	PMC12454217 MOESM2 (S-nitrosylation column)	Novel proteomics workflow paper; TAIR locus -> UniProt mapped, coordinate-verified in registered proteome v2
AT5G65730	arabidopsis	67	s-nitrosylation	Q0WUU2	C	verified	PMC12454217 MOESM2 (S-nitrosylation column)	Novel proteomics workflow paper; TAIR locus -> UniProt mapped, coordinate-verified in registered proteome v2
AT5G65750	arabidopsis	479	s-nitrosylation	Q7EP07	C	verified	PMC12454217 MOESM2 (S-nitrosylation column)	Novel proteomics workflow paper; TAIR locus -> UniProt mapped, coordinate-verified in registered proteome v2
AT5G65760	arabidopsis	246	s-nitrosylation	F4JXK0	C	verified	PMC12454217 MOESM2 (S-nitrosylation column)	Novel proteomics workflow paper; TAIR locus -> UniProt mapped, coordinate-verified in registered proteome v2
AT5G65780	arabidopsis	289	s-nitrosylation	Q0WQT2	C	verified	PMC12454217 MOESM2 (S-nitrosylation column)	Novel proteomics workflow paper; TAIR locus -> UniProt mapped, coordinate-verified in registered proteome v2
AT5G65840	arabidopsis	176	s-nitrosylation	F4JXL1	C	verified	PMC12454217 MOESM2 (S-nitrosylation column)	Novel proteomics workflow paper; TAIR locus -> UniProt mapped, coordinate-verified in registered proteome v2
AT5G65940	arabidopsis	203	s-nitrosylation	Q9LKJ1	C	verified	PMC12454217 MOESM2 (S-nitrosylation column)	Novel proteomics workflow paper; TAIR locus -> UniProt mapped, coordinate-verified in registered proteome v2
AT5G65950	arabidopsis	1097	s-nitrosylation	F4JXM9	C	verified	PMC12454217 MOESM2 (S-nitrosylation column)	Novel proteomics workflow paper; TAIR locus -> UniProt mapped, coordinate-verified in registered proteome v2
AT5G66040	arabidopsis	41	s-nitrosylation	Q39129	C	verified	PMC12454217 MOESM2 (S-nitrosylation column)	Novel proteomics workflow paper; TAIR locus -> UniProt mapped, coordinate-verified in registered proteome v2
AT5G66120	arabidopsis	241	s-nitrosylation	Q8VYV7	C	verified	PMC12454217 MOESM2 (S-nitrosylation column)	Novel proteomics workflow paper; TAIR locus -> UniProt mapped, coordinate-verified in registered proteome v2
AT5G66140	arabidopsis	74	s-nitrosylation	O24616	C	verified	PMC12454217 MOESM2 (S-nitrosylation column)	Novel proteomics workflow paper; TAIR locus -> UniProt mapped, coordinate-verified in registered proteome v2
AT5G66190	arabidopsis	88	s-nitrosylation	Q9FKW6	C	verified	PMC12454217 MOESM2 (S-nitrosylation column)	Novel proteomics workflow paper; TAIR locus -> UniProt mapped, coordinate-verified in registered proteome v2
AT5G66420	arabidopsis	10	s-nitrosylation	A0A1P8BA73	C	verified	PMC12454217 MOESM2 (S-nitrosylation column)	Novel proteomics workflow paper; TAIR locus -> UniProt mapped, coordinate-verified in registered proteome v2
AT5G66470	arabidopsis	337	s-nitrosylation	Q8VZ74	C	verified	PMC12454217 MOESM2 (S-nitrosylation column)	Novel proteomics workflow paper; TAIR locus -> UniProt mapped, coordinate-verified in registered proteome v2
AT5G66510	arabidopsis	83	s-nitrosylation	Q94AU7	C	verified	PMC12454217 MOESM2 (S-nitrosylation column)	Novel proteomics workflow paper; TAIR locus -> UniProt mapped, coordinate-verified in registered proteome v2
AT5G66530	arabidopsis	66	s-nitrosylation	Q7EAX1	C	verified	PMC12454217 MOESM2 (S-nitrosylation column)	Novel proteomics workflow paper; TAIR locus -> UniProt mapped, coordinate-verified in registered proteome v2
AT5G66570	arabidopsis	114	s-nitrosylation	P23321	C	verified	PMC12454217 MOESM2 (S-nitrosylation column)	Novel proteomics workflow paper; TAIR locus -> UniProt mapped, coordinate-verified in registered proteome v2
AT5G66720	arabidopsis	175	s-nitrosylation	Q9LVQ8	C	verified	PMC12454217 MOESM2 (S-nitrosylation column)	Novel proteomics workflow paper; TAIR locus -> UniProt mapped, coordinate-verified in registered proteome v2
AT5G66760	arabidopsis	77	s-nitrosylation	O82663	C	verified	PMC12454217 MOESM2 (S-nitrosylation column)	Novel proteomics workflow paper; TAIR locus -> UniProt mapped, coordinate-verified in registered proteome v2
AT5G66880	arabidopsis	160	s-nitrosylation	Q39193	C	verified	PMC12454217 MOESM2 (S-nitrosylation column)	Novel proteomics workflow paper; TAIR locus -> UniProt mapped, coordinate-verified in registered proteome v2
AT5G67030	arabidopsis	152	s-nitrosylation	Q9FGC7	C	verified	PMC12454217 MOESM2 (S-nitrosylation column)	Novel proteomics workflow paper; TAIR locus -> UniProt mapped, coordinate-verified in registered proteome v2
AT5G67360	arabidopsis	310	s-nitrosylation	O65351	C	verified	PMC12454217 MOESM2 (S-nitrosylation column)	Novel proteomics workflow paper; TAIR locus -> UniProt mapped, coordinate-verified in registered proteome v2
AT5G67380	arabidopsis	160	s-nitrosylation	Q08467	C	verified	PMC12454217 MOESM2 (S-nitrosylation column)	Novel proteomics workflow paper; TAIR locus -> UniProt mapped, coordinate-verified in registered proteome v2
AT5G67500	arabidopsis	170	s-nitrosylation	A0A2H1ZE94	C	verified	PMC12454217 MOESM2 (S-nitrosylation column)	Novel proteomics workflow paper; TAIR locus -> UniProt mapped, coordinate-verified in registered proteome v2
AT5G67530	arabidopsis	103	s-nitrosylation	Q9FJX0	C	verified	PMC12454217 MOESM2 (S-nitrosylation column)	Novel proteomics workflow paper; TAIR locus -> UniProt mapped, coordinate-verified in registered proteome v2
AT5G67630	arabidopsis	224	s-nitrosylation	F4K569	C	verified	PMC12454217 MOESM2 (S-nitrosylation column)	Novel proteomics workflow paper; TAIR locus -> UniProt mapped, coordinate-verified in registered proteome v2
ATCG00020	arabidopsis	18	s-nitrosylation	P83755	C	verified	PMC12454217 MOESM2 (S-nitrosylation column)	Novel proteomics workflow paper; TAIR locus -> UniProt mapped, coordinate-verified in registered proteome v2
ATCG00120	arabidopsis	194	s-nitrosylation	P56757	C	verified	PMC12454217 MOESM2 (S-nitrosylation column)	Novel proteomics workflow paper; TAIR locus -> UniProt mapped, coordinate-verified in registered proteome v2
ATCG00130	arabidopsis	159	s-nitrosylation	P56759	C	verified	PMC12454217 MOESM2 (S-nitrosylation column)	Novel proteomics workflow paper; TAIR locus -> UniProt mapped, coordinate-verified in registered proteome v2
ATCG00160	arabidopsis	58	s-nitrosylation	P56797	C	verified	PMC12454217 MOESM2 (S-nitrosylation column)	Novel proteomics workflow paper; TAIR locus -> UniProt mapped, coordinate-verified in registered proteome v2
ATCG00180	arabidopsis	323	s-nitrosylation	P56763	C	verified	PMC12454217 MOESM2 (S-nitrosylation column)	Novel proteomics workflow paper; TAIR locus -> UniProt mapped, coordinate-verified in registered proteome v2
ATCG00330	arabidopsis	90	s-nitrosylation	P56804	C	verified	PMC12454217 MOESM2 (S-nitrosylation column)	Novel proteomics workflow paper; TAIR locus -> UniProt mapped, coordinate-verified in registered proteome v2
ATCG00340	arabidopsis	559	s-nitrosylation	P56767	C	verified	PMC12454217 MOESM2 (S-nitrosylation column)	Novel proteomics workflow paper; TAIR locus -> UniProt mapped, coordinate-verified in registered proteome v2
ATCG00350	arabidopsis	573	s-nitrosylation	P56766	C	verified	PMC12454217 MOESM2 (S-nitrosylation column)	Novel proteomics workflow paper; TAIR locus -> UniProt mapped, coordinate-verified in registered proteome v2
ATCG00420	arabidopsis	55	s-nitrosylation	P56754	C	verified	PMC12454217 MOESM2 (S-nitrosylation column)	Novel proteomics workflow paper; TAIR locus -> UniProt mapped, coordinate-verified in registered proteome v2
ATCG00430	arabidopsis	139	s-nitrosylation	P56756	C	verified	PMC12454217 MOESM2 (S-nitrosylation column)	Novel proteomics workflow paper; TAIR locus -> UniProt mapped, coordinate-verified in registered proteome v2
ATCG00470	arabidopsis	6	s-nitrosylation	P09468	C	verified	PMC12454217 MOESM2 (S-nitrosylation column)	Novel proteomics workflow paper; TAIR locus -> UniProt mapped, coordinate-verified in registered proteome v2
ATCG00480	arabidopsis	63	s-nitrosylation	P19366	C	verified	PMC12454217 MOESM2 (S-nitrosylation column)	Novel proteomics workflow paper; TAIR locus -> UniProt mapped, coordinate-verified in registered proteome v2
ATCG00490	arabidopsis	172	s-nitrosylation	O03042	C	verified	PMC12454217 MOESM2 (S-nitrosylation column)	Novel proteomics workflow paper; TAIR locus -> UniProt mapped, coordinate-verified in registered proteome v2
ATCG00500	arabidopsis	387	s-nitrosylation	P56765	C	verified	PMC12454217 MOESM2 (S-nitrosylation column)	Novel proteomics workflow paper; TAIR locus -> UniProt mapped, coordinate-verified in registered proteome v2
ATCG00640	arabidopsis	15	s-nitrosylation	P56796	C	verified	PMC12454217 MOESM2 (S-nitrosylation column)	Novel proteomics workflow paper; TAIR locus -> UniProt mapped, coordinate-verified in registered proteome v2
ATCG00660	arabidopsis	107	s-nitrosylation	P56794	C	verified	PMC12454217 MOESM2 (S-nitrosylation column)	Novel proteomics workflow paper; TAIR locus -> UniProt mapped, coordinate-verified in registered proteome v2
ATCG00740	arabidopsis	61	s-nitrosylation	P56762	C	verified	PMC12454217 MOESM2 (S-nitrosylation column)	Novel proteomics workflow paper; TAIR locus -> UniProt mapped, coordinate-verified in registered proteome v2
ATCG00760	arabidopsis	27	s-nitrosylation	P62117	C	verified	PMC12454217 MOESM2 (S-nitrosylation column)	Novel proteomics workflow paper; TAIR locus -> UniProt mapped, coordinate-verified in registered proteome v2
ATCG00770	arabidopsis	131	s-nitrosylation	P56801	C	verified	PMC12454217 MOESM2 (S-nitrosylation column)	Novel proteomics workflow paper; TAIR locus -> UniProt mapped, coordinate-verified in registered proteome v2
ATCG00780	arabidopsis	21	s-nitrosylation	P56792	C	verified	PMC12454217 MOESM2 (S-nitrosylation column)	Novel proteomics workflow paper; TAIR locus -> UniProt mapped, coordinate-verified in registered proteome v2
ATCG00800	arabidopsis	105	s-nitrosylation	P56798	C	verified	PMC12454217 MOESM2 (S-nitrosylation column)	Novel proteomics workflow paper; TAIR locus -> UniProt mapped, coordinate-verified in registered proteome v2
ATCG00810	arabidopsis	54	s-nitrosylation	P56795	C	verified	PMC12454217 MOESM2 (S-nitrosylation column)	Novel proteomics workflow paper; TAIR locus -> UniProt mapped, coordinate-verified in registered proteome v2
ATCG00830	arabidopsis	32	s-nitrosylation	P56791	C	verified	PMC12454217 MOESM2 (S-nitrosylation column)	Novel proteomics workflow paper; TAIR locus -> UniProt mapped, coordinate-verified in registered proteome v2
ATCG01060	arabidopsis	11	s-nitrosylation	P62090	C	verified	PMC12454217 MOESM2 (S-nitrosylation column)	Novel proteomics workflow paper; TAIR locus -> UniProt mapped, coordinate-verified in registered proteome v2
ATCG01090	arabidopsis	74	s-nitrosylation	P56755	C	verified	PMC12454217 MOESM2 (S-nitrosylation column)	Novel proteomics workflow paper; TAIR locus -> UniProt mapped, coordinate-verified in registered proteome v2
ATCG01110	arabidopsis	40	s-nitrosylation	P56753	C	verified	PMC12454217 MOESM2 (S-nitrosylation column)	Novel proteomics workflow paper; TAIR locus -> UniProt mapped, coordinate-verified in registered proteome v2
ATCG01130	arabidopsis	472	s-nitrosylation	P56785	C	verified	PMC12454217 MOESM2 (S-nitrosylation column)	Novel proteomics workflow paper; TAIR locus -> UniProt mapped, coordinate-verified in registered proteome v2
ATCG01280	arabidopsis	152	s-nitrosylation	P56786	C	verified	PMC12454217 MOESM2 (S-nitrosylation column)	Novel proteomics workflow paper; TAIR locus -> UniProt mapped, coordinate-verified in registered proteome v2
ATMG00090	arabidopsis	109	s-nitrosylation	Q95749	C	verified	PMC12454217 MOESM2 (S-nitrosylation column)	Novel proteomics workflow paper; TAIR locus -> UniProt mapped, coordinate-verified in registered proteome v2
ATMG00160	arabidopsis	198	s-nitrosylation	P93285	C	verified	PMC12454217 MOESM2 (S-nitrosylation column)	Novel proteomics workflow paper; TAIR locus -> UniProt mapped, coordinate-verified in registered proteome v2
ATMG00510	arabidopsis	92	s-nitrosylation	P93306	C	verified	PMC12454217 MOESM2 (S-nitrosylation column)	Novel proteomics workflow paper; TAIR locus -> UniProt mapped, coordinate-verified in registered proteome v2
ATMG00640	arabidopsis	100	s-nitrosylation	Q04613	C	verified	PMC12454217 MOESM2 (S-nitrosylation column)	Novel proteomics workflow paper; TAIR locus -> UniProt mapped, coordinate-verified in registered proteome v2
